CustomerID,TotalCustomerSales,SalesRank
29818,989184.0819999999,1
29715,961675.8596,2
29722,954021.9235,3
30117,919801.8188,4
29614,901346.856,5
29639,887090.4106,6
29701,841866.5522,7
29617,834475.9271,8
29994,824331.7681999999,9
29646,820383.5466,10
29580,815914.2534,11
29827,801766.21,12
29497,789884.2937,13
29716,781073.7175,14
29913,757449.6804000001,15
30103,725867.1659,16
29957,718258.8109,17
29523,696703.605,18
29616,695242.2258,19
30048,678828.8377,20
29562,665292.3809999999,21
29772,660645.9404,22
29712,653973.7646,23
30107,650362.0535,24
29924,644168.1552,25
30050,631355.0743,26
29641,606819.6087,27
29966,605358.542,28
29997,604794.7839,29
29689,600077.2722,30
29486,584949.1308,31
29522,554388.9371,32
29705,543440.5911,33
30112,538333.4655,34
29546,534117.5619,35
30000,533078.2844,36
30074,516254.7953,37
29919,514317.52520000003,38
29507,502367.0397,39
29770,500181.7264,40
29559,499815.3125,41
29923,493816.8809,42
29624,486937.59369999997,43
29992,483162.6054,44
29901,481860.9122,45
29834,481357.9195,46
29825,475892.0433,47
30046,471689.9206,48
29690,470639.545,49
29707,469525.749,50
29734,469357.2899,51
29703,465429.5734,52
30049,461467.3178,53
29861,460174.8591,54
29844,452727.9318,55
29744,449330.81590000005,56
29950,449023.1024,57
29702,447403.49069999997,58
29888,445392.9589,59
29724,444336.9798,60
29940,443136.58540000004,61
29651,442256.8765,62
30067,442054.0945,63
29885,435986.1289,64
29714,432800.33520000003,65
29489,428350.5326,66
29955,421079.05799999996,67
29938,420767.7112,68
29637,407563.0075,69
29594,402874.3907,70
29987,402574.8569,71
29647,402240.7953,72
29998,399980.8799,73
29587,399672.8579,74
29929,393520.7995,75
29629,389437.6577,76
30094,381763.5549,77
29995,381607.9961,78
30109,378936.08869999996,79
29704,377088.6246,80
29692,366009.6535,81
29736,363872.0389,82
30043,360816.5491,83
29895,358195.771,84
29560,356524.0763,85
29853,350717.9904,86
29618,348640.9465,87
29783,348070.0746,88
29615,340396.32420000003,89
29904,340132.12679999997,90
29509,337311.2711,91
29792,331823.8605,92
29956,331231.2975,93
29896,330853.4536,94
29658,329150.8419,95
29910,329064.43299999996,96
29698,326883.5513,97
29515,326175.9828,98
30065,325324.054,99
29889,323176.2786,100
29996,322801.3294,101
29543,321014.9284,102
29564,320894.20499999996,103
29579,320244.2906,104
29796,318625.6048,105
29732,313985.4367,106
30118,313671.5352,107
29789,313549.3888,108
30111,311393.1457,109
30055,309440.2794,110
30113,307946.0796,111
29693,307800.8569,112
29601,302983.1192,113
29935,302690.5743,114
29793,302119.1881,115
30076,302061.1054,116
29525,298046.6089,117
29649,295434.8253,118
29836,291627.3902,119
29909,285873.6939,120
29822,281909.8552,121
29627,281414.838,122
30075,280716.3647,123
29891,279722.76639999996,124
29605,279225.9956,125
29710,277612.9119,126
29916,270690.6142,127
29499,264645.3146,128
29622,262408.3464,129
30095,257252.7645,130
29963,251643.95750000002,131
29488,249804.8673,132
29917,249384.5213,133
29947,248869.8958,134
29550,244854.0475,135
29843,243845.1788,136
30070,241374.5037,137
29549,238924.2599,138
29695,236341.6203,139
29786,236210.9015,140
29643,230789.189,141
29932,228053.1314,142
30083,225213.74599999998,143
29589,223583.8648,144
29557,222988.2625,145
29608,221704.253,146
29513,219040.5091,147
29880,218031.225,148
29921,217615.377,149
30116,211671.2674,150
29609,210334.4128,151
29738,210100.7797,152
29563,208806.1592,153
29521,208054.1284,154
29660,206276.9149,155
29746,205886.8086,156
29524,204728.08879999997,157
29954,202494.917,158
29727,201885.61570000002,159
29774,197614.4995,160
30105,195196.9483,161
29915,194043.45909999998,162
29625,191750.1446,163
29945,186803.4277,164
30051,185558.8316,165
29925,182777.7771,166
30071,181477.8617,167
29504,181006.1299,168
29828,178184.8558,169
29941,176701.5844,170
29561,175334.38559999998,171
29958,173851.93060000002,172
29725,173266.5894,173
29946,172785.8625,174
29582,172671.12410000002,175
29811,170328.55920000002,176
29706,169271.0046,177
29968,168144.53759999998,178
29942,167810.37039999999,179
29737,167690.1309,180
29898,167617.4199,181
29720,167479.4606,182
29787,167452.6003,183
30101,166847.2483,184
29645,166814.9731,185
30045,166384.0535,186
29795,166136.4831,187
30060,164824.0728,188
30059,164735.95919999998,189
29967,164650.482,190
29628,163865.48320000002,191
29511,163046.6378,192
30108,162979.1262,193
29528,162305.8093,194
29964,160410.3804,195
30044,159695.459,196
30056,158661.4517,197
29492,158025.1722,198
29842,156413.2374,199
29742,156366.7469,200
29937,155877.0993,201
29749,155077.5481,202
29748,150169.1642,203
29899,149592.9358,204
29552,148798.8482,205
30096,148385.9496,206
29484,147804.9208,207
29953,147426.0348,208
29500,147107.0296,209
29911,144435.8847,210
29551,143019.6297,211
29918,141699.989,212
29510,141133.3059,213
30009,140787.7392,214
29642,139680.91760000002,215
29685,136053.7081,216
29817,135766.4747,217
29922,132439.4619,218
30082,132423.90850000002,219
29595,131484.2996,220
29894,131237.7017,221
29931,130404.7884,222
30092,130063.1207,223
29739,128791.75,224
29907,127453.7862,225
29485,127379.7919,226
29534,127302.9333,227
29841,127265.1484,228
29699,126587.3691,229
29810,124014.59790000001,230
30004,122815.4725,231
30063,121147.8071,232
29592,121101.8185,233
29820,120813.0175,234
30097,120560.4446,235
30073,119292.92360000001,236
29821,119231.7975,237
29823,119150.4488,238
29776,116621.1333,239
30087,115500.1941,240
29892,114722.07669999999,241
30106,113981.9967,242
29846,113785.9264,243
29531,113172.072,244
29951,112703.67569999999,245
30093,111168.3274,246
30005,109753.0267,247
29496,107741.109,248
29571,107313.0962,249
29803,107198.4605,250
29809,106357.9807,251
29581,106288.0572,252
29928,103991.2657,253
29718,102216.0824,254
29824,99904.7516,255
30026,99688.7645,256
30100,99440.3238,257
30091,99385.9745,258
29906,98531.0126,259
29491,98273.5468,260
29883,98196.569,261
29696,97102.3608,262
29815,97031.2173,263
29981,96507.6623,264
29773,95924.0197,265
30090,93981.01860000001,266
29784,93888.44099999999,267
30011,93877.1811,268
29533,93332.0095,269
29684,92548.84939999999,270
29769,92300.5485,271
29912,92154.313,272
29717,88435.34090000001,273
29974,87227.3226,274
29661,86090.9919,275
30088,83314.8579,276
29794,80262.2493,277
29961,79847.8229,278
29807,77862.1397,279
29487,77585.195,280
30014,77287.5609,281
29865,77139.5923,282
29538,76266.9402,283
30020,74771.17540000001,284
29798,74645.4634,285
29620,74518.68830000001,286
29577,73278.6485,287
29740,72854.4681,288
29985,70217.2163,289
29666,69597.48790000001,290
29680,69588.44470000001,291
29972,69515.4239,292
29708,69381.6517,293
30030,68644.5658,294
30029,68384.4244,295
29761,68068.6803,296
29805,67712.4799,297
29539,67481.63,298
29544,66718.9124,299
30015,66640.35560000001,300
29877,66227.5116,301
29757,65505.3258,302
29526,63438.0774,303
29791,62725.1342,304
29570,61854.543099999995,305
29856,61405.031800000004,306
29653,61333.7327,307
29540,60010.9459,308
29655,59709.509099999996,309
29797,58808.153099999996,310
29731,58418.6364,311
30039,55823.3779,312
29780,55608.3548,313
29813,54905.1516,314
29667,53326.566399999996,315
29671,52748.2969,316
29558,51533.2559,317
30037,51183.5661,318
29975,51015.5565,319
29632,50997.8805,320
29778,50673.1856,321
29654,50149.2315,322
29586,50117.890400000004,323
29799,49614.9179,324
29659,49438.7051,325
29520,48061.472499999996,326
29664,48054.0631,327
29663,47094.0902,328
29675,46795.976,329
29598,46391.1048,330
29866,45690.8544,331
29721,45348.587700000004,332
29683,45316.8917,333
29873,45166.940500000004,334
29779,44581.9065,335
29656,44104.195900000006,336
29709,44065.4622,337
29897,43717.8009,338
29669,41979.0807,339
29596,41264.0391,340
29986,40188.4765,341
29677,39661.4212,342
29979,38649.3061,343
29830,38452.4651,344
29759,36756.071299999996,345
29633,36079.2038,346
30022,35940.1377,347
29982,35703.685900000004,348
29670,34882.524000000005,349
29634,34605.0,350
29973,34242.491,351
29762,33399.5723,352
29879,33364.2043,353
29781,33259.9208,354
29878,33032.3816,355
30047,32609.6356,356
29686,32409.8546,357
29869,31992.6547,358
29613,31727.7716,359
29506,31667.3341,360
29631,30395.4433,361
29970,30177.3446,362
30007,30113.5272,363
29566,29903.949800000002,364
29687,29798.490599999997,365
29678,28411.1304,366
29816,28309.9672,367
29969,28114.4842,368
29755,27968.3147,369
30034,27794.1107,370
29801,27421.8165,371
29635,26741.013,372
29874,25614.0199,373
30027,25454.6959,374
29673,25153.6109,375
29814,25064.6472,376
30019,24931.8214,377
29593,24927.7595,378
29988,24593.9994,379
29519,24584.3747,380
29871,24125.5655,381
29569,24082.9023,382
29553,23919.1909,383
29691,23094.0255,384
29984,22929.4604,385
29636,22534.956899999997,386
30052,21863.8998,387
29876,21560.4034,388
30035,21186.411799999998,389
29983,21069.780600000002,390
29747,20895.9208,391
29591,20867.0069,392
29574,20712.4174,393
29527,20366.105799999998,394
29804,20330.456400000003,395
29750,20326.273999999998,396
30054,19949.7654,397
29600,19798.5095,398
29572,19628.4772,399
29867,19502.5955,400
29976,19322.199,401
29610,18398.3255,402
29494,18275.104499999998,403
29800,18228.3542,404
29517,18084.8734,405
29745,17802.6999,406
29588,17361.1884,407
29837,17225.5661,408
29554,16912.9207,409
30013,16897.722,410
30017,16419.2646,411
29903,16240.964,412
29606,16030.152000000002,413
29568,15976.553,414
29535,15812.5851,415
29555,15378.0241,416
29711,15123.6669,417
29868,14812.7687,418
29890,14794.6375,419
12301,14691.395,420
12132,14690.1686,421
12308,14662.5435,422
12131,14658.9191,423
12300,14633.1836,424
12321,14603.2934,425
12124,14581.1824,426
12307,14556.375100000001,427
12296,14546.9273,428
29681,14400.5708,429
29977,14320.225900000001,430
11433,14265.1836,431
29626,14250.8476,432
29676,14203.9081,433
29518,13921.0304,434
29863,13862.1415,435
11439,13800.532500000001,436
30061,13647.442500000001,437
30042,13583.5227,438
29682,13525.1368,439
30028,13196.6562,440
29556,13147.5776,441
30114,13135.0333,442
30012,12778.5771,443
30021,12686.221099999999,444
11241,12673.4532,445
29808,12665.7725,446
30058,12543.4908,447
30008,12534.8796,448
29530,12455.7997,449
29730,12438.7096,450
11417,12429.5465,451
11420,12376.8506,452
11242,12230.149300000001,453
30003,12066.9183,454
29652,12049.8414,455
12655,12044.0802,456
29623,12019.4344,457
13263,12013.626400000001,458
12323,11974.7746,459
12333,11966.2882,460
12650,11949.061300000001,461
29962,11945.3244,462
12631,11933.4697,463
12632,11926.5635,464
12332,11922.4308,465
13405,11910.3642,466
11245,11691.2869,467
11246,11685.7397,468
11237,11675.85,469
30031,11670.4948,470
30024,11639.3708,471
11425,11634.1343,472
11429,11567.5595,473
29503,11542.255599999999,474
29597,11509.0757,475
29939,11399.2362,476
29948,11325.5993,477
30023,11245.176,478
11428,10999.4574,479
11427,10959.3791,480
11431,10953.843,481
11423,10944.992,482
11249,10928.7485,483
11412,10917.355899999999,484
14186,10824.9337,485
11421,10806.9444,486
29806,10778.51,487
29665,10758.4855,488
29688,10718.0322,489
13592,10713.7817,490
29529,10626.7121,491
13605,10624.2768,492
14185,10522.9178,493
13575,10451.2918,494
14192,10444.3634,495
13577,10442.6064,496
14200,10411.2134,497
13595,10376.5385,498
11432,10309.8707,499
29611,10277.0964,500
29508,10227.5269,501
29872,10196.196600000001,502
29764,10131.4774,503
30115,10033.8172,504
29590,10009.4832,505
29501,9945.16,506
13257,9880.1145,507
13258,9819.6158,508
29887,9686.130599999999,509
29679,9680.9447,510
29756,9619.5049,511
29602,9613.381300000001,512
12128,9592.6248,513
29753,9571.9115,514
29971,9549.7189,515
12125,9497.9277,516
12129,9455.9377,517
29864,9411.4058,518
13600,9348.5764,519
14427,9338.6424,520
30084,9336.9338,521
15106,9305.514500000001,522
14775,9286.7295,523
14429,9275.6905,524
15692,9273.4916,525
15097,9256.6846,526
13602,9255.789499999999,527
13583,9254.6955,528
13581,9254.143100000001,529
13585,9246.960500000001,530
14940,9246.1428,531
14939,9245.8666,532
14207,9239.2366,533
13584,9239.2255,534
13591,9232.5735,535
14830,9222.639500000001,536
15691,9217.1256,537
14425,9207.1916,538
13576,9205.523000000001,539
14181,9200.5727,540
15695,9198.2853,541
14183,9195.0476,542
14428,9195.0476,542
11767,9193.0587,544
14426,9192.8266,545
14189,9190.6387,546
14195,9189.5005,547
14198,9180.992,548
13590,9178.4616,549
15080,9177.3566,550
14191,9172.9477,551
15118,9172.9477,551
15354,9168.5055,553
11112,9165.9972,554
11766,9149.9305,555
12338,9132.8251,556
11101,9130.0847,557
11900,9123.9961,558
12003,9123.4326,559
11451,9115.6865,560
11995,9115.156200000001,561
11000,9115.1341,562
11058,9114.0622,563
11901,9114.0511,564
11986,9110.9792,565
11109,9110.7361,566
11120,9107.9515,567
29875,9104.4789,568
11446,9101.8961,569
11443,9099.6751,570
11762,9091.9511,571
11456,9088.0284,572
11054,9086.4372,573
11894,9086.4151,574
11343,9085.2991,575
11099,9078.669,576
11751,9077.5972,577
11904,9077.0226,578
12039,9075.365099999999,579
11977,9074.812600000001,580
11457,9073.6855,581
11007,9073.1551,582
11056,9069.2876,583
11918,9066.514,584
11080,9065.4422,585
12010,9064.8676,586
11897,9064.3372,587
11004,9056.5911,588
11147,9056.027600000001,589
12009,9056.0276,590
11072,9054.3701,591
11341,9052.160100000001,592
11899,9049.3976,593
11117,9044.414,594
11452,9042.2593,595
12000,9042.2151,596
11103,9041.6626,597
11093,9038.900099999999,598
11898,9037.8283,599
11916,9037.253700000001,600
11453,9035.563,601
11964,9031.7508,602
11450,9031.4524,603
11104,9031.1982,604
11969,9031.1872,605
11100,9030.6237,606
11919,9029.5297,607
11107,9028.9661,608
11077,9026.7782,609
11994,9026.7782,609
11952,9026.7451,611
11055,9025.6512,612
11914,9023.3859,613
11472,9023.2312,614
11070,9022.9328,615
11990,9021.2311,616
11754,9020.7008,617
11333,9020.4576,618
11337,9019.0101,619
11394,9018.9769,620
11381,9017.9272,621
11076,9015.7393,622
11465,9014.6343,623
11095,9014.6011,624
11491,9014.6011,624
11920,9012.7337,626
11905,9012.358,627
11334,9010.1922,628
11060,9009.0872,629
11967,9009.0872,629
11906,9006.8551,631
11761,9005.1865,632
11895,9004.6893,633
11750,9003.5622,634
12002,9000.5897,635
11765,8998.0483,636
11482,8998.048200000001,637
11915,8998.0151,638
11455,8996.943299999999,639
11459,8996.1697,640
11989,8994.1808,641
11003,8993.9155,642
11768,8993.639299999999,643
11460,8991.9597,644
12337,8991.3961,645
11111,8991.3851,646
11444,8990.3022,647
11907,8989.539700000001,648
11011,8987.0093,649
11448,8985.8711,650
11052,8985.1087,651
11993,8985.1087,651
11449,8984.0037,653
11061,8982.5672,654
11124,8982.5672,654
11764,8982.5672,654
11464,8982.0036,657
11991,8981.4622,658
11489,8980.8986,659
11108,8977.0643,660
11893,8975.9483,661
11992,8975.948199999999,662
11005,8974.0698,663
11917,8974.0698,663
11344,8972.3901,665
11006,8971.5283,666
11892,8971.5283,666
11896,8970.357,668
11462,8968.5447,669
11002,8966.014299999999,670
11398,8966.014299999999,670
12004,8966.014299999999,670
11910,8964.8983,673
12001,8964.8761,674
11092,8961.5722,675
11903,8959.3843,676
11008,8957.472600000001,677
11909,8956.3676,678
11069,8954.9754,679
11097,8949.4282,680
11445,8948.323199999999,681
11105,8946.0691,682
11912,8945.3287,683
11110,8942.7983,684
12302,8941.5381,685
11009,8940.9197,686
11488,8939.814699999999,687
11454,8938.389299999999,688
11461,8938.389299999999,688
11010,8937.2843,690
11057,8937.2843,690
11151,8936.4776,692
11976,8936.4776,692
11106,8927.3504,694
11908,8927.3504,694
11968,8927.3504,694
11353,8926.2122,697
11447,8926.2122,697
11756,8926.2122,697
11988,8926.2122,697
11075,8915.1733,701
11351,8915.1733,701
11963,8915.1733,701
12291,8915.0291,704
11096,8909.6593,705
11759,8899.7254,706
12298,8899.0177,707
12297,8864.9491,708
29775,8853.5804,709
12314,8837.7012,710
12130,8826.6403,711
29576,8792.733,712
12330,8766.4177,713
29771,8765.706,714
29944,8701.422199999999,715
13259,8678.106600000001,716
29952,8669.5054,717
29719,8614.0445,718
29812,8393.509,719
11240,8382.7842,720
29850,8381.6941,721
11238,8334.7609,722
29514,8324.8371,723
11239,8300.2629,724
13256,8281.842,725
29512,8265.899000000001,726
13255,8169.3295,727
12657,8159.4287,728
16589,8114.7775,729
29644,8095.666300000001,730
13406,8067.1078,731
13579,8061.0193,732
17221,8058.002700000001,733
13580,8050.5549,734
17114,8039.2729,735
15093,8028.5433,736
13264,8028.4439,737
13265,8021.8139,738
15095,8017.5044,739
17184,8014.951800000001,740
15623,8007.7915,741
16263,8003.912899999999,742
16823,8002.7968,743
13260,7999.713900000001,744
16196,7997.2829,745
17198,7992.8629,746
15357,7991.7689,747
16594,7990.6639,748
15085,7988.4539,749
19031,7985.15,750
16207,7985.1389,751
15676,7983.2715,752
15678,7981.790800000001,753
16821,7979.5918,754
13792,7973.7685,755
15116,7970.2104,756
13794,7969.3264,757
17214,7968.585999999999,758
14791,7967.9893,759
15675,7963.05,760
16831,7963.0389,761
16827,7961.9229,762
29851,7960.260200000001,763
16565,7960.044400000001,764
16206,7959.7018,765
15677,7956.9504,766
13261,7956.641100000001,767
18166,7956.4089,768
13606,7951.1161,769
16585,7947.591,770
11414,7946.906,771
11413,7944.6739,772
18173,7944.2318,773
15685,7943.149,774
17781,7942.043900000001,775
15932,7940.960999999999,776
16829,7939.8339,777
16828,7936.839400000001,778
17209,7936.5521,779
16822,7929.9,780
17183,7929.3254,781
11244,7929.2039,782
13693,7924.5960000000005,783
16261,7923.8114000000005,784
15625,7922.176100000001,785
11243,7916.4963,786
16204,7914.4411,787
13690,7914.0985,788
16567,7911.4686,789
13765,7903.0595,790
13777,7897.5124000000005,791
16830,7888.2415,792
13784,7887.6006,793
11247,7880.3187,794
16598,7880.197099999999,795
11250,7863.4564,796
15094,7855.3042000000005,797
12037,7853.3456,798
29599,7841.741400000001,799
29826,7834.8171999999995,800
14203,7825.016100000001,801
11422,7818.1734,802
11548,7810.4384,803
15082,7810.2312,804
16587,7805.2366999999995,805
11996,7799.8636,806
11485,7788.3716,807
18177,7783.1367,808
11999,7782.8135,809
14976,7779.876899999999,810
11997,7767.907,811
15626,7767.1252,812
12007,7761.277,813
11549,7761.266,814
13012,7754.2708,815
14773,7752.251899999999,816
17825,7752.1856,817
11496,7750.2381000000005,818
14790,7740.0527,819
16298,7735.9642,820
16603,7735.6106,821
15637,7734.527700000001,822
15084,7733.9973,823
14424,7733.743200000001,824
17199,7732.3067,825
16588,7729.0136999999995,826
16575,7729.0027,827
17811,7723.4888,828
15624,7723.4887,829
17225,7720.4942,830
11388,7720.3588,831
12005,7718.2152,832
18127,7715.1902,833
14931,7713.8421,834
17207,7712.4166000000005,835
15926,7711.3116,836
17192,7710.2287,837
15117,7706.8917,838
15697,7706.8696,839
17202,7706.3391,840
15687,7706.129199999999,841
11494,7706.0601,842
18141,7705.0131,843
15699,7701.3777,844
11400,7699.397,845
14031,7695.682199999999,846
15684,7694.1952,847
13625,7693.162899999999,848
11998,7693.1206,849
15928,7690.8912,850
11468,7690.6012,851
11387,7689.474099999999,852
11493,7689.474099999999,852
15086,7689.2227,854
12216,7685.7276999999995,855
17185,7684.8027,856
16826,7683.7088,857
15100,7682.6037,858
17203,7682.548500000001,859
17182,7680.4158,860
16205,7680.3827,861
16262,7679.277700000001,862
18126,7674.8687,863
15929,7673.7636999999995,864
17181,7673.7636999999995,864
15627,7672.6588,866
15101,7672.625599999999,867
16203,7668.5592,868
16824,7667.1448,869
19032,7667.1337,870
17103,7663.2662,871
15927,7660.8573,872
15933,7659.7302,873
18147,7658.3048,874
18135,7648.3488,875
16286,7647.2769,876
15114,7645.3542,877
16199,7643.9398,878
16307,7643.9398,878
17093,7643.9398,878
15702,7643.8845,881
12988,7641.5594,882
17220,7640.9121,883
18160,7640.6248,884
12335,7638.4211,885
12702,7636.7636,886
16309,7636.2047999999995,887
12222,7634.5537,888
13626,7634.5426,889
17218,7632.8566,890
18168,7632.845600000001,891
16448,7632.1163,892
13082,7631.560600000001,893
12348,7631.2276,894
14030,7630.544,895
15693,7629.5859,896
18136,7629.5858,897
12685,7629.0397,898
13407,7629.0286,899
12239,7626.0688,900
16595,7626.027700000001,901
17191,7619.6519,902
13104,7618.3559000000005,903
12684,7616.8515,904
12703,7614.6857,905
12215,7614.256300000001,906
16297,7613.0219,907
13629,7612.4647,908
13955,7611.7259,909
12647,7609.6911,910
13132,7603.0833,911
12680,7602.5087,912
13965,7593.9906,913
11609,7593.6797,914
13616,7593.6244,915
13960,7593.2723000000005,916
13122,7592.9298,917
18158,7590.921899999999,918
12701,7589.625900000001,919
12688,7588.5208,920
14941,7586.455,921
12339,7586.332899999999,922
13091,7585.7694,923
13644,7585.228,924
12346,7585.2279,925
12686,7585.2279,925
12658,7584.1009,927
13076,7582.662899999999,928
12700,7580.7858,929
12653,7580.3976,930
12676,7579.7029,931
14032,7579.6698,932
13959,7578.552299999999,933
12994,7575.2608,934
13139,7574.1669,935
12705,7573.7897,936
12706,7570.807699999999,937
12995,7569.8891,938
13078,7569.7579000000005,939
13620,7567.1155,940
12645,7566.7744,941
12689,7565.8463,942
12637,7563.8557,943
13251,7563.0822,944
13080,7563.0712,945
13075,7562.553400000001,946
13646,7562.1762,947
13970,7561.667799999999,948
13103,7561.0712,949
13966,7560.5408,950
13622,7559.7798,951
13953,7559.0284,952
12341,7558.8832999999995,953
12999,7558.707899999999,954
12668,7557.6029,955
13160,7557.6029,955
12347,7557.2257,957
13958,7556.6954000000005,958
13632,7556.498,959
12342,7556.1206999999995,960
12644,7556.1206999999995,960
13113,7549.8127,962
13638,7549.4907,963
13636,7549.0944,964
14020,7549.0944,964
13051,7549.0724,966
13117,7548.7172,967
12674,7546.564,968
12990,7546.564,968
13119,7546.5419,970
12263,7546.4645,971
12630,7542.1329000000005,972
12210,7542.1219,973
13630,7541.326300000001,974
12317,7539.8787,975
13129,7539.5789,976
12693,7536.619000000001,977
13252,7536.6079,978
13411,7535.5028999999995,979
14038,7535.1257000000005,980
13011,7535.1147,981
12355,7534.0097000000005,982
12648,7533.4461,983
13128,7532.9378,984
12989,7532.9158,985
13631,7532.9158,985
13645,7532.9158,985
13126,7530.6616,988
12667,7528.4956999999995,989
13133,7528.4956999999995,989
12675,7528.110500000001,991
13090,7527.7222,992
13649,7527.4018,993
13404,7527.3907,994
13651,7527.3907,994
12356,7525.1918000000005,996
14033,7525.0055,997
12318,7523.0039,998
12996,7523.0039,998
14039,7522.9818,1000
13619,7522.9486,1001
13114,7522.231900000001,1002
13964,7521.1269,1003
11575,7520.7608,1004
29965,7520.249899999999,1005
12687,7520.044,1006
14045,7518.5617999999995,1007
12214,7518.3297,1008
13633,7517.4679,1009
12315,7517.4568,1010
12671,7516.3518,1011
12683,7515.601900000001,1012
13254,7515.2468,1013
13089,7514.4969,1014
12316,7513.3919000000005,1015
13000,7513.3919000000005,1015
13643,7513.3919000000005,1015
13001,7513.3683,1018
12699,7511.9318,1019
13130,7510.8489,1020
12354,7510.826800000001,1021
14949,7509.1381,1022
11612,7508.6057,1023
15059,7506.861800000001,1024
13647,7506.4289,1025
13408,7505.2907,1026
12328,7505.2797,1027
12350,7504.883400000001,1028
12669,7504.1637,1029
11568,7502.353,1030
12358,7500.4744,1031
12634,7500.4744,1031
12698,7499.3584,1033
11610,7499.0159,1034
11604,7498.6607,1035
12677,7497.9439999999995,1036
12670,7497.5668000000005,1037
12694,7497.5668000000005,1037
12681,7496.4618,1039
13115,7491.2572,1040
13637,7488.7268,1041
13253,7485.7669000000005,1042
13135,7484.3178,1043
13081,7483.2239,1044
12349,7483.212799999999,1045
13971,7483.201800000001,1046
11259,7481.5131,1047
12673,7478.7929,1048
13650,7478.7929,1048
11603,7477.6879,1050
13077,7477.1242999999995,1051
12353,7475.8330000000005,1052
13123,7475.8093,1053
13648,7475.8093,1053
13618,7473.278899999999,1055
13006,7472.1739,1056
12987,7469.214,1057
11263,7463.2364,1058
12340,7461.1018,1059
12640,7461.1018,1059
13079,7461.1018,1059
14146,7459.3689,1062
12360,7459.2801,1063
15056,7457.7003,1064
14846,7452.749900000001,1065
11191,7451.656,1066
13131,7444.5489,1067
15440,7443.8989,1068
14702,7436.1749,1069
14847,7431.7549,1070
29490,7431.0704,1071
11171,7421.7879,1072
11175,7415.1579,1073
14950,7414.097100000001,1074
14928,7410.759900000001,1075
14991,7410.759900000001,1075
14150,7409.677,1077
11090,7408.0085,1078
14984,7403.0249,1079
14843,7393.091,1080
15048,7393.091,1080
14771,7391.986,1082
11224,7387.577,1083
11252,7387.543900000001,1084
15062,7386.472,1085
14697,7386.461,1086
14160,7381.0686000000005,1087
14833,7380.9581,1088
14770,7380.947,1089
11257,7378.505,1090
15078,7376.5381,1091
14778,7374.2507000000005,1092
15077,7374.2507000000005,1092
15047,7369.875,1094
14525,7365.466,1095
14712,7359.9521,1096
14947,7357.731,1097
14937,7351.4435,1098
11261,7348.9131,1099
14157,7348.9131,1099
15051,7348.9131,1099
15453,7348.9131,1099
14929,7344.4710000000005,1103
15058,7336.736000000001,1104
11039,7333.421,1105
13841,7320.1831,1106
11046,7311.575199999999,1107
14171,7310.3486,1108
15923,7285.022,1109
11027,7283.6849,1110
11047,7273.4748,1111
11025,7267.364100000001,1112
11026,7266.2481,1113
14163,7256.5572,1114
11029,7254.6456,1115
15921,7236.9655,1116
29662,7226.5175,1117
13541,7223.0425000000005,1118
13771,7221.9375,1119
29854,7219.9268,1120
11018,7219.2745,1121
13540,7213.639,1122
11032,7210.7438999999995,1123
13822,7208.1471,1124
12805,7207.0532,1125
11044,7199.4066,1126
13782,7195.97,1127
29845,7194.1139,1128
13685,7193.2076,1129
13559,7192.1246,1130
12754,7186.0361,1131
13558,7182.7432,1132
12398,7181.0857,1133
11048,7180.5553,1134
14161,7179.4172,1135
13556,7179.417100000001,1136
11033,7177.2955,1137
13686,7175.0303,1138
12750,7173.361800000001,1139
11034,7172.9087,1140
12607,7170.908600000001,1141
13697,7166.6654,1142
14164,7165.604600000001,1143
13555,7165.317300000001,1144
12620,7161.5272,1145
11031,7158.8531,1146
11028,7154.4552,1147
14162,7153.4385999999995,1148
11030,7150.8087,1149
12621,7150.6871,1150
13607,7143.858200000001,1151
14713,7140.1896,1152
13560,7130.8193,1153
11035,7128.6977,1154
12510,7117.3272,1155
11038,7113.2498,1156
14774,7110.3878,1157
11017,7109.9127,1158
13770,7103.1943,1159
30102,7095.0671999999995,1160
29959,7093.4713,1161
11001,7054.1875,1162
29573,7004.481400000001,1163
29621,6997.2556,1164
15710,6979.7354,1165
15700,6903.5235,1166
15920,6903.5124,1167
15688,6874.7825,1168
19614,6870.0171,1169
20452,6803.1536,1170
18696,6795.2749,1171
18336,6790.3024000000005,1172
20622,6784.247,1173
18746,6779.2744999999995,1174
18338,6767.661,1175
18242,6764.489600000001,1176
18496,6764.489600000001,1176
19960,6762.721600000001,1178
18297,6762.147000000001,1179
28259,6761.0641,1180
17351,6760.047500000001,1181
18296,6760.047500000001,1181
19560,6760.047500000001,1181
20609,6760.047500000001,1181
20621,6760.047500000001,1181
28194,6756.8651,1186
18269,6755.0861,1187
19555,6752.213100000001,1188
18276,6747.793100000001,1189
18273,6745.1521,1190
18268,6742.92,1191
16740,6739.5056,1192
19970,6739.5056,1192
18240,6738.9310000000005,1194
18710,6738.9310000000005,1194
19794,6738.9310000000005,1194
18709,6738.8868,1197
19950,6738.8868,1197
18928,6735.0635,1199
19595,6735.0635,1199
17285,6732.9861,1201
18188,6732.9861,1201
18214,6732.9861,1201
18288,6732.9861,1201
18484,6732.9861,1201
19084,6732.9861,1201
19089,6732.9861,1201
19602,6732.9861,1201
19609,6732.9861,1201
19613,6732.9861,1201
20228,6732.9861,1201
20239,6732.9861,1201
20616,6732.9861,1201
20623,6732.9861,1201
16703,6730.102000000001,1215
16713,6730.102000000001,1215
18309,6730.102000000001,1215
18908,6730.102000000001,1215
19096,6730.102000000001,1215
19979,6730.102000000001,1215
17280,6728.997,1221
18207,6728.997,1221
18738,6728.997,1221
18747,6728.997,1221
19782,6728.997,1221
19790,6728.997,1221
20217,6728.997,1221
29619,6724.719,1228
20245,6724.577,1229
20444,6724.577,1229
17984,6721.9029,1231
16688,6719.6156,1232
18281,6719.6156,1232
18489,6719.6156,1232
11741,6717.5603,1235
11776,6717.5603,1235
20445,6716.9746,1237
19785,6714.6541,1238
11323,6712.3668,1239
16687,6708.002,1240
16743,6708.002,1240
16744,6708.002,1240
17502,6708.002,1240
18213,6708.002,1240
18277,6708.002,1240
18691,6708.002,1240
20242,6705.6373,1247
18255,6704.2561000000005,1248
20226,6704.2561000000005,1248
18485,6699.847100000001,1250
28243,6697.2172,1251
16693,6696.8526,1252
17051,6696.8526,1252
18706,6696.8526,1252
18931,6696.8526,1252
19568,6696.8526,1252
19956,6696.8526,1252
19978,6696.8526,1252
20220,6696.8526,1252
20612,6696.8526,1252
20615,6696.8526,1252
20629,6696.8526,1252
22995,6696.8526,1252
15614,6695.394,1264
11295,6694.3663,1265
18241,6694.3221,1266
18243,6694.3221,1266
18250,6694.3221,1266
19576,6694.3221,1266
19789,6694.3221,1266
19791,6694.3221,1266
20617,6694.3221,1266
16741,6692.5541,1273
18205,6692.5541,1273
18209,6692.5541,1273
18217,6692.5541,1273
18272,6692.5541,1273
18301,6692.5541,1273
18483,6692.5541,1273
18488,6692.5541,1273
18491,6692.5541,1273
18740,6692.5541,1273
19095,6692.5541,1273
19105,6692.5541,1273
19559,6692.5541,1273
19586,6692.5541,1273
19588,6692.5541,1273
19596,6692.5541,1273
19773,6692.5541,1273
19788,6692.5541,1273
19792,6692.5541,1273
19793,6692.5541,1273
19959,6692.5541,1273
19964,6692.5541,1273
19965,6692.5541,1273
19971,6692.5541,1273
19975,6692.5541,1273
20225,6692.5541,1273
20247,6692.5541,1273
20430,6692.5541,1273
20600,6692.5541,1273
20613,6692.5541,1273
20628,6692.5541,1273
18708,6692.4436000000005,1304
18724,6692.4436000000005,1304
19947,6692.4436000000005,1304
19958,6692.4436000000005,1304
22893,6692.4436000000005,1304
19607,6689.9132,1309
19611,6689.9132,1309
19787,6689.9132,1309
19949,6689.9132,1309
19963,6689.9132,1309
20227,6689.9132,1309
20451,6689.9132,1309
20606,6689.9132,1309
22903,6689.9132,1309
18731,6689.7364,1318
27645,6686.6975999999995,1319
28255,6686.6975999999995,1319
22112,6682.2887,1321
22252,6682.2887,1321
27663,6682.2887,1321
28031,6682.2887,1321
16742,6679.272000000001,1325
18210,6679.272000000001,1325
18222,6679.272000000001,1325
18249,6679.272000000001,1325
18725,6679.272000000001,1325
19795,6679.272000000001,1325
19977,6679.272000000001,1325
20219,6679.272000000001,1325
20448,6679.272000000001,1325
20620,6679.272000000001,1325
20627,6679.272000000001,1325
11325,6678.8411,1336
28288,6673.426600000001,1337
18219,6672.6089,1338
19099,6672.6089,1338
20626,6672.6089,1338
18248,6671.8685000000005,1341
18308,6671.8685000000005,1341
18494,6671.8685000000005,1341
19577,6671.8685000000005,1341
29914,6671.2946,1345
17353,6669.338100000001,1346
18208,6669.338100000001,1346
18251,6669.338100000001,1346
18260,6669.338100000001,1346
18335,6669.338100000001,1346
18692,6669.338100000001,1346
18694,6669.338100000001,1346
18718,6669.338100000001,1346
18736,6669.338100000001,1346
18909,6669.338100000001,1346
18930,6669.338100000001,1346
19093,6669.338100000001,1346
19556,6669.338100000001,1346
19628,6669.338100000001,1346
19957,6669.338100000001,1346
20221,6669.338100000001,1346
20246,6669.338100000001,1346
20253,6669.338100000001,1346
20447,6669.338100000001,1346
20608,6669.338100000001,1346
20614,6669.338100000001,1346
22996,6669.338100000001,1346
22268,6664.5976,1368
17309,6663.8241,1369
17315,6663.8241,1369
18238,6663.8241,1369
18239,6663.8241,1369
18246,6663.8241,1369
18303,6663.8241,1369
18482,6663.8241,1369
19772,6663.8241,1369
17286,6662.6749,1377
17310,6662.6749,1377
17354,6662.6749,1377
18212,6662.6749,1377
18284,6662.6749,1377
18302,6662.6749,1377
18490,6662.6749,1377
18493,6662.6749,1377
18695,6662.6749,1377
18929,6662.6749,1377
19102,6662.6749,1377
19558,6662.6749,1377
19612,6662.6749,1377
19967,6662.6749,1377
20213,6662.6749,1377
20256,6662.6749,1377
20258,6662.6749,1377
20259,6662.6749,1377
20446,6662.6749,1377
20456,6662.6749,1377
20625,6662.6749,1377
22785,6662.6749,1377
22895,6662.6749,1377
28063,6659.0725999999995,1400
28244,6659.0725999999995,1400
28152,6657.9787,1402
11707,6657.868200000001,1403
12050,6656.2217,1404
23057,6654.1112,1405
23074,6654.1112,1405
27651,6654.1112,1405
28068,6654.1112,1405
28099,6654.1112,1405
16702,6653.8902,1410
16745,6653.8902,1410
17279,6653.8902,1410
17308,6653.8902,1410
17329,6653.8902,1410
17352,6653.8902,1410
18218,6653.8902,1410
18220,6653.8902,1410
18244,6653.8902,1410
18245,6653.8902,1410
18252,6653.8902,1410
18254,6653.8902,1410
18275,6653.8902,1410
18307,6653.8902,1410
18337,6653.8902,1410
18469,6653.8902,1410
18470,6653.8902,1410
18486,6653.8902,1410
18487,6653.8902,1410
18495,6653.8902,1410
18693,6653.8902,1410
18716,6653.8902,1410
18735,6653.8902,1410
18737,6653.8902,1410
19083,6653.8902,1410
19094,6653.8902,1410
19561,6653.8902,1410
19594,6653.8902,1410
19621,6653.8902,1410
19783,6653.8902,1410
19784,6653.8902,1410
19786,6653.8902,1410
19797,6653.8902,1410
19948,6653.8902,1410
19951,6653.8902,1410
19966,6653.8902,1410
19968,6653.8902,1410
19974,6653.8902,1410
20238,6653.8902,1410
20244,6653.8902,1410
20450,6653.8902,1410
20610,6653.8902,1410
20611,6653.8902,1410
20624,6653.8902,1410
12843,6650.1774000000005,1454
17985,6648.4094000000005,1455
27919,6648.0447,1456
28193,6648.0447,1456
28224,6648.0447,1456
28250,6648.0447,1456
11299,6646.8403,1460
13511,6643.5142,1461
12018,6642.9728,1462
27636,6642.497600000001,1463
28078,6642.497600000001,1463
28131,6642.497600000001,1463
16310,6641.226900000001,1466
12079,6639.061100000001,1467
27668,6637.2489000000005,1468
22182,6636.983700000001,1469
28061,6636.983700000001,1469
12118,6634.641100000001,1471
16495,6632.4642,1472
16404,6632.3869,1473
17833,6629.3922999999995,1474
11282,6628.5967,1475
12755,6628.5857,1476
27615,6628.4641,1477
27616,6628.4641,1477
27918,6628.4641,1477
28240,6628.4641,1477
12041,6628.0442,1481
11539,6627.4917000000005,1482
12103,6627.4917000000005,1482
22121,6627.0497,1484
22233,6627.0497,1484
22881,6627.0497,1484
23113,6627.0497,1484
27606,6627.0497,1484
27646,6627.0497,1484
27662,6627.0497,1484
27667,6627.0497,1484
27669,6627.0497,1484
27671,6627.0497,1484
27920,6627.0497,1484
28065,6627.0497,1484
28066,6627.0497,1484
28067,6627.0497,1484
28070,6627.0497,1484
28076,6627.0497,1484
28156,6627.0497,1484
28158,6627.0497,1484
28190,6627.0497,1484
28191,6627.0497,1484
28264,6627.0497,1484
28268,6627.0497,1484
28285,6627.0497,1484
28296,6627.0497,1484
23114,6625.9337,1508
11796,6624.6961,1509
11934,6624.1657,1510
12083,6622.5524000000005,1511
12105,6622.5524000000005,1511
12143,6622.5524000000005,1511
14155,6622.5524000000005,1511
22232,6613.7676,1515
28038,6613.7676,1515
28196,6613.7676,1515
12784,6613.6682,1518
12084,6613.6571,1519
11854,6613.6461,1520
27623,6612.6184,1521
11270,6612.5632000000005,1522
11773,6612.032800000001,1523
12171,6612.032800000001,1523
12613,6612.032800000001,1523
12437,6611.4582,1526
12779,6608.154200000001,1527
12789,6608.1432,1528
12141,6607.0382,1529
22247,6606.364100000001,1530
22765,6606.364100000001,1530
28159,6606.364100000001,1530
15621,6605.4028,1533
11939,6604.2978,1534
12026,6604.2978,1534
13691,6604.2978,1534
14158,6604.2978,1534
14861,6604.2978,1534
22234,6603.8337,1539
22373,6603.8337,1539
27617,6603.8337,1539
27670,6603.8337,1539
28234,6603.8337,1539
28246,6603.8337,1539
28257,6603.8337,1539
11272,6602.6292,1546
12042,6602.6292,1546
12078,6602.6292,1546
12167,6602.6292,1546
12279,6601.5242,1550
16638,6601.5242,1550
11271,6600.4303,1552
11541,6600.4303,1552
11780,6600.4303,1552
11810,6600.4303,1552
12053,6600.4303,1552
12071,6600.4303,1552
12261,6600.4303,1552
13514,6600.4303,1552
13536,6600.4303,1552
16623,6600.4303,1552
16630,6600.4303,1552
11797,6599.8667000000005,1563
22109,6598.3197,1564
22251,6598.3197,1564
22889,6598.3197,1564
22901,6598.3197,1564
22976,6598.3197,1564
27621,6598.3197,1564
27625,6598.3197,1564
28030,6598.3197,1564
28071,6598.3197,1564
28154,6598.3197,1564
28297,6598.3197,1564
11671,6597.1042,1575
12030,6597.1042,1575
12418,6596.5407,1577
12198,6596.5186,1578
12221,6594.916300000001,1579
12285,6594.916300000001,1579
12395,6594.916300000001,1579
11925,6594.894200000001,1582
12254,6594.894200000001,1582
11688,6593.7892,1584
12219,6593.7892,1584
12886,6591.5682,1586
11307,6590.4632,1587
12265,6590.4632,1587
12711,6589.380300000001,1589
12094,6588.5847,1590
22120,6588.3858,1591
22877,6588.3858,1591
27641,6588.3858,1591
28062,6588.3858,1591
28064,6588.3858,1591
28083,6588.3858,1591
28155,6588.3858,1591
28247,6588.3858,1591
28273,6588.3858,1591
11727,6588.2753,1600
16494,6587.1261,1601
16496,6586.0542000000005,1602
15620,6585.4907,1603
11528,6585.479600000001,1604
11626,6584.407800000001,1605
12181,6584.407800000001,1605
12898,6584.407800000001,1605
11540,6583.789000000001,1608
11599,6582.7282,1609
14975,6582.7282,1609
11275,6580.529200000001,1611
11654,6580.529200000001,1611
11839,6580.529200000001,1611
12450,6580.529200000001,1611
13783,6580.529200000001,1611
11286,6579.4132,1616
11818,6579.4132,1616
12208,6579.4132,1616
11217,6578.3413,1619
11798,6578.3413,1619
11813,6578.3413,1619
11955,6578.3413,1619
12256,6578.3413,1619
12072,6576.054,1624
12189,6575.0042,1625
12220,6575.0042,1625
12033,6573.8992,1627
16352,6573.0815,1628
11216,6572.8053,1629
11297,6572.8053,1629
11326,6572.8053,1629
11623,6572.8053,1629
11663,6572.8053,1629
11664,6572.8053,1629
11666,6572.8053,1629
11815,6572.8053,1629
11872,6572.8053,1629
12169,6572.8053,1629
12769,6572.8053,1629
12885,6572.8053,1629
13515,6572.8053,1629
13680,6572.8053,1629
14793,6572.8053,1629
11745,6572.7942,1644
12494,6572.7942,1644
12707,6572.7942,1644
12804,6572.7942,1644
12819,6572.7942,1644
13563,6572.7942,1644
13570,6572.7942,1644
12108,6570.551100000001,1651
12121,6570.551100000001,1651
11324,6569.4792,1653
12160,6569.4792,1653
13572,6569.4792,1653
12142,6569.4571,1656
12163,6568.9267,1657
12446,6568.9267,1657
11189,6568.3632,1659
11529,6568.3521,1660
12770,6567.5676,1661
15046,6567.291300000001,1662
13542,6567.2803,1663
11267,6567.269200000001,1664
12774,6567.269200000001,1664
11705,6564.2968,1666
12780,6564.2968,1666
13821,6564.2968,1666
16624,6561.7663,1669
14832,6561.755300000001,1670
12153,6561.7442,1671
11302,6561.700000000001,1672
12152,6561.1917,1673
12373,6561.1917,1673
12058,6559.5011,1675
11525,6558.782800000001,1676
11617,6558.782800000001,1676
12052,6558.782800000001,1676
12200,6558.782800000001,1676
12452,6558.782800000001,1676
13567,6558.782800000001,1676
11630,6556.2524,1682
11933,6556.2524,1682
12023,6556.2524,1682
12075,6556.2524,1682
12762,6556.2524,1682
13679,6556.2524,1682
16629,6556.2524,1682
11290,6556.2413,1689
11816,6556.2413,1689
11831,6556.2413,1689
12116,6556.2413,1689
12178,6556.2413,1689
12188,6556.2413,1689
12523,6556.2413,1689
12709,6556.2413,1689
12841,6556.2413,1689
13678,6556.2413,1689
13846,6556.2413,1689
16636,6555.6778,1700
11601,6555.1032,1701
13564,6555.1032,1701
11319,6552.904200000001,1703
11515,6552.904200000001,1703
11629,6552.904200000001,1703
11665,6552.904200000001,1703
11830,6552.904200000001,1703
12059,6552.904200000001,1703
12109,6552.904200000001,1703
12112,6552.904200000001,1703
12155,6552.904200000001,1703
12172,6552.904200000001,1703
12180,6552.904200000001,1703
12882,6552.904200000001,1703
14159,6552.904200000001,1703
16656,6552.904200000001,1703
11809,6551.7992,1717
12173,6551.7992,1717
12761,6551.7992,1717
12474,6550.7163,1720
13772,6550.7163,1720
26057,6549.8986,1722
12485,6545.4565,1723
11837,6545.1692,1724
11873,6545.1692,1724
12280,6545.1692,1724
12618,6545.1692,1724
13504,6545.1692,1724
13543,6545.1692,1724
14777,6545.1692,1724
12817,6544.3957,1731
12913,6544.3957,1731
13552,6544.3957,1731
11266,6544.064200000001,1734
11298,6544.064200000001,1734
11606,6544.064200000001,1734
11281,6542.915,1737
11799,6542.915,1737
12156,6541.8653,1739
12435,6541.8653,1739
11534,6541.3017,1741
12520,6541.3017,1741
11535,6540.7271,1743
16347,6539.9426,1744
12614,6539.6553,1745
13513,6539.6553,1745
13546,6539.6553,1745
16348,6539.6553,1745
12901,6538.550300000001,1749
13845,6538.550300000001,1749
15087,6538.550300000001,1749
11327,6536.6718,1752
11516,6536.6718,1752
11536,6536.6718,1752
11742,6536.6718,1752
12448,6536.6718,1752
12749,6536.6718,1752
12830,6536.6718,1752
16616,6536.6718,1752
11777,6536.6607,1760
12904,6536.6607,1760
11625,6534.1413,1762
11775,6534.1413,1762
12440,6534.1413,1762
11607,6534.130300000001,1765
11772,6534.130300000001,1765
12016,6534.130300000001,1765
12027,6534.130300000001,1765
12082,6534.130300000001,1765
12162,6534.130300000001,1765
12179,6534.130300000001,1765
12186,6534.130300000001,1765
12772,6534.130300000001,1765
13661,6534.130300000001,1765
14792,6534.130300000001,1765
15668,6534.130300000001,1765
14831,6533.5667,1777
11945,6531.157800000001,1778
11954,6531.157800000001,1778
12025,6531.157800000001,1778
14165,6531.157800000001,1778
11227,6530.7932,1782
11292,6530.7932,1782
13537,6530.7932,1782
13767,6530.7932,1782
11708,6528.8926,1786
12120,6528.6274,1787
12164,6528.6274,1787
12170,6528.6274,1787
12881,6528.6274,1787
13820,6528.6274,1787
11278,6528.6163,1792
11593,6528.6163,1792
11834,6528.6163,1792
12104,6528.6163,1792
12187,6528.6163,1792
12206,6528.6163,1792
12209,6528.6163,1792
12211,6528.6163,1792
12423,6528.6163,1792
12480,6528.6163,1792
12549,6528.6163,1792
12756,6528.6163,1792
12771,6528.6163,1792
12773,6528.6163,1792
12820,6528.6163,1792
13538,6528.6163,1792
13545,6528.6163,1792
13548,6528.6163,1792
14776,6528.6163,1792
15619,6528.6163,1792
16639,6528.6163,1792
16661,6528.6163,1792
15925,6525.9202000000005,1814
11289,6525.5555,1815
11690,6524.1742,1816
12362,6524.1742,1816
14700,6524.1742,1816
12102,6523.025,1819
16350,6523.025,1819
11678,6520.1078,1821
11774,6520.1078,1821
11812,6520.1078,1821
11825,6520.1078,1821
11885,6520.1078,1821
12096,6520.1078,1821
12442,6520.1078,1821
12777,6520.1078,1821
12884,6520.1078,1821
13666,6520.1078,1821
14720,6520.1078,1821
15081,6520.1078,1821
16631,6520.1078,1821
16637,6520.1078,1821
16657,6520.1078,1821
11329,6517.5774,1836
11624,6517.5774,1836
11675,6517.5774,1836
11743,6517.5774,1836
11811,6517.5774,1836
11817,6517.5774,1836
11826,6517.5774,1836
12212,6517.5774,1836
12364,6517.5774,1836
12383,6517.5774,1836
12438,6517.5774,1836
12464,6517.5774,1836
12483,6517.5774,1836
12547,6517.5774,1836
12834,6517.5774,1836
12912,6517.5774,1836
12917,6517.5774,1836
13689,6517.5774,1836
15669,6517.5774,1836
16349,6517.5774,1836
16612,6517.5774,1836
16660,6517.5774,1836
11296,6516.7707,1858
11886,6516.7707,1858
12069,6516.7707,1858
16607,6516.7707,1858
11683,6516.439200000001,1862
11924,6516.439200000001,1862
12915,6515.29,1864
15088,6515.29,1864
11538,6514.2403,1866
11591,6514.2403,1866
12151,6514.2403,1866
15089,6514.2403,1866
16620,6514.2403,1866
12190,6509.0357,1871
11274,6506.505300000001,1872
11522,6506.505300000001,1872
11937,6506.505300000001,1872
12110,6506.505300000001,1872
12522,6506.505300000001,1872
12561,6506.505300000001,1872
12849,6506.505300000001,1872
13847,6506.505300000001,1872
15083,6506.505300000001,1872
29584,6504.8271,1881
12255,6500.9913,1882
12717,6500.9913,1882
12866,6500.9913,1882
29833,6496.4491,1885
11303,6492.4828,1886
11531,6492.4828,1886
11592,6492.4828,1886
11628,6492.4828,1886
12184,6492.4828,1886
12207,6492.4828,1886
12441,6492.4828,1886
12468,6492.4828,1886
12883,6492.4828,1886
14705,6492.4828,1886
11129,6489.9524,1896
11291,6489.9524,1896
11317,6489.9524,1896
11537,6489.9524,1896
11611,6489.9524,1896
11696,6489.9524,1896
11778,6489.9524,1896
11779,6489.9524,1896
11956,6489.9524,1896
11983,6489.9524,1896
12076,6489.9524,1896
12174,6489.9524,1896
12217,6489.9524,1896
12267,6489.9524,1896
12290,6489.9524,1896
13687,6489.9524,1896
14794,6489.9524,1896
16351,6489.9524,1896
16658,6489.9524,1896
16659,6489.9524,1896
26018,6485.2893,1916
26041,6476.383,1917
26114,6467.5982,1918
25990,6460.9793,1919
30053,6460.1327,1920
26096,6457.111800000001,1921
16393,6454.7167,1922
26056,6451.0453,1923
26058,6451.0453,1923
26061,6451.0453,1923
11380,6450.890600000001,1926
12123,6450.8113,1927
26066,6444.3822,1928
12133,6442.9011,1929
26091,6439.9732,1930
25872,6430.0503,1931
25924,6430.0503,1931
25962,6430.0503,1931
25974,6430.0503,1931
25980,6430.0503,1931
25982,6430.0503,1931
26090,6430.0503,1931
19997,6425.553,1938
25978,6423.4203,1939
25943,6417.8732,1940
19844,6417.7627,1941
25975,6416.7682,1942
16566,6416.0196,1943
18005,6414.3842,1944
17976,6410.527700000001,1945
26107,6409.3647,1946
25868,6406.8343,1947
26089,6406.8343,1947
26012,6402.4253,1949
26060,6402.4253,1949
26083,6402.4253,1949
26111,6402.4253,1949
26112,6402.4253,1949
26116,6402.4253,1949
25901,6401.320299999999,1955
25973,6401.320299999999,1955
26098,6401.320299999999,1955
17986,6398.9031,1958
16392,6393.9527,1959
17983,6391.7206,1960
25867,6391.386399999999,1961
25979,6391.386399999999,1961
26055,6391.386399999999,1961
25972,6387.994000000001,1964
29493,6387.5291,1965
18133,6387.4166000000005,1966
25903,6379.2093,1967
26097,6379.2093,1967
20034,6375.805899999999,1969
16426,6374.0407,1970
26011,6373.695299999999,1971
26070,6373.695299999999,1971
26075,6373.695299999999,1971
26082,6373.695299999999,1971
26084,6373.695299999999,1971
26106,6373.695299999999,1971
19830,6371.3417,1977
18139,6369.6924,1978
14214,6364.6545,1979
25891,6363.761399999999,1980
25976,6363.761399999999,1980
26042,6363.761399999999,1980
26110,6363.761399999999,1980
11332,6359.2419,1984
17964,6354.1507,1985
20182,6353.716899999999,1986
11338,6348.1698,1987
11335,6347.3963,1988
14219,6347.3628,1989
15924,6347.1228,1990
18130,6347.0841,1991
18140,6344.2553,1992
18125,6342.1448,1993
16424,6340.9128,1994
18134,6334.3766,1995
11395,6331.6169,1996
13967,6322.7087,1997
30104,6322.6323,1998
12287,6321.007,1999
16425,6319.1553,2000
13108,6319.119000000001,2001
13112,6318.2666,2002
13010,6316.7542,2003
14236,6309.8038,2004
19855,6309.5059,2005
13111,6306.4556,2006
18019,6305.5528,2007
13106,6295.7592,2008
14220,6294.2896,2009
20035,6292.9529999999995,2010
12998,6292.8626,2011
14064,6292.1017,2012
12608,6287.315500000001,2013
14234,6284.9302,2014
12271,6279.9135,2015
13109,6279.6026,2016
14235,6278.8306,2017
29991,6276.662899999999,2018
12460,6275.1937,2019
14063,6272.2559,2020
12873,6272.2448,2021
13007,6266.7198,2022
13118,6265.2376,2023
12277,6261.5042,2024
13517,6261.348,2025
12859,6261.1728,2026
14215,6260.8066,2027
12473,6260.0677,2028
12615,6257.8688,2029
12264,6257.5026,2030
14211,6257.5026,2030
14230,6256.3976999999995,2032
12612,6251.9887,2033
14226,6250.1449,2034
14216,6247.5797,2035
14261,6247.5797,2035
14262,6246.0563,2037
14058,6246.0342,2038
12486,6245.9002,2039
14218,6245.3255,2040
13050,6244.6309,2041
13107,6244.2426000000005,2042
14050,6243.5148,2043
12599,6242.376700000001,2044
13134,6242.0547,2045
14263,6240.9608,2046
14062,6240.9497,2047
13049,6240.1777,2048
12289,6238.6734,2049
13957,6237.9898,2050
14046,6237.9898,2050
14047,6236.1113000000005,2052
14238,6235.4026,2053
12991,6234.2976,2054
13554,6233.5809,2055
12874,6230.5864,2056
12560,6228.7726,2057
12609,6228.7726,2057
12394,6227.6787,2059
12559,6225.4687,2060
12623,6221.3802,2061
12284,6215.900900000001,2062
13551,6213.3247,2063
14210,6211.4699,2064
14224,6211.4462,2065
14070,6208.9158,2066
12459,6208.4863000000005,2067
14071,6207.7998,2068
14065,6197.4474,2069
14051,6195.6337,2070
12382,6194.917,2071
14225,6192.3297,2072
13553,6191.579900000001,2073
13105,6171.9204,2074
13110,6170.2519,2075
12283,6169.1137,2076
13038,6167.292,2077
12380,6155.0912,2078
12343,6152.5608,2079
29542,6104.5688,2080
14719,6091.0474,2081
29788,6040.9608,2082
16580,5999.8849,2083
13823,5959.6076,2084
29849,5959.037,2085
14714,5951.8395,2086
20429,5942.4138,2087
19592,5941.8392,2088
18739,5935.772800000001,2089
15931,5925.3305,2090
19557,5920.8553,2091
18701,5920.3028,2092
20241,5908.689200000001,2093
23486,5904.269200000001,2094
20216,5899.3078000000005,2095
30089,5894.0226,2096
18468,5893.2413,2097
18702,5893.2413,2097
18721,5893.2413,2097
18722,5893.2413,2097
18729,5893.2413,2097
19563,5893.2413,2097
20211,5893.2413,2097
20249,5893.2413,2097
20264,5893.2413,2097
22998,5888.8213000000005,2106
29835,5887.9998,2107
18700,5887.6942,2108
20284,5887.6942,2108
14300,5881.616300000001,2110
23378,5875.5392,2111
18698,5872.246300000001,2112
18703,5872.246300000001,2112
18726,5872.246300000001,2112
18767,5872.246300000001,2112
18768,5872.246300000001,2112
19562,5872.246300000001,2112
19601,5872.246300000001,2112
19605,5872.246300000001,2112
19652,5872.246300000001,2112
19653,5872.246300000001,2112
20260,5872.246300000001,2112
20261,5872.246300000001,2112
20283,5872.246300000001,2112
20427,5872.246300000001,2112
23137,5872.246300000001,2112
23376,5872.246300000001,2112
19598,5868.135700000001,2128
18699,5865.6053,2129
19565,5865.6053,2129
19593,5863.7268,2131
18769,5861.1963000000005,2132
20214,5861.1963000000005,2132
14716,5856.7874,2134
14667,5851.4262,2135
19564,5849.0303,2136
29713,5846.7427,2137
14049,5846.2011,2138
29498,5835.052000000001,2139
18467,5833.5824,2140
18697,5833.5824,2140
18723,5833.5824,2140
19599,5833.5824,2140
19615,5833.5824,2140
19616,5833.5824,2140
19620,5833.5824,2140
19631,5833.5824,2140
20215,5833.5824,2140
20236,5833.5824,2140
23592,5833.5824,2140
14276,5811.591,2151
12286,5806.640600000001,2152
11616,5805.2829,2153
15662,5804.6425,2154
12404,5803.1392000000005,2155
15657,5802.7308,2156
14012,5801.1597,2157
15632,5795.7914,2158
29859,5794.6949,2159
11550,5791.7783,2160
13974,5787.6913,2161
15133,5787.6913,2161
14672,5787.6803,2163
14286,5784.0100999999995,2164
12526,5778.463,2165
14323,5770.331700000001,2166
12402,5766.3301,2167
14264,5765.5913,2168
15120,5765.5566,2169
14668,5764.4421,2170
15130,5763.0152,2171
15661,5754.8843,2172
14326,5754.5081,2173
11615,5752.3092,2174
15653,5750.4864,2175
15121,5749.0163,2176
12463,5748.4528,2177
14310,5746.7289,2178
12619,5746.4511999999995,2179
14666,5745.9098,2180
12745,5745.6902,2181
14277,5742.3974,2182
15122,5739.0602,2183
30057,5734.4915,2184
14676,5733.1912,2185
13973,5730.1759999999995,2186
15127,5726.9163,2187
13968,5725.7781,2188
14681,5722.1301,2189
15129,5721.3913,2190
14055,5721.025100000001,2191
12281,5712.1409,2192
15660,5711.8224,2193
12492,5708.8812,2194
15638,5704.418900000001,2195
12381,5703.711300000001,2196
15652,5701.8885,2197
14275,5699.997,2198
29949,5696.577,2199
14325,5693.7316,2200
15134,5692.6392000000005,2201
12742,5688.8822,2202
14301,5682.7384,2203
14287,5681.2783,2204
14302,5680.506300000001,2205
14308,5680.1402,2206
12272,5679.4013,2207
13975,5678.2837,2208
14279,5677.1677,2209
15630,5675.6889,2210
12622,5674.6262,2211
14048,5661.732400000001,2212
15631,5660.2411,2213
12391,5659.1783,2214
14324,5659.1783,2214
12385,5656.2184,2216
14673,5655.1134,2217
12282,5648.1394,2218
12808,5648.1394,2218
14322,5648.1394,2218
14299,5645.1795,2221
11368,5642.3953,2222
13769,5619.5135,2223
11356,5601.5655,2224
13768,5595.1925,2225
11402,5590.559300000001,2226
12384,5587.4637999999995,2227
12462,5577.5299,2228
11363,5564.5702,2229
11930,5564.5702,2229
11358,5563.432,2231
11403,5561.6194000000005,2232
16551,5561.1999,2233
12461,5558.5253,2234
12292,5555.7835,2235
11360,5553.5091,2236
12807,5552.47,2237
11365,5552.3931,2238
11401,5548.061000000001,2239
22201,5538.5584,2240
29565,5537.2608,2241
11050,5533.0666,2242
16940,5532.4036,2243
16552,5510.403,2244
16313,5509.154399999999,2245
11484,5508.8445,2246
11481,5500.743399999999,2247
12390,5500.534900000001,2248
12299,5499.9824,2249
11547,5498.8995,2250
21567,5495.4745,2251
11126,5494.4689,2252
16416,5493.7065,2253
11479,5492.5237,2254
12397,5489.6823,2255
11483,5487.8606,2256
11372,5487.2201000000005,2257
11929,5487.187,2258
21569,5480.9769,2259
11359,5480.8774,2260
16400,5478.8994999999995,2261
16429,5478.8994999999995,2261
12806,5476.4334,2263
12738,5476.4113,2264
21561,5467.2970000000005,2265
11357,5462.8991,2266
15846,5462.3687,2267
12305,5459.1306,2268
21179,5453.9154,2269
21216,5453.9154,2269
11480,5453.5725,2271
16415,5448.4015,2272
16549,5448.4015,2272
21556,5448.4015,2272
11416,5445.5044,2275
21888,5442.766,2276
16409,5442.3129,2277
21393,5442.3129,2277
21974,5442.3129,2277
16442,5440.235500000001,2280
21951,5440.235500000001,2280
11364,5438.6112,2282
16291,5438.467500000001,2283
16532,5438.467500000001,2283
21201,5438.467500000001,2283
21875,5438.467500000001,2283
21891,5438.467500000001,2283
21892,5438.467500000001,2283
21999,5438.467500000001,2283
22207,5438.467500000001,2283
16412,5438.357,2291
16414,5435.8266,2292
21558,5435.8266,2292
21957,5435.8266,2292
15566,5428.279399999999,2295
11134,5427.5723,2296
21166,5425.1854,2297
21897,5425.1854,2297
22195,5425.1854,2297
13230,5420.3787,2300
16547,5415.2515,2301
21211,5415.2515,2301
21559,5415.2515,2301
21950,5415.2515,2301
21955,5415.2515,2301
22930,5415.2515,2301
15905,5413.4172,2307
13478,5412.6437000000005,2308
21403,5409.7375,2309
23396,5405.2291000000005,2310
23865,5405.2291000000005,2310
16572,5399.8036,2312
21205,5399.8036,2312
21557,5399.8036,2312
21882,5399.8036,2312
21945,5399.8036,2312
21948,5399.8036,2312
22193,5399.8036,2312
22857,5399.8036,2312
13729,5396.6212,2320
13728,5392.1791,2321
23267,5372.6095000000005,2322
19037,5368.4658,2323
13314,5363.9905,2324
28665,5362.123100000001,2325
15175,5359.6147,2326
15889,5357.0732,2327
13885,5353.5041,2328
23511,5351.6366,2329
15304,5351.514999999999,2330
14598,5347.094999999999,2331
13435,5346.343699999999,2332
19049,5346.3216,2333
13274,5345.7801,2334
24284,5345.2608,2335
13299,5343.006600000001,2336
13019,5342.9955,2337
13898,5342.9955,2337
12193,5340.4982,2339
23385,5336.476000000001,2340
23583,5336.476000000001,2340
23868,5336.476000000001,2340
24235,5336.476000000001,2340
24310,5336.476000000001,2340
13713,5335.2826000000005,2345
23281,5335.0616,2346
23283,5335.0616,2346
23306,5335.0616,2346
23351,5335.0616,2346
23397,5335.0616,2346
23725,5335.0616,2346
23730,5335.0616,2346
23731,5335.0616,2346
23842,5335.0616,2346
23846,5335.0616,2346
23866,5335.0616,2346
24342,5335.0616,2346
28298,5335.0616,2346
15391,5334.9511,2359
28662,5333.9456,2360
18457,5332.9842,2361
12986,5329.4261,2362
28666,5328.4316,2363
17922,5328.0007000000005,2364
16534,5326.6553,2365
12929,5326.4426,2366
13380,5326.4426,2366
13657,5325.3266,2368
13440,5324.475700000001,2369
12941,5324.2546999999995,2370
24332,5321.779500000001,2371
12122,5319.5143,2372
16000,5319.4148000000005,2373
11979,5319.204900000001,2374
15490,5318.9396,2375
13016,5318.718699999999,2376
13208,5318.718699999999,2376
13484,5318.718699999999,2376
13246,5318.7076,2379
15850,5318.4092,2380
12060,5316.7517,2381
12177,5316.7075,2382
13425,5315.3926,2383
13894,5315.3705,2384
12981,5314.840099999999,2385
29936,5314.3892,2386
23172,5314.376,2387
13329,5312.0776000000005,2388
13424,5312.0776000000005,2388
23164,5311.845600000001,2390
13086,5310.2101999999995,2391
12921,5307.679700000001,2392
13087,5307.679700000001,2392
13205,5307.6687,2394
14597,5307.6576000000005,2395
23209,5306.3316,2396
23819,5306.3316,2396
23829,5306.3316,2396
23830,5306.3316,2396
23867,5306.3316,2396
13452,5304.3315999999995,2401
12154,5302.3757000000005,2402
13142,5302.165800000001,2403
13401,5302.165800000001,2403
13420,5302.1547,2405
13249,5298.850700000001,2406
12926,5298.8176,2407
13221,5298.8176,2407
14478,5298.4861,2409
12935,5297.712600000001,2410
13402,5296.6296999999995,2411
15916,5296.5634,2412
24309,5296.3977,2413
28580,5296.3977,2413
28664,5296.3977,2413
15201,5296.2871,2416
17915,5295.9667,2417
11942,5295.4805,2418
15876,5291.8671,2419
13977,5291.3699,2420
17916,5290.4528,2421
13658,5290.3091,2422
16482,5286.0328,2423
30086,5282.5743999999995,2424
15395,5281.9221,2425
13093,5280.054700000001,2426
13369,5280.054700000001,2426
11944,5277.7784,2428
14436,5277.491099999999,2429
13565,5277.0712,2430
13896,5277.0712,2430
13978,5276.7065999999995,2432
14459,5276.3861,2433
12710,5275.3142,2434
13063,5274.5297,2435
13450,5274.5297,2435
11835,5273.3915,2437
29990,5271.543900000001,2438
16431,5270.1898,2439
13418,5268.6953,2440
16931,5268.3417,2441
13284,5268.1206999999995,2442
13189,5266.0212,2443
13361,5266.0212,2443
13873,5266.0212,2443
19048,5266.0212,2443
14041,5265.347100000001,2447
13909,5264.2420999999995,2448
12918,5263.4908,2449
13287,5263.4908,2449
13887,5263.4908,2449
19036,5263.4908,2449
16514,5261.7228000000005,2453
17909,5261.7228000000005,2453
15906,5260.9382000000005,2455
12950,5260.153700000001,2456
13088,5260.153700000001,2456
19073,5260.153700000001,2456
22904,5259.7918,2459
13345,5259.2586,2460
21969,5259.2172,2461
16526,5257.8553,2462
17478,5257.8553,2462
17733,5257.8553,2462
11739,5257.6232,2465
13176,5252.4187,2466
16519,5251.7888,2467
16525,5251.7888,2467
16527,5251.7888,2467
16529,5251.7888,2467
17732,5251.7888,2467
17735,5251.7888,2467
17912,5251.7888,2467
17923,5251.7888,2467
18331,5251.7888,2467
18332,5251.7888,2467
18452,5251.7888,2467
18462,5251.7888,2467
18465,5251.7888,2467
18766,5251.7888,2467
17730,5251.2142,2481
13660,5248.7611,2482
14605,5248.7611,2482
13366,5247.6892,2484
19070,5246.9047,2485
18461,5246.8053,2486
11947,5245.7666,2487
15997,5244.7058,2488
14281,5244.6615,2489
15362,5243.2471000000005,2490
17370,5240.727800000001,2491
17736,5240.727800000001,2491
14118,5239.1807,2493
22197,5238.7857,2494
13032,5238.3962,2495
13489,5238.3962,2495
12113,5234.9707,2497
13101,5233.3132000000005,2498
12011,5233.0702,2499
11943,5231.3906,2500
16515,5230.7938,2501
16516,5230.7938,2501
16524,5230.7938,2501
16929,5230.7938,2501
17904,5230.7938,2501
17913,5230.7938,2501
17917,5230.7938,2501
17918,5230.7938,2501
17919,5230.7938,2501
17920,5230.7938,2501
17924,5230.7938,2501
18458,5230.7938,2501
21225,5229.813099999999,2513
29760,5228.4196,2514
11984,5227.0036,2515
30069,5226.8256,2516
17728,5226.6832,2517
16520,5224.1528,2518
17927,5222.2743,2519
18463,5222.2743,2519
15187,5221.4786,2521
21968,5218.7852,2522
17726,5217.5117,2523
13343,5215.8984,2524
15567,5215.8984,2524
15363,5214.5393,2526
12114,5214.5171,2527
11328,5213.4343,2528
14606,5211.2022,2529
17926,5210.8486,2530
16476,5210.6193,2531
21555,5210.6193,2531
13908,5210.4397,2533
21944,5208.8513,2534
26014,5208.2297,2535
23858,5207.5778,2536
12089,5204.5832,2537
13328,5202.3622,2538
16559,5199.5581999999995,2539
21570,5199.5581999999995,2539
25951,5197.1576000000005,2541
15176,5196.8482,2542
16533,5196.1438,2543
21560,5196.1438,2543
21959,5196.1438,2543
25917,5193.3012,2546
26002,5192.7376,2547
26004,5192.1851,2548
16517,5192.1299,2549
16518,5192.1299,2549
16521,5192.1299,2549
16522,5192.1299,2549
16523,5192.1299,2549
16528,5192.1299,2549
16928,5192.1299,2549
17725,5192.1299,2549
17734,5192.1299,2549
17910,5192.1299,2549
17911,5192.1299,2549
17914,5192.1299,2549
17921,5192.1299,2549
17925,5192.1299,2549
18334,5192.1299,2549
18464,5192.1299,2549
11946,5190.5277,2565
16433,5189.6242999999995,2566
16436,5189.6242999999995,2566
16540,5189.6242999999995,2566
21219,5189.6242999999995,2566
21886,5189.6242999999995,2566
21958,5189.6242999999995,2566
22199,5186.7402,2572
13460,5185.8093,2573
16408,5185.635200000001,2574
21404,5176.2538,2575
22913,5176.2538,2575
26016,5175.0466,2577
13220,5174.1985,2578
15917,5170.3614,2579
16388,5164.6402,2580
16475,5164.6402,2580
21165,5164.6402,2580
22181,5164.6402,2580
22929,5164.6402,2580
25886,5164.0076,2585
25887,5164.0076,2585
26001,5164.0076,2585
22202,5162.2755,2588
16513,5159.7451,2589
21553,5156.4853,2590
21878,5153.4908,2591
21893,5153.4908,2591
21899,5153.4908,2591
22000,5153.4908,2591
22860,5153.4908,2591
21876,5153.0377,2596
21218,5150.960300000001,2597
21873,5150.960300000001,2597
22198,5150.960300000001,2597
22908,5150.960300000001,2597
16394,5149.192300000001,2601
16411,5149.192300000001,2601
16538,5149.192300000001,2601
21173,5149.192300000001,2601
21214,5149.192300000001,2601
21217,5149.192300000001,2601
21418,5149.192300000001,2601
21572,5149.192300000001,2601
21949,5149.192300000001,2601
21966,5149.192300000001,2601
21994,5149.192300000001,2601
22200,5149.192300000001,2601
22854,5149.192300000001,2601
22912,5149.192300000001,2601
16316,5149.0818,2615
21226,5149.0818,2615
21568,5149.0818,2615
21946,5149.0818,2615
25879,5147.9962,2619
25909,5147.9851,2620
25985,5147.9851,2620
26093,5146.8801,2622
19196,5146.8,2623
13273,5146.5735,2624
16390,5146.5514,2625
21167,5146.5514,2625
21183,5146.5514,2625
21394,5146.5514,2625
21895,5146.5514,2625
22850,5146.5514,2625
25889,5139.4766,2631
25878,5138.0622,2632
25895,5138.0622,2632
25916,5138.0622,2632
25964,5138.0622,2632
25969,5138.0622,2632
25998,5138.0622,2632
25993,5136.3826,2638
26003,5136.3826,2638
26094,5136.3826,2638
16327,5135.9102,2641
21169,5135.9102,2641
22921,5135.9102,2641
13319,5135.5014,2644
18626,5132.446,2645
25865,5131.4322,2646
25955,5131.4322,2646
29694,5131.394,2648
21885,5129.2471000000005,2649
19311,5127.4845000000005,2650
25987,5127.0122,2651
13866,5126.6614,2652
16389,5125.9763,2653
16430,5125.9763,2653
21874,5125.9763,2653
21987,5125.9763,2653
13359,5124.816000000001,2657
16432,5120.4623,2658
16560,5120.4623,2658
21203,5120.4623,2658
22194,5120.4623,2658
22845,5120.4623,2658
16422,5119.313099999999,2663
16451,5119.313099999999,2663
21202,5119.313099999999,2663
21562,5119.313099999999,2663
21947,5119.313099999999,2663
21956,5119.313099999999,2663
22180,5119.313099999999,2663
22196,5119.313099999999,2663
22851,5119.313099999999,2663
25863,5117.3766,2672
25876,5115.1224,2673
29548,5112.8067,2674
13468,5112.3074,2675
25994,5111.8516,2676
16391,5110.5284,2677
16466,5110.5284,2677
16548,5110.5284,2677
21168,5110.5284,2677
21215,5110.5284,2677
21402,5110.5284,2677
21408,5110.5284,2677
21552,5110.5284,2677
21571,5110.5284,2677
21877,5110.5284,2677
21889,5110.5284,2677
21894,5110.5284,2677
21943,5110.5284,2677
22203,5110.5284,2677
22905,5110.5284,2677
22906,5110.5284,2677
25977,5110.4372,2693
25984,5110.4372,2693
25986,5110.4372,2693
26050,5110.4372,2693
25910,5109.3322,2697
25997,5109.3322,2697
26005,5109.3322,2697
25888,5109.3212,2700
12975,5103.4785,2701
13348,5099.611,2702
13529,5099.419900000001,2703
26015,5099.3983,2704
13304,5096.8264,2705
19197,5093.7599,2706
13525,5090.9888,2707
13947,5088.572,2708
25866,5087.2212,2709
25970,5087.2212,2709
25905,5081.7072,2711
25942,5081.7072,2711
25952,5081.7072,2711
25996,5081.7072,2711
13173,5080.8039,2715
13907,5079.1906,2716
13431,5074.7153,2717
15600,5072.391600000001,2718
19884,5070.2373,2719
27250,5069.6954000000005,2720
13233,5069.2014,2721
13429,5068.671,2722
13997,5067.9164,2723
13152,5063.6764,2724
13456,5063.6764,2724
30033,5063.289900000001,2726
13064,5060.3171999999995,2727
13278,5059.267400000001,2728
13403,5059.267400000001,2728
13316,5057.068499999999,2730
13453,5057.068499999999,2730
13384,5053.7424,2732
13288,5053.7203,2733
13730,5050.9799,2734
13400,5048.195299999999,2735
13212,5043.764300000001,2736
13226,5043.764300000001,2736
28419,5043.7284,2738
19987,5043.7173,2739
13948,5041.046,2740
13355,5037.1785,2741
12949,5037.1674,2742
13174,5037.1674,2742
13202,5037.1674,2742
13280,5037.1674,2742
13325,5037.1674,2742
13895,5037.1674,2742
13462,5036.6039,2748
19988,5033.7944,2749
28394,5033.7944,2749
28395,5032.6784,2751
13733,5031.642400000001,2752
12980,5030.5374,2753
27459,5030.1018,2754
12934,5029.443499999999,2755
16308,5029.4324,2756
13520,5029.2524,2757
13526,5027.4844,2758
11598,5026.3131,2759
13247,5026.1174,2760
13905,5026.1174,2760
13911,5026.1174,2760
13949,5026.1174,2760
13385,5026.0953,2764
13912,5025.564899999999,2765
13353,5024.9902999999995,2766
13653,5024.2058,2767
13340,5023.9074,2768
27452,5021.639,2769
19874,5021.6173,2770
13357,5020.9349999999995,2771
29927,5020.0276,2772
13315,5018.3935,2773
27281,5017.219,2774
27294,5017.219,2774
11587,5017.118,2776
28393,5016.1034,2777
28418,5016.1034,2777
16287,5015.421,2779
13446,5012.890600000001,2780
13443,5012.8795,2781
13886,5012.8795,2781
13224,5012.316000000001,2783
19298,5011.4817,2784
28420,5010.5784,2785
13279,5009.5424,2786
13433,5009.5424,2786
13447,5009.5424,2786
13487,5009.5424,2786
13865,5009.5424,2786
19829,5009.4623,2791
27455,5008.931500000001,2792
27542,5008.931500000001,2792
13083,5008.437400000001,2794
13725,5008.437400000001,2794
13528,5006.7988000000005,2796
20023,5006.1694,2797
13527,5004.5873,2798
13524,5004.268400000001,2799
13994,5004.268400000001,2799
13324,5002.0947,2801
13449,5001.8074,2802
13910,5001.8074,2802
13382,5001.0339,2804
13700,5001.0339,2804
21266,5000.2005,2806
19058,4999.5532,2807
26695,4999.5279,2808
13161,4998.503500000001,2809
13378,4997.3652999999995,2810
13734,4997.3652999999995,2810
27092,4994.0028999999995,2812
27296,4992.909,2813
27570,4992.909,2813
26328,4992.5539,2815
26638,4992.5539,2815
13237,4990.7685,2817
13286,4990.7685,2817
13367,4990.7685,2817
13735,4990.7685,2817
26536,4989.0415,2821
27450,4989.0415,2821
27527,4989.0415,2821
13521,4988.8205,2824
12930,4987.796,2825
12922,4987.4313999999995,2826
13326,4985.265600000001,2827
13238,4985.2545,2828
13243,4985.2545,2828
13298,4985.2545,2828
13383,4985.2545,2828
13477,4985.2545,2828
13903,4985.2545,2828
13976,4985.2545,2828
16250,4985.2545,2828
15578,4983.4391,2836
26609,4982.975,2837
26610,4982.975,2837
27093,4982.975,2837
12947,4980.812400000001,2840
13269,4980.812400000001,2840
13807,4979.9699,2842
16696,4979.9699,2842
17064,4979.9699,2842
26708,4977.427900000001,2845
27540,4977.427900000001,2845
13225,4976.746,2847
13712,4976.746,2847
11346,4975.868399999999,2849
27017,4974.8628,2850
12942,4974.2155999999995,2851
13165,4974.2155999999995,2851
13190,4974.2155999999995,2851
13210,4974.2155999999995,2851
13214,4974.2155999999995,2851
13250,4974.2155999999995,2851
13438,4974.2155999999995,2851
13464,4974.2155999999995,2851
13904,4974.2155999999995,2851
13442,4973.4089,2860
13482,4973.4089,2860
13726,4973.4089,2860
13062,4973.0774,2863
13492,4973.0774,2863
13177,4970.878500000001,2865
13178,4970.878500000001,2865
13277,4970.878500000001,2865
13283,4970.878500000001,2865
13346,4970.878500000001,2865
13354,4970.878500000001,2865
13426,4970.878500000001,2865
13436,4970.878500000001,2865
13897,4970.878500000001,2865
26201,4970.7979,2874
17050,4968.3342,2875
19989,4967.5055,2876
20000,4967.5055,2876
20007,4967.5055,2876
12816,4965.8902,2879
27201,4964.3764,2880
13519,4964.1554,2881
13203,4963.1435,2882
13248,4963.1435,2882
15214,4962.4220000000005,2884
26245,4961.98,2885
26534,4961.98,2885
26611,4961.98,2885
26642,4961.98,2885
27096,4961.98,2885
27117,4961.98,2885
27273,4961.98,2885
27279,4961.98,2885
27407,4961.98,2885
27418,4961.98,2885
27427,4961.98,2885
27447,4961.98,2885
27460,4961.98,2885
27541,4961.98,2885
27568,4961.98,2885
27572,4961.98,2885
27573,4961.98,2885
16155,4960.973,2902
26342,4960.864,2903
26313,4958.3099,2904
26603,4958.3099,2904
12923,4957.6295,2906
16596,4957.6295,2906
11576,4957.4827000000005,2908
15588,4957.1055,2909
15789,4957.1055,2909
26301,4955.35,2911
27287,4955.35,2911
27571,4955.35,2911
26727,4952.7628,2914
27449,4952.7628,2914
17045,4951.206700000001,2916
17257,4951.206700000001,2916
17332,4951.206700000001,2916
29274,4949.9802,2919
13292,4949.121,2920
13702,4949.121,2920
13736,4949.121,2920
26325,4948.6979,2923
26718,4948.6979,2923
12863,4948.5764,2925
13351,4946.5905999999995,2926
13362,4946.5905999999995,2926
13419,4946.5905999999995,2926
13461,4946.5905999999995,2926
13724,4946.5905999999995,2926
12500,4945.2945,2931
21311,4942.1990000000005,2932
12218,4941.9685,2933
16663,4941.272800000001,2934
16691,4941.272800000001,2934
17229,4941.272800000001,2934
17312,4941.272800000001,2934
28885,4940.3331,2938
12237,4939.7806,2939
15227,4938.8619,2940
26532,4938.764,2941
27537,4938.764,2941
26491,4938.7293,2943
26539,4938.7293,2943
15586,4938.6535,2945
15215,4937.7569,2946
26247,4937.314899999999,2947
26338,4937.314899999999,2947
26490,4937.314899999999,2947
26530,4937.314899999999,2947
26537,4937.314899999999,2947
26540,4937.314899999999,2947
26602,4937.314899999999,2947
26684,4937.314899999999,2947
26703,4937.314899999999,2947
27103,4937.314899999999,2947
27104,4937.314899999999,2947
27199,4937.314899999999,2947
27274,4937.314899999999,2947
27446,4937.314899999999,2947
27453,4937.314899999999,2947
27539,4937.314899999999,2947
27543,4937.314899999999,2947
17326,4936.8749,2964
14827,4936.852800000001,2965
17046,4936.852800000001,2965
26723,4936.198899999999,2967
30085,4936.1176,2968
15716,4936.0994,2969
15180,4935.3606,2970
15152,4933.348,2971
26320,4933.25,2972
26324,4933.25,2972
26511,4933.25,2972
26538,4933.25,2972
26641,4933.25,2972
27097,4933.25,2972
27114,4933.25,2972
27116,4933.25,2972
27569,4933.25,2972
20051,4933.0184,2981
12860,4932.8176,2982
11410,4932.7955,2983
27439,4930.6849,2984
27521,4930.6849,2984
12827,4929.846600000001,2986
11546,4928.7195,2987
12736,4928.7195,2987
12846,4928.7195,2987
12856,4928.7195,2987
15596,4928.3423,2991
26292,4924.0328,2992
26319,4924.0328,2992
26487,4924.0328,2992
26694,4924.0328,2992
27574,4924.0328,2992
26339,4923.3161,2997
26650,4923.3161,2997
26705,4923.3161,2997
27106,4923.3161,2997
27107,4923.3161,2997
27195,4923.3161,2997
27291,4923.3161,2997
26293,4922.8836,3004
26728,4922.8836,3004
12270,4922.298000000001,3006
15785,4922.0564,3007
11572,4917.6585,3008
15722,4915.668,3009
15181,4915.459500000001,3010
15221,4914.896000000001,3011
12386,4914.3435,3012
27105,4914.0989,3013
27280,4914.0989,3013
27440,4914.0989,3013
15207,4913.2716,3016
15751,4913.2716,3016
15178,4911.7894,3018
15179,4911.6031,3019
14138,4910.8632,3020
11409,4910.6955,3021
15204,4910.6955,3021
15723,4910.6955,3021
15802,4910.6955,3021
15733,4910.1209,3025
13557,4909.9345,3026
15788,4909.9345,3026
17255,4908.6753,3028
26326,4908.5849,3029
26604,4908.5849,3029
26698,4908.5849,3029
26729,4908.5849,3029
27288,4908.5849,3029
27295,4908.5849,3029
15756,4907.7356,3035
11336,4907.7245,3036
12713,4907.7245,3036
15184,4907.7245,3036
14824,4907.5813,3039
12712,4907.3694,3040
12484,4907.347299999999,3041
15590,4906.2534,3042
12475,4904.4095,3043
12521,4904.4095,3043
20375,4904.4095,3043
11614,4904.0544,3046
11378,4902.2106,3047
12275,4901.0945,3048
21272,4901.0945,3048
15205,4899.2271,3050
26327,4898.651,3051
26649,4898.651,3051
27073,4898.651,3051
27074,4898.651,3051
17247,4898.1557,3055
28674,4895.2495,3056
15601,4894.673000000001,3057
15719,4894.673000000001,3057
12826,4893.3485,3059
12768,4891.5478,3060
16701,4891.5478,3060
17069,4891.5478,3060
17249,4891.5478,3060
17277,4891.5478,3060
15734,4891.1827,3065
17288,4890.9953000000005,3066
11379,4890.794400000001,3067
15808,4888.6065,3068
15587,4887.834500000001,3069
15799,4887.834500000001,3069
12213,4883.0594,3071
12825,4883.0594,3071
14149,4881.6138,3073
16712,4881.6138,3073
17056,4881.6138,3073
17065,4881.6138,3073
17071,4881.6138,3073
17079,4881.6138,3073
17293,4881.6138,3073
12766,4881.5917,3080
12276,4880.0995,3081
12495,4880.0995,3081
12501,4880.0995,3081
12546,4880.0995,3081
15589,4880.0995,3081
15725,4880.0995,3081
15754,4880.0995,3081
12229,4879.326,3088
15797,4879.326,3088
11406,4878.6173,3090
14838,4878.2657,3091
28871,4878.122,3092
12855,4877.8453,3093
15764,4876.7956,3094
11340,4876.4294,3095
16159,4874.8729,3096
12852,4874.562,3097
15717,4874.562,3097
15752,4871.6021,3099
20470,4871.6021,3099
20665,4871.4569,3101
13808,4869.4478,3102
14148,4869.4478,3102
14167,4869.4478,3102
16708,4869.4478,3102
20708,4869.0716,3106
11578,4869.060600000001,3107
12850,4869.060600000001,3107
12829,4868.6944,3109
13842,4867.2267,3110
17259,4867.2267,3110
11345,4866.5176,3112
11492,4866.5064999999995,3113
12735,4866.5064999999995,3113
15755,4866.5064999999995,3113
16169,4866.5064999999995,3113
16176,4866.5064999999995,3113
12479,4863.5577,3118
15225,4863.5577,3118
12228,4863.5466,3120
12266,4863.5466,3120
12487,4863.5466,3120
12230,4863.169400000001,3123
20483,4862.0644,3124
28840,4861.0056,3125
15218,4860.9815,3126
15219,4860.9815,3126
15753,4860.9815,3126
15800,4860.9815,3126
29238,4859.9006,3130
13778,4859.513800000001,3131
13789,4859.513800000001,3131
13790,4859.513800000001,3131
14137,4859.513800000001,3131
14139,4859.513800000001,3131
14140,4859.513800000001,3131
14147,4859.513800000001,3131
14541,4859.513800000001,3131
14709,4859.513800000001,3131
14769,4859.513800000001,3131
14797,4859.513800000001,3131
14822,4859.513800000001,3131
14834,4859.513800000001,3131
29279,4859.326,3144
12861,4855.4344,3145
12858,4855.0381,3146
15185,4855.0381,3146
15729,4855.0381,3146
28842,4854.906,3149
13561,4854.6609,3150
15726,4854.6609,3150
13774,4853.977800000001,3152
14823,4853.977800000001,3152
17295,4853.977800000001,3152
12839,4853.1802,3155
15171,4853.1802,3155
21348,4853.1802,3155
17320,4852.8728,3158
11570,4852.5077,3159
15170,4852.5077,3159
15182,4852.5077,3159
15226,4852.5077,3159
15597,4852.5077,3159
16157,4852.5077,3159
14800,4851.712500000001,3165
11571,4851.701,3166
29032,4850.497,3167
29111,4850.497,3167
29252,4850.497,3167
29255,4850.497,3167
17328,4848.4528,3171
17242,4847.8892000000005,3172
16180,4846.937,3173
16675,4845.4582,3174
17240,4845.4582,3174
29264,4844.972,3176
12857,4844.4065,3177
15192,4844.4065,3177
15220,4844.4065,3177
11590,4844.3955000000005,3180
12747,4844.3955000000005,3180
17048,4842.9388,3182
17241,4842.9388,3182
17248,4842.9388,3182
17278,4842.9388,3182
17299,4842.9388,3182
14789,4842.9278,3187
14801,4842.9278,3187
11583,4841.435600000001,3189
11613,4841.435600000001,3189
12225,4841.435600000001,3189
15135,4841.435600000001,3189
15801,4841.423000000001,3193
28673,4840.0106000000005,3194
13829,4839.9443,3195
13836,4839.9443,3195
14772,4839.9443,3195
14795,4839.9443,3195
17246,4839.9443,3195
15767,4838.8926,3200
15784,4838.8926,3200
11339,4838.8814999999995,3202
11582,4838.8814999999995,3202
12388,4838.8814999999995,3202
12499,4838.8814999999995,3202
12624,4838.8814999999995,3202
15150,4838.8814999999995,3202
16664,4837.4138,3208
16707,4837.4138,3208
12232,4835.9216,3210
15732,4835.9216,3210
15228,4834.4394,3212
29138,4833.944100000001,3213
29222,4833.944100000001,3213
21138,4830.373,3215
24666,4829.5241000000005,3216
28667,4829.5241000000005,3216
17510,4828.5628,3218
24759,4828.397,3219
11564,4827.8426,3220
11588,4827.8426,3220
13562,4827.8426,3220
15595,4827.8426,3220
15765,4827.8426,3220
15793,4827.8426,3220
16158,4827.8426,3220
15145,4827.4131,3227
15183,4827.4131,3227
24664,4827.281,3229
12226,4826.7044000000005,3230
12548,4826.7044000000005,3230
12813,4825.5552,3232
12854,4825.5552,3232
15585,4825.5552,3232
12378,4824.8827,3235
12867,4824.8827,3235
15143,4824.8827,3235
15223,4824.8827,3235
15757,4824.8827,3235
15786,4824.5055,3240
29167,4823.1483,3241
19454,4822.1076,3242
17256,4820.8278,3243
17504,4820.8278,3243
12833,4816.7705000000005,3245
15724,4816.7705000000005,3245
13795,4815.3138,3247
29960,4814.2344,3248
13844,4813.0596000000005,3249
14803,4813.0596000000005,3249
14819,4813.0596000000005,3249
16662,4813.0596000000005,3249
17294,4813.0596000000005,3249
28672,4812.9491,3254
28770,4812.9491,3254
28847,4812.9491,3254
28854,4812.9491,3254
28859,4812.9491,3254
28869,4812.9491,3254
29019,4812.9491,3254
29048,4812.9491,3254
29223,4812.9491,3254
29237,4812.9491,3254
29242,4812.9491,3254
29278,4812.9491,3254
24671,4811.8331,3266
12231,4811.2564999999995,3267
12853,4811.2564999999995,3267
19439,4806.6266000000005,3269
24496,4806.319100000001,3270
29128,4806.319100000001,3270
12764,4804.2749,3272
17047,4804.2749,3272
17049,4804.2749,3272
17055,4804.2749,3272
17232,4804.2749,3272
17233,4804.2749,3272
17258,4804.2749,3272
17334,4804.2749,3272
19476,4802.7923,3280
15591,4802.748,3281
11382,4800.2176,3282
11470,4800.2176,3282
11561,4800.2176,3282
11577,4800.2176,3282
11605,4800.2176,3282
15144,4800.2176,3282
15151,4800.2176,3282
15576,4800.2176,3282
16156,4800.2176,3282
24757,4799.667,3291
29168,4799.667,3291
29239,4799.667,3291
19438,4793.3776,3294
28678,4793.0039,3295
28844,4793.0039,3295
17824,4789.7441,3297
21980,4789.7441,3297
24431,4789.7331,3299
28841,4789.7331,3299
28870,4789.7331,3299
29011,4789.7331,3299
29166,4789.7331,3299
29174,4789.7331,3299
29175,4789.7331,3299
29201,4789.7331,3299
29203,4789.7331,3299
24344,4784.2191,3308
24392,4784.2191,3308
24418,4784.2191,3308
28769,4784.2191,3308
28828,4784.2191,3308
29236,4784.2191,3308
29258,4784.2191,3308
29275,4784.2191,3308
29276,4784.2191,3308
19365,4775.6866,3317
28671,4774.2852,3318
28845,4774.2852,3318
28846,4774.2852,3318
29004,4774.2852,3318
29044,4774.2852,3318
29202,4774.2852,3318
29204,4774.2852,3318
29221,4774.2852,3318
29225,4774.2852,3318
29261,4774.2852,3318
29265,4774.2852,3318
19339,4769.0676,3329
19420,4767.9406,3330
19340,4766.8466,3331
19364,4765.7637,3332
30064,4748.4513,3333
19453,4716.0277,3334
20993,4709.5543,3335
14945,4707.5653,3336
17513,4707.5653,3336
16944,4700.4601,3338
17779,4696.4793,3339
19325,4690.9662,3340
22951,4687.7526,3341
20160,4682.1282,3342
22178,4677.8187,3343
20818,4674.956700000001,3344
21192,4673.3987,3345
20816,4672.7357,3346
24598,4672.2826000000005,3347
22230,4666.6692,3348
16570,4662.3487000000005,3349
23408,4661.7962,3350
17741,4660.1166,3351
18906,4660.028200000001,3352
20823,4659.5088000000005,3353
14978,4651.1771,3354
17898,4650.1826,3355
21189,4650.1826,3355
22958,4650.1826,3355
23421,4650.1826,3355
22940,4649.0887,3359
23665,4649.0887,3359
24303,4649.0887,3359
20418,4649.0003,3362
15050,4647.8953,3363
17873,4644.6687,3364
17742,4639.1547,3365
21229,4639.1547,3365
21976,4639.1547,3365
23538,4639.1547,3365
23645,4639.1547,3365
16493,4637.9613,3370
20990,4636.8232,3371
17086,4634.7347,3372
17980,4634.7347,3372
22988,4634.7347,3372
14967,4634.6242,3375
24371,4634.1712,3376
20994,4631.8507,3377
14927,4630.2042,3378
22748,4628.0053,3379
21710,4626.8892000000005,3380
18902,4625.7842,3381
20814,4625.7842,3381
14979,4622.4692000000005,3383
16685,4622.4692000000005,3383
22114,4622.4692000000005,3383
20819,4620.8449,3386
24661,4620.8449,3386
17651,4619.1514,3388
17107,4618.1597,3389
17777,4618.1597,3389
22937,4618.1597,3389
22954,4618.1597,3389
23432,4618.1597,3389
23534,4618.1597,3389
23659,4618.1597,3389
24367,4618.1597,3389
24481,4618.1597,3389
20983,4617.4967,3398
15055,4616.9663,3399
20423,4616.4028,3400
17778,4614.2119999999995,3401
21984,4614.0491,3402
24480,4614.0491,3402
16484,4613.9607000000005,3404
17629,4611.5187000000005,3405
22934,4611.5187000000005,3405
22938,4611.5187000000005,3405
24378,4611.5187000000005,3405
16345,4611.4303,3409
14990,4611.375,3410
18203,4610.3363,3411
21230,4609.6402,3412
17512,4608.4468,3413
21191,4607.1097,3414
22907,4607.1097,3414
22932,4607.1097,3414
24596,4606.5572,3417
23348,4604.8776,3418
18907,4604.7892,3419
19766,4604.7892,3419
19771,4604.7892,3419
20159,4604.7892,3419
22041,4604.7892,3419
22267,4604.7892,3419
21939,4600.3803,3425
22050,4597.3857,3426
17834,4595.382799999999,3427
17902,4594.9437,3428
23431,4594.9437,3428
24307,4594.9437,3428
16684,4594.8553,3431
22117,4594.8553,3431
22118,4594.8553,3431
16686,4594.2917,3434
18201,4594.2917,3434
15054,4591.5182,3436
17635,4589.429700000001,3437
14951,4589.3413,3438
14952,4589.3413,3438
19271,4589.3413,3438
19763,4589.3413,3438
20154,4589.3413,3438
20158,4589.3413,3438
20984,4589.3413,3438
23859,4589.3413,3438
20151,4588.7667,3446
17511,4586.3357000000005,3447
18200,4586.3357000000005,3447
20996,4585.7390000000005,3449
20989,4584.3578,3450
22713,4583.75,3451
14956,4580.8218,3452
18193,4580.8218,3452
22299,4580.8218,3452
17096,4579.495800000001,3455
17847,4579.495800000001,3455
17998,4579.495800000001,3455
21195,4579.495800000001,3455
21199,4579.495800000001,3455
21257,4579.495800000001,3455
21983,4579.495800000001,3455
22030,4579.495800000001,3455
22943,4579.495800000001,3455
23120,4579.495800000001,3455
23121,4579.495800000001,3455
23331,4579.495800000001,3455
23332,4579.495800000001,3455
23420,4579.495800000001,3455
23539,4579.495800000001,3455
23648,4579.495800000001,3455
23655,4579.495800000001,3455
23656,4579.495800000001,3455
24300,4579.495800000001,3455
24301,4579.495800000001,3455
24366,4579.495800000001,3455
24458,4579.495800000001,3455
24468,4579.495800000001,3455
24586,4579.495800000001,3455
18903,4578.8328,3479
20820,4578.8328,3479
21659,4578.8328,3479
24386,4578.8328,3479
15073,4578.3024000000005,3483
17515,4578.3024000000005,3483
18202,4578.3024000000005,3483
14997,4578.2913,3486
18198,4578.2913,3486
20152,4577.7388,3488
21921,4577.7388,3488
17514,4577.1642,3490
22128,4577.1642,3490
22008,4576.0592,3492
20156,4574.4238000000005,3493
20426,4574.4238000000005,3493
20992,4574.4238000000005,3493
20822,4568.6557,3496
15063,4567.2303,3497
18196,4567.2303,3497
18204,4567.2303,3497
22732,4567.2303,3497
18900,4566.1253,3501
19264,4566.1253,3501
19765,4566.1253,3501
20420,4566.1253,3501
20424,4566.1253,3501
20987,4566.1253,3501
21727,4566.1253,3501
19270,4560.6113000000005,3508
19770,4560.6113000000005,3508
20812,4560.6113000000005,3508
20995,4560.6113000000005,3508
21741,4560.6113000000005,3508
17647,4555.647,3513
17648,4555.624900000001,3514
17766,4552.321,3515
14969,4550.6774000000005,3516
16483,4550.6774000000005,3516
18189,4550.6774000000005,3516
18899,4550.6774000000005,3516
19269,4550.6774000000005,3516
20157,4550.6774000000005,3516
20416,4550.6774000000005,3516
20425,4550.6774000000005,3516
20815,4550.6774000000005,3516
20817,4550.6774000000005,3516
20821,4550.6774000000005,3516
20985,4550.6774000000005,3516
20988,4550.6774000000005,3516
20991,4550.6774000000005,3516
21768,4550.6774000000005,3516
21813,4550.6774000000005,3516
22058,4550.6774000000005,3516
17780,4544.6080999999995,3533
17767,4532.442,3534
29758,4512.0247,3535
12253,4493.9577,3536
29541,4481.7148,3537
12021,4468.0234,3538
23410,4438.2685,3539
24597,4430.5003,3540
29765,4423.1145,3541
29400,4411.6684000000005,3542
29403,4411.0938,3543
23593,4408.9639,3544
12241,4408.3534,3545
22909,4398.4774,3546
23653,4392.411,3547
22942,4388.5435,3548
23544,4387.9689,3549
24381,4387.4274000000005,3550
12245,4383.8224,3551
24364,4381.9024,3552
12240,4381.303,3553
12250,4381.303,3553
29398,4380.7394,3555
16046,4379.2698,3556
17945,4376.941,3557
22939,4376.941,3557
23661,4376.941,3557
24459,4376.941,3557
23106,4371.3939,3561
22935,4366.4324,3562
23425,4366.4324,3562
23436,4365.3274,3564
12013,4364.7169,3565
12014,4364.7169,3565
29391,4364.7169,3565
12242,4363.6119,3568
12246,4361.7113,3569
21996,4360.9074,3570
22936,4360.9074,3570
24283,4360.9074,3570
24304,4360.9074,3570
24368,4360.9074,3570
23119,4359.8135,3575
23649,4359.8135,3575
24305,4359.8135,3575
24377,4359.8135,3575
24475,4359.8135,3575
22987,4355.946,3580
17761,4355.3935,3581
17952,4355.3935,3581
18045,4355.3935,3581
23664,4355.3935,3581
12248,4353.678,3585
12252,4352.5398000000005,3586
16569,4349.8795,3587
17762,4349.8795,3587
17789,4349.8795,3587
21222,4349.8795,3587
21228,4349.8795,3587
21231,4349.8795,3587
21258,4349.8795,3587
21979,4349.8795,3587
21985,4349.8795,3587
22926,4349.8795,3587
23116,4349.8795,3587
23343,4349.8795,3587
23423,4349.8795,3587
23429,4349.8795,3587
23640,4349.8795,3587
23658,4349.8795,3587
29399,4349.7994,3603
17947,4345.4595,3604
17963,4345.4595,3604
17989,4345.4595,3604
21200,4345.4595,3604
17941,4344.3324,3608
23117,4344.3324,3608
16937,4338.8185,3610
17765,4338.8185,3610
12251,4337.0919,3612
17796,4332.7299,3613
17848,4328.8845,3614
17928,4328.8845,3614
18027,4328.8845,3614
21197,4328.8845,3614
21256,4328.8845,3614
22004,4328.8845,3614
22033,4328.8845,3614
22933,4328.8845,3614
22950,4328.8845,3614
22959,4328.8845,3614
22966,4328.8845,3614
23409,4328.8845,3614
23435,4328.8845,3614
23533,4328.8845,3614
23651,4328.8845,3614
23660,4328.8845,3614
23662,4328.8845,3614
24282,4328.8845,3614
24463,4328.8845,3614
12243,4326.053,3633
22927,4324.7739,3634
23118,4324.7739,3634
21194,4322.2435000000005,3636
22946,4322.2435000000005,3636
23422,4322.2435000000005,3636
24590,4322.2435000000005,3636
20716,4321.9755000000005,3640
17769,4320.365,3641
17799,4317.8345,3642
21259,4317.8345,3642
23652,4317.8345,3642
17768,4317.282,3645
17934,4317.282,3645
21193,4315.6024,3647
22953,4308.9393,3648
17764,4305.6685,3649
17929,4305.6685,3649
17942,4305.6685,3649
22031,4305.6685,3649
23107,4305.6685,3649
24592,4305.6685,3649
17082,4300.154500000001,3655
17784,4300.154500000001,3655
22961,4300.154500000001,3655
17722,4290.220600000001,3658
17893,4290.220600000001,3658
17940,4290.220600000001,3658
17946,4290.220600000001,3658
21180,4290.220600000001,3658
21206,4290.220600000001,3658
21982,4290.220600000001,3658
21986,4290.220600000001,3658
22032,4290.220600000001,3658
22910,4290.220600000001,3658
22931,4290.220600000001,3658
23344,4290.220600000001,3658
23433,4290.220600000001,3658
23434,4290.220600000001,3658
23545,4290.220600000001,3658
23663,4290.220600000001,3658
24302,4290.220600000001,3658
24474,4290.220600000001,3658
24482,4290.220600000001,3658
24587,4290.220600000001,3658
24601,4290.220600000001,3658
24602,4290.220600000001,3658
14010,4266.8356,3680
15014,4266.261,3681
15037,4261.2995,3682
15043,4250.8131,3683
14128,4239.199500000001,3684
14134,4237.7505,3685
14011,4234.2381000000005,3686
16025,4234.2381000000005,3686
15028,4228.1716,3688
15029,4228.1716,3688
15041,4228.1716,3688
16027,4228.1716,3688
29630,4222.0066,3692
14130,4214.5344000000005,3693
14127,4209.573,3694
14131,4207.176600000001,3695
14523,4207.176600000001,3695
15040,4207.176600000001,3695
15042,4207.176600000001,3695
15643,4207.176600000001,3695
15648,4207.176600000001,3695
16028,4207.176600000001,3695
16029,4207.176600000001,3695
14132,4203.5064999999995,3703
15015,4203.5064999999995,3703
15439,4203.5064999999995,3703
15646,4203.5064999999995,3703
16026,4203.5064999999995,3703
15644,4203.066000000001,3708
15044,4202.9319,3709
16045,4201.6217,3710
15435,4200.5356,3711
15032,4199.0865,3712
15033,4196.1266000000005,3713
14316,4196.092000000001,3714
15438,4186.491,3715
15030,4183.9606,3716
15036,4182.5115000000005,3717
15645,4182.5115000000005,3717
14007,4168.5127,3719
14125,4168.5127,3719
15035,4168.5127,3719
15262,4168.5127,3719
15425,4168.5127,3719
15436,4168.5127,3719
15642,4168.5127,3719
14133,4159.2955,3726
15647,4159.2955,3726
16054,4154.0956,3728
14855,4153.7815,3729
16053,4146.3828,3730
14129,4143.8476,3731
15038,4143.8476,3731
16031,4143.8476,3731
16033,4136.4488,3734
14260,4106.4338,3735
29640,4068.4736000000003,3736
24604,4068.3891000000003,3737
14101,4066.2876,3738
14102,4052.2888000000003,3739
16011,4041.2722999999996,3740
14306,4036.8188,3741
14305,4035.6791,3742
14345,4022.1098,3743
29848,4022.0953,3744
14303,4018.7837,3745
14259,4012.1758,3746
29838,4010.9492,3747
24605,4008.7300999999998,3748
23540,4007.6362,3749
24360,4007.6362,3749
24502,4003.7687,3751
23413,3997.7022,3752
23529,3997.7022,3752
23572,3997.7022,3752
24244,3997.7022,3752
24462,3997.7022,3752
24503,3997.7022,3752
14103,3991.5028,3758
14066,3991.4681,3759
29920,3980.7870000000003,3760
24362,3978.8509000000004,3761
23416,3976.7072,3762
23524,3976.7072,3762
23547,3976.7072,3762
14304,3973.5008,3765
23415,3965.6572,3766
29819,3964.3644999999997,3767
23412,3963.4251000000004,3768
14346,3959.5020000000004,3769
22971,3953.9884,3770
22975,3953.9884,3770
23566,3953.9884,3770
23806,3953.9884,3770
24491,3953.9884,3770
24493,3953.9884,3770
24501,3953.9884,3770
24646,3953.9884,3770
27577,3953.9884,3770
27578,3953.9884,3770
27601,3953.9884,3770
27604,3953.9884,3770
27605,3953.9884,3770
27611,3953.9884,3770
27612,3953.9884,3770
27614,3953.9884,3770
27649,3953.9884,3770
27666,3953.9884,3770
27672,3953.9884,3770
27673,3953.9884,3770
27678,3953.9884,3770
27681,3953.9884,3770
27726,3953.9884,3770
27752,3953.9884,3770
27759,3953.9884,3770
27917,3953.9884,3770
28013,3953.9884,3770
28014,3953.9884,3770
28017,3953.9884,3770
28018,3953.9884,3770
28022,3953.9884,3770
28036,3953.9884,3770
28039,3953.9884,3770
28040,3953.9884,3770
28041,3953.9884,3770
28042,3953.9884,3770
28044,3953.9884,3770
28047,3953.9884,3770
28051,3953.9884,3770
28088,3953.9884,3770
28092,3953.9884,3770
28096,3953.9884,3770
28097,3953.9884,3770
28112,3953.9884,3770
28129,3953.9884,3770
28130,3953.9884,3770
28142,3953.9884,3770
28145,3953.9884,3770
28147,3953.9884,3770
28148,3953.9884,3770
28149,3953.9884,3770
28150,3953.9884,3770
28161,3953.9884,3770
28162,3953.9884,3770
28163,3953.9884,3770
28164,3953.9884,3770
28165,3953.9884,3770
28166,3953.9884,3770
28167,3953.9884,3770
28168,3953.9884,3770
28169,3953.9884,3770
28170,3953.9884,3770
28171,3953.9884,3770
28172,3953.9884,3770
28173,3953.9884,3770
28176,3953.9884,3770
28177,3953.9884,3770
28178,3953.9884,3770
28179,3953.9884,3770
28180,3953.9884,3770
28181,3953.9884,3770
28182,3953.9884,3770
28183,3953.9884,3770
28184,3953.9884,3770
28185,3953.9884,3770
28186,3953.9884,3770
28197,3953.9884,3770
28198,3953.9884,3770
28199,3953.9884,3770
28200,3953.9884,3770
28221,3953.9884,3770
28222,3953.9884,3770
28223,3953.9884,3770
28270,3953.9884,3770
28271,3953.9884,3770
28293,3953.9884,3770
28294,3953.9884,3770
28295,3953.9884,3770
28299,3953.9884,3770
28339,3953.9884,3770
28340,3953.9884,3770
28354,3953.9884,3770
28355,3953.9884,3770
28362,3953.9884,3770
28363,3953.9884,3770
28573,3953.9884,3770
28574,3953.9884,3770
28583,3953.9884,3770
28584,3953.9884,3770
28586,3953.9884,3770
28587,3953.9884,3770
28588,3953.9884,3770
28598,3953.9884,3770
28618,3953.9884,3770
28619,3953.9884,3770
28620,3953.9884,3770
28621,3953.9884,3770
28624,3953.9884,3770
28625,3953.9884,3770
28626,3953.9884,3770
28627,3953.9884,3770
28628,3953.9884,3770
28629,3953.9884,3770
28630,3953.9884,3770
28635,3953.9884,3770
28643,3953.9884,3770
28644,3953.9884,3770
28645,3953.9884,3770
28646,3953.9884,3770
28647,3953.9884,3770
28648,3953.9884,3770
28649,3953.9884,3770
28650,3953.9884,3770
28651,3953.9884,3770
28652,3953.9884,3770
28653,3953.9884,3770
28654,3953.9884,3770
28655,3953.9884,3770
28656,3953.9884,3770
28657,3953.9884,3770
28658,3953.9884,3770
28660,3953.9884,3770
28661,3953.9884,3770
28670,3953.9884,3770
28675,3953.9884,3770
28676,3953.9884,3770
28761,3953.9884,3770
28763,3953.9884,3770
28765,3953.9884,3770
28772,3953.9884,3770
28774,3953.9884,3770
28775,3953.9884,3770
28778,3953.9884,3770
28790,3953.9884,3770
28792,3953.9884,3770
28794,3953.9884,3770
28795,3953.9884,3770
28797,3953.9884,3770
28799,3953.9884,3770
28804,3953.9884,3770
28805,3953.9884,3770
28807,3953.9884,3770
28820,3953.9884,3770
28821,3953.9884,3770
28822,3953.9884,3770
28823,3953.9884,3770
28824,3953.9884,3770
28825,3953.9884,3770
28826,3953.9884,3770
28827,3953.9884,3770
28829,3953.9884,3770
28830,3953.9884,3770
28831,3953.9884,3770
28833,3953.9884,3770
28835,3953.9884,3770
28838,3953.9884,3770
28839,3953.9884,3770
28843,3953.9884,3770
28849,3953.9884,3770
28851,3953.9884,3770
28852,3953.9884,3770
28853,3953.9884,3770
28856,3953.9884,3770
28857,3953.9884,3770
28966,3953.9884,3770
28988,3953.9884,3770
28989,3953.9884,3770
28990,3953.9884,3770
28993,3953.9884,3770
28997,3953.9884,3770
29008,3953.9884,3770
29010,3953.9884,3770
29016,3953.9884,3770
29017,3953.9884,3770
29056,3953.9884,3770
29058,3953.9884,3770
29059,3953.9884,3770
29060,3953.9884,3770
29070,3953.9884,3770
29106,3953.9884,3770
29108,3953.9884,3770
29110,3953.9884,3770
29126,3953.9884,3770
29132,3953.9884,3770
29136,3953.9884,3770
29139,3953.9884,3770
29140,3953.9884,3770
29141,3953.9884,3770
29142,3953.9884,3770
29143,3953.9884,3770
29144,3953.9884,3770
29145,3953.9884,3770
29146,3953.9884,3770
29147,3953.9884,3770
29148,3953.9884,3770
29150,3953.9884,3770
29151,3953.9884,3770
29155,3953.9884,3770
29156,3953.9884,3770
29157,3953.9884,3770
29158,3953.9884,3770
29163,3953.9884,3770
29169,3953.9884,3770
29170,3953.9884,3770
29198,3953.9884,3770
29207,3953.9884,3770
29208,3953.9884,3770
29254,3953.9884,3770
29280,3953.9884,3770
29285,3953.9884,3770
29326,3953.9884,3770
29334,3953.9884,3770
29335,3953.9884,3770
29340,3953.9884,3770
29350,3953.9884,3770
29352,3953.9884,3770
29354,3953.9884,3770
23411,3953.4912000000004,3997
19502,3939.7200000000003,3998
23526,3938.0433000000003,3999
23571,3938.0433000000003,3999
24476,3938.0433000000003,3999
24484,3938.0433000000003,3999
24504,3938.0433000000003,3999
24506,3938.0433000000003,3999
19448,3915.9846000000002,4005
19477,3904.8131,4006
29855,3901.348,4007
19511,3894.415,4008
19493,3884.4811,4009
19360,3880.492,4010
19424,3880.492,4010
29648,3876.8885,4012
14472,3871.5857,4013
19341,3866.1491,4014
19440,3859.4970000000003,4015
19499,3859.4970000000003,4015
23104,3856.486,4017
29495,3854.4489000000003,4018
19467,3851.3421000000003,4019
19437,3845.8171,4020
19506,3845.8171,4020
19359,3844.0491,4022
19361,3844.0491,4022
19433,3844.0491,4022
19455,3844.0491,4022
19459,3844.0491,4022
19471,3844.0491,4022
19500,3844.0491,4022
19416,3841.4082,4029
19418,3841.4082,4029
19435,3820.8331000000003,4031
29583,3820.3709000000003,4032
14081,3814.1699,4033
19510,3814.1699,4033
19362,3805.3852,4035
19382,3805.3852,4035
19479,3805.3852,4035
19940,3801.6724,4038
19912,3787.2632,4039
20713,3781.2326999999996,4040
14473,3772.3788,4041
14456,3763.5278000000003,4042
18167,3762.9753,4043
14453,3758.5332,4044
23418,3757.0249000000003,4045
20075,3756.989,4046
25857,3756.989,4046
25861,3756.989,4046
28389,3756.989,4046
28414,3756.989,4046
28470,3756.989,4046
29385,3756.989,4046
29410,3756.989,4046
29448,3756.989,4046
29449,3756.989,4046
29475,3756.989,4046
29476,3756.989,4046
18157,3756.3453,4058
26299,3753.5616,4059
14434,3753.0192,4060
14253,3751.3617,4061
29516,3751.0654,4062
14498,3750.7982,4063
14240,3747.4832,4064
23414,3747.0910000000003,4065
24361,3747.0910000000003,4065
14447,3740.8642,4067
14470,3737.5492,4068
19067,3735.9028000000003,4069
14255,3734.7978000000003,4070
14290,3732.0242000000003,4071
14452,3732.0242000000003,4071
14120,3731.4607,4073
14289,3731.4607,4073
19802,3729.364,4075
28390,3729.364,4075
28401,3729.364,4075
28407,3729.364,4075
28443,3729.364,4075
28449,3729.364,4075
28458,3729.364,4075
28471,3729.364,4075
28478,3729.364,4075
28491,3729.364,4075
28492,3729.364,4075
28504,3729.364,4075
29466,3729.364,4075
29467,3729.364,4075
29474,3729.364,4075
29481,3729.364,4075
14382,3728.1678,4091
14419,3725.3942,4092
26283,3725.2309000000005,4093
14442,3724.3003,4094
14448,3724.3003,4094
17216,3724.2892,4096
14421,3723.1953,4097
19917,3723.1953,4097
14440,3720.9521,4099
24585,3719.4548999999997,4100
14298,3719.0626,4101
14374,3715.7918,4102
14451,3715.7918,4102
26276,3714.9197,4104
23105,3714.4935,4105
14112,3714.3332,4106
14411,3713.2613,4107
14481,3713.2613,4107
19918,3713.2503,4109
14457,3712.6867,4110
14044,3710.2778000000003,4111
14464,3710.2778000000003,4111
26302,3709.9362,4113
14400,3709.9242,4114
24372,3708.427,4115
24457,3708.427,4115
24465,3708.427,4115
24485,3708.427,4115
14471,3707.7474,4119
14449,3707.7363,4120
26296,3707.5398000000005,4121
19916,3706.5982,4122
29547,3704.5709,4123
29926,3704.5709,4123
14117,3704.3992000000003,4125
14356,3704.3992000000003,4125
14438,3704.3992000000003,4125
14242,3703.2942000000003,4128
14288,3703.2942000000003,4128
17188,3702.2113,4130
14484,3696.6642,4131
18176,3696.6642,4131
14394,3695.8907,4133
18183,3694.41,4134
14256,3693.3603000000003,4135
14433,3693.3603000000003,4135
14477,3693.3603000000003,4135
13057,3692.7001,4138
14813,3692.7001,4138
26298,3690.9869,4140
19029,3690.0453,4141
20054,3688.5323,4142
14357,3688.1668,4143
23531,3687.6972,4144
23311,3687.432,4145
23417,3687.432,4145
23523,3687.432,4145
23532,3687.432,4145
23541,3687.432,4145
23542,3687.432,4145
23546,3687.432,4145
23573,3687.432,4145
23574,3687.432,4145
24466,3687.432,4145
24467,3687.432,4145
24478,3687.432,4145
14297,3685.6363,4157
19911,3685.6253,4158
26120,3685.4398,4159
26281,3685.4398,4159
23310,3683.3214,4161
18185,3682.2882,4162
24365,3680.791,4163
17195,3680.3876,4164
14380,3680.1224,4165
14381,3680.1113,4166
18164,3680.1113,4166
19034,3671.6028,4168
19057,3671.6028,4168
26277,3669.9919,4170
26303,3669.9919,4170
14377,3669.0724,4172
14412,3669.0724,4172
14420,3669.0724,4172
19035,3669.0724,4172
19046,3669.0724,4172
26241,3668.8759,4177
14121,3668.2657,4178
14292,3668.2657,4178
14005,3667.9342,4180
18171,3667.9342,4180
17196,3666.785,4182
19038,3666.785,4182
14116,3665.7353000000003,4184
14439,3660.5307000000003,4185
14485,3660.5307000000003,4185
14461,3658.0003,4187
14486,3658.0003,4187
17187,3658.0003,4187
19030,3658.0003,4187
19040,3658.0003,4187
26285,3656.7098,4192
26286,3655.526,4193
23525,3648.7681000000002,4194
23575,3648.7681000000002,4194
24281,3648.7681000000002,4194
24460,3648.7681000000002,4194
24461,3648.7681000000002,4194
24477,3648.7681000000002,4194
24505,3648.7681000000002,4194
26121,3646.7759,4201
26252,3646.7412,4202
26238,3645.3268,4203
26280,3645.3268,4203
26295,3645.3268,4203
26300,3645.3268,4203
14115,3643.9778,4207
13999,3641.4474,4208
14006,3641.4474,4208
14239,3641.4474,4208
14392,3641.4474,4208
17206,3641.4474,4208
19065,3641.4474,4208
26290,3641.2619000000004,4214
26234,3638.6967999999997,4215
13056,3637.4612,4216
14170,3637.4612,4216
16531,3637.4391,4218
14802,3632.4887,4219
16461,3632.4887,4219
26297,3632.0447,4221
20879,3629.1516,4222
20718,3628.1902,4223
13039,3627.5272,4224
13870,3627.5272,4224
13979,3627.5272,4224
13984,3627.5272,4224
16275,3627.5272,4224
13745,3627.5051000000003,4229
13882,3627.5051000000003,4229
13917,3627.5051000000003,4229
14141,3627.5051000000003,4229
16324,3627.5051000000003,4229
20931,3616.8529,4234
26305,3616.5968000000003,4235
16329,3615.6595,4236
14539,3615.3612000000003,4237
16444,3615.3612000000003,4237
16465,3615.328,4239
20811,3613.7037,4240
20209,3611.7459,4241
17792,3609.8251,4242
29839,3609.1572,4243
20150,3606.7402,4244
26304,3606.6629000000003,4245
13800,3605.4272,4246
13801,3605.4272,4246
13812,3605.4272,4246
14169,3605.4272,4246
14779,3605.4272,4246
16405,3605.4272,4246
16512,3605.4272,4246
16945,3605.4272,4246
17828,3605.4272,4246
17966,3605.4272,4246
20712,3603.7697,4256
20863,3603.7697,4256
16509,3600.963,4258
13746,3591.3716,4259
16407,3591.3716,4259
17793,3591.3716,4259
20807,3590.4876000000004,4262
13854,3588.8412,4263
15346,3588.2113,4264
20546,3587.4359,4265
20656,3586.7191000000003,4266
15780,3585.6809000000003,4267
15845,3585.6809000000003,4267
13839,3583.3272,4269
16445,3583.3272,4269
16410,3583.2609,4271
20318,3582.2991,4272
28751,3581.1720000000005,4273
20710,3580.5537000000004,4274
20711,3580.5537000000004,4274
20717,3580.5537000000004,4274
20862,3580.5537000000004,4274
20892,3580.5537000000004,4274
15944,3574.6088,4279
20864,3573.8904999999995,4280
20917,3573.8904999999995,4280
20921,3573.8904999999995,4280
20670,3567.568,4283
20188,3565.7241000000004,4284
20350,3565.7241000000004,4284
20373,3565.7241000000004,4284
28520,3565.7241000000004,4284
20825,3565.1058000000003,4288
20922,3565.1058000000003,4288
21148,3562.054,4290
21284,3562.054,4290
15499,3561.393,4292
15852,3561.393,4292
13925,3558.973,4294
20208,3557.634,4295
20680,3557.634,4295
28562,3557.2046,4297
28756,3556.5069000000003,4298
16820,3555.658,4299
28553,3554.6741,4300
20052,3551.5013,4301
28506,3550.993,4302
28750,3550.993,4302
15203,3548.6522999999997,4304
15781,3546.9838,4305
15193,3546.9727000000003,4306
20206,3541.059,4307
21305,3541.059,4307
28569,3541.059,4307
28713,3541.059,4307
15328,3535.3813,4311
15534,3535.3813,4311
20651,3534.4179999999997,4313
15851,3534.2983999999997,4314
15348,3534.2873,4315
15501,3533.768,4316
15992,3530.3976999999995,4317
20736,3530.009,4318
16836,3529.138,4319
20186,3527.0602,4320
28740,3527.0602,4320
20165,3526.5172000000002,4322
19910,3523.2484000000004,4323
11089,3523.0494000000003,4324
15379,3518.8063,4325
15364,3518.2537999999995,4326
11264,3516.4084,4327
15491,3515.5134,4328
20173,3515.3678,4329
15167,3514.9388,4330
15484,3513.8448,4331
15985,3513.8448,4331
15770,3513.8226999999997,4333
15371,3512.7398000000003,4334
15888,3512.7398000000003,4334
15367,3511.6458999999995,4336
15374,3511.6458999999995,4336
15778,3511.6458999999995,4336
19076,3511.6458999999995,4336
19903,3511.6238000000003,4340
20170,3511.0693,4341
11088,3510.3419,4342
15771,3508.3198,4343
15952,3508.3198,4343
15194,3507.2038000000002,4345
21517,3506.1319000000003,4346
15521,3506.1098,4347
19924,3505.0047999999997,4348
15429,3503.0711,4349
16339,3502.3950999999997,4350
20468,3502.3950999999997,4350
20669,3502.3950999999997,4350
23992,3500.4412,4353
20149,3497.7872,4354
16678,3494.3526,4355
20560,3493.9438,4356
15769,3491.7448000000004,4357
15196,3491.1813,4358
15949,3489.5568999999996,4359
15976,3489.5568999999996,4359
20866,3489.5568999999996,4359
15195,3486.2198,4362
15500,3485.1148000000003,4363
20555,3485.1148000000003,4363
15320,3484.0208999999995,4365
15389,3484.0208999999995,4365
15481,3484.0208999999995,4365
15842,3484.0208999999995,4365
15322,3484.0098,4369
21508,3484.0098,4369
14602,3481.3448,4371
20042,3481.1901,4372
20049,3481.1901,4372
20164,3481.1901,4372
20172,3481.1901,4372
15918,3480.6948,4376
15155,3479.5788000000002,4377
15972,3479.5788000000002,4377
15399,3478.7832,4379
20576,3478.4959,4380
15396,3478.4848,4381
15934,3478.4848,4381
15350,3475.5123999999996,4383
15380,3475.5123999999996,4383
15937,3475.5123999999996,4383
15200,3472.9818999999998,4386
15843,3472.9818999999998,4386
20048,3472.4054,4388
20060,3472.4054,4388
20167,3472.4054,4388
16103,3472.2635999999998,4391
15365,3472.1642,4392
15989,3470.7167,4393
15739,3469.9984000000004,4394
19052,3469.9984000000004,4394
20584,3469.9984000000004,4394
15349,3469.6337999999996,4397
20561,3468.6926,4398
19033,3468.6705,4399
19922,3467.4569,4400
19945,3467.4569,4400
11083,3466.7387,4402
11168,3465.9320000000002,4403
15302,3464.1198000000004,4404
15329,3464.1198000000004,4404
15394,3464.1198000000004,4404
15844,3464.1198000000004,4404
15983,3464.1198000000004,4404
15899,3463.0148,4409
15398,3461.9318999999996,4410
20548,3460.8048,4411
15369,3456.3848,4412
15388,3456.3848,4412
15411,3456.3848,4412
19899,3456.3848,4412
15961,3455.6112999999996,4416
15991,3455.6112999999996,4416
20590,3455.6112999999996,4416
11167,3454.5947,4419
19931,3454.1305999999995,4420
15667,3453.4787,4421
15166,3453.0809,4422
15540,3453.0809,4422
15768,3453.0809,4422
15984,3453.0809,4422
20556,3453.0809,4422
15482,3452.5172999999995,4427
15873,3451.9426999999996,4428
17815,3451.777,4429
15417,3447.8873999999996,4430
15483,3447.8873999999996,4430
16754,3446.0531,4432
15959,3445.3568999999998,4433
15542,3445.3459000000003,4434
15954,3445.3459000000003,4434
15964,3445.3459000000003,4434
21509,3445.3459000000003,4434
15492,3444.7823,4438
15737,3444.5392,4439
19930,3442.3734000000004,4440
15280,3442.0087999999996,4441
15351,3442.0087999999996,4441
15404,3442.0087999999996,4441
15518,3442.0087999999996,4441
15897,3442.0087999999996,4441
20569,3441.0344,4446
20592,3440.1081999999997,4447
15321,3439.843,4448
15517,3439.843,4448
15568,3439.8319,4450
19069,3439.8319,4450
19943,3439.8319,4450
11042,3439.1247,4453
11082,3437.4451,4454
16406,3436.6081000000004,4455
16938,3436.6081000000004,4455
15969,3436.4948000000004,4457
15965,3435.3898,4458
16491,3432.4947,4459
15372,3431.3234,4460
15841,3431.3234,4460
15941,3431.3234,4460
19944,3431.3234,4460
20549,3431.3234,4460
19051,3430.5480000000002,4465
17933,3429.1576,4466
15419,3428.7929999999997,4467
15915,3428.7929999999997,4467
13722,3428.5941000000003,4469
21516,3427.9862999999996,4470
15345,3427.6548000000003,4471
16098,3426.9255000000003,4472
14664,3426.1059,4473
29604,3425.9024,4474
15493,3425.4559,4475
15535,3425.4559,4475
15565,3425.4559,4475
15968,3425.4559,4475
15990,3425.4559,4475
20598,3425.4559,4475
15455,3424.7155000000002,4481
13855,3420.5524,4482
20575,3420.0173,4483
16446,3417.801,4484
15948,3417.7209000000003,4485
13059,3414.2291,4486
13085,3414.2291,4486
15666,3413.6766000000002,4488
19041,3413.4315,4489
15750,3412.2069,4490
15462,3410.9362,4491
13849,3408.4195,4492
14656,3407.8844,4493
13055,3407.8449,4494
13889,3407.8449,4494
13939,3407.8449,4494
17753,3403.7205000000004,4497
18000,3403.7205000000004,4497
15199,3403.6984,4499
15840,3403.6984,4499
15914,3403.6984,4499
19902,3403.6984,4499
20577,3403.6984,4499
15023,3402.9230000000002,4504
11084,3401.8641,4505
13716,3401.5326,4506
19941,3401.2544,4507
15303,3401.1679999999997,4508
15480,3401.1679999999997,4508
15569,3401.1679999999997,4508
15980,3401.1679999999997,4508
29943,3400.8402,4512
29537,3399.2753000000002,4513
14601,3399.0444,4514
14657,3399.0444,4514
13806,3398.4303,4516
17639,3397.911,4517
20567,3396.8565,4518
15004,3396.0076,4519
23993,3394.9137,4520
16946,3393.491,4521
13938,3393.4689,4522
14796,3393.4689,4522
16452,3393.4689,4522
17937,3391.0462,4525
16810,3386.4162,4526
18175,3385.7955,4527
18143,3384.6794,4528
19028,3384.6794,4528
13779,3384.6178,4530
16758,3383.8858,4531
13718,3383.8747000000003,4532
23321,3382.2062,4533
13871,3381.8774000000003,4534
13067,3380.5376,4535
20564,3380.2815,4536
14926,3379.4326,4537
14998,3379.4326,4537
17798,3379.4326,4537
16201,3379.1039,4540
16654,3377.2336,4541
14596,3376.9334,4542
14599,3374.7565,4543
15674,3373.9187,4544
26115,3373.3441000000003,4545
30038,3373.0239,4546
24179,3372.8026,4547
22580,3371.6976,4548
15003,3368.6589000000004,4549
15649,3368.3826,4550
15659,3367.8301,4551
24160,3366.7583,4552
24165,3366.7583,4552
25048,3366.7583,4552
13747,3365.3135,4555
13915,3365.3135,4555
17948,3365.0566,4557
17896,3364.493,4558
29567,3363.9539,4559
18163,3363.6844,4560
17889,3362.8797,4561
17968,3362.8797,4561
18137,3362.5794,4563
13884,3362.5178,4564
23322,3362.3162,4565
24007,3362.3162,4565
24176,3362.3162,4565
14944,3359.5426,4568
17969,3359.5426,4568
14584,3359.2423,4570
30018,3358.5076,4571
17790,3358.4376,4572
16267,3356.2497000000003,4573
16546,3355.3685,4574
14510,3355.187,4575
14603,3352.6455,4576
18132,3352.6455,4576
19942,3352.6455,4576
20552,3352.6455,4576
18621,3351.8297000000002,4580
13066,3351.8076,4581
13714,3351.8076,4581
13058,3350.7026,4583
21359,3350.7026,4583
13877,3348.186,4585
16561,3348.186,4585
19027,3347.1315,4587
16541,3345.9649,4588
15622,3345.1887,4589
18627,3345.1887,4589
17849,3343.2135,4591
29752,3342.4645,4592
14648,3341.5402,4593
18131,3338.623,4594
13662,3338.252,4595
13793,3338.252,4595
13883,3338.252,4595
13892,3338.252,4595
13906,3338.252,4595
13927,3338.252,4595
16272,3338.252,4595
16470,3338.252,4595
17782,3338.252,4595
14555,3338.2299000000003,4604
16318,3338.2299000000003,4604
16428,3338.2299000000003,4604
17097,3338.2299000000003,4604
17627,3338.2299000000003,4604
17813,3337.4316,4609
20558,3336.0926,4610
19904,3335.2859,4611
13705,3335.2547,4612
21001,3335.2547,4612
22175,3335.2547,4612
22406,3335.2547,4612
22412,3335.2547,4612
22575,3335.2547,4612
24170,3335.2547,4612
24274,3335.2547,4612
25104,3335.2547,4612
25981,3335.2547,4612
26040,3335.2547,4612
17978,3334.9039000000002,4623
14154,3334.8928,4624
17644,3334.1497,4625
14538,3333.7989,4626
14572,3332.7555,4627
14585,3332.7555,4627
19901,3332.7555,4627
16271,3330.8126,4630
13799,3326.0860000000002,4631
13840,3326.0860000000002,4631
16277,3326.0860000000002,4631
24960,3324.7462,4634
17115,3323.8649,4635
22174,3323.6522,4636
23100,3322.8677000000002,4637
24171,3321.9726,4638
24162,3320.3372,4639
13667,3316.152,4640
13766,3316.152,4640
13811,3316.152,4640
14524,3316.152,4640
14798,3316.152,4640
16317,3316.152,4640
16328,3316.152,4640
16417,3316.152,4640
16530,3316.152,4640
16550,3316.152,4640
16553,3316.152,4640
16562,3316.152,4640
16573,3316.152,4640
17094,3316.152,4640
17626,3316.152,4640
17960,3316.152,4640
17965,3316.152,4640
18028,3316.152,4640
18620,3316.152,4640
14701,3316.1299,4659
16260,3316.1299,4659
16447,3316.1299,4659
17632,3316.1299,4659
17979,3316.1299,4659
15022,3314.9002,4664
21361,3312.0387,4665
22168,3312.0387,4665
22572,3312.0387,4665
23325,3312.0387,4665
24241,3312.0387,4665
14501,3308.4676,4670
15006,3308.4676,4670
20562,3308.4676,4670
15064,3306.5247,4673
15656,3306.5247,4673
16278,3306.5247,4673
21002,3306.5247,4673
21379,3306.5247,4673
16554,3304.5274,4678
14348,3303.2645,4679
21349,3303.2645,4679
13742,3302.0964,4681
16311,3302.0964,4681
18026,3302.0964,4681
13862,3299.577,4684
17085,3299.566,4685
16305,3296.5908,4686
17795,3296.5908,4686
17981,3296.5908,4686
22401,3296.5908,4686
22404,3296.5908,4686
22410,3296.5908,4686
23099,3296.5908,4686
23995,3296.5908,4686
24000,3296.5908,4686
24001,3296.5908,4686
24161,3296.5908,4686
24167,3296.5908,4686
24174,3296.5908,4686
24251,3296.5908,4686
25287,3296.5908,4686
17812,3296.5825,4701
17829,3296.5825,4701
13856,3295.1349,4703
13890,3295.1349,4703
16427,3287.3999,4705
14818,3286.2507,4706
26619,3284.9105,4707
26646,3284.9105,4707
14708,3277.466,4709
17977,3277.466,4709
13029,3271.952,4711
29858,3270.506,4712
13744,3269.6978,4713
16420,3269.6978,4713
15208,3261.4719,4715
13741,3260.9131,4716
15266,3243.5835,4717
14671,3242.4785,4718
22172,3240.1943,4719
15210,3233.6606,4720
21384,3227.7299000000003,4721
14670,3226.4781000000003,4722
15169,3226.4781000000003,4722
15209,3222.7969000000003,4724
29754,3221.3554,4725
29700,3219.6374,4726
26322,3218.0469000000003,4727
15211,3216.5441,4728
15575,3216.5441,4728
15580,3216.5441,4728
15582,3212.8519,4731
23313,3211.166,4732
29672,3205.1588,4733
14347,3204.9306,4734
15265,3201.813,4735
26634,3200.8752000000004,4736
26626,3195.3613,4737
26575,3193.9012000000002,4738
26606,3193.9012000000002,4738
26647,3193.3818,4740
21423,3191.8568999999998,4741
17750,3191.8285,4742
26633,3186.7187,4743
26312,3184.3223000000003,4744
26608,3184.3223000000003,4744
26617,3184.3223000000003,4744
26308,3168.8744,4747
29847,3167.0972,4748
26317,3163.3273,4749
26601,3163.3273,4749
26329,3160.7622,4751
24778,3158.6343,4752
15267,3153.2039999999997,4753
15027,3153.193,4754
26307,3147.8794000000003,4755
26499,3147.8794000000003,4755
26513,3147.8794000000003,4755
26632,3147.8794000000003,4755
28904,3147.679,4759
26546,3146.7634000000003,4760
17772,3144.8328,4761
25991,3144.3024,4762
24270,3143.1864,4763
26623,3139.7893,4764
15268,3139.2052000000003,4765
26579,3138.6621999999998,4766
26635,3138.6621999999998,4766
17717,3138.2139,4768
22571,3132.6999,4769
23316,3132.6999,4769
15229,3131.093,4771
14995,3129.396,4772
17715,3128.8435,4773
26625,3124.6634000000004,4774
26520,3124.6287,4775
26618,3123.2143,4776
26624,3123.2143,4776
26315,3122.0983,4778
26311,3119.1494000000002,4779
26545,3119.1494000000002,4779
26581,3119.1494000000002,4779
16290,3118.3239000000003,4782
26330,3118.0002000000004,4783
26521,3118.0002000000004,4783
22583,3117.7714,4785
26622,3116.5843,4786
19294,3116.5281999999997,4787
15213,3114.5401,4788
13068,3111.1524,4789
15456,3111.1524,4789
26484,3109.2155000000002,4791
26485,3109.2155000000002,4791
26510,3109.2155000000002,4791
26607,3109.2155000000002,4791
26631,3109.2155000000002,4791
26681,3109.2155000000002,4791
17958,3106.7324,4797
24178,3105.6385,4798
13060,3102.8428,4799
14957,3101.771,4800
24003,3101.2185,4801
20998,3101.1964,4802
17700,3100.1135,4803
26644,3099.9983,4804
26676,3099.9983,4804
14960,3097.8924,4806
15067,3097.8924,4806
15665,3097.8924,4806
16273,3097.8924,4806
17841,3097.8924,4806
14851,3096.7543,4811
15463,3096.7543,4811
26306,3094.4843,4813
26309,3094.4843,4813
26331,3094.4843,4813
26343,3094.4843,4813
26351,3094.4843,4813
26486,3094.4843,4813
26509,3094.4843,4813
26600,3094.4843,4813
26616,3094.4843,4813
26645,3094.4843,4813
23101,3088.4889000000003,4823
17775,3087.2678,4824
17743,3086.8424,4825
18021,3086.8424,4825
18633,3086.8203000000003,4827
17972,3084.6435,4828
17974,3084.5661,4829
26344,3084.5504,4830
26614,3084.5504,4830
26627,3084.5504,4830
17720,3083.5385,4833
23994,3083.5274,4834
24168,3083.5274,4834
24166,3082.4224,4836
17892,3080.2014,4837
13721,3079.1074,4838
14948,3079.1074,4838
14267,3078.9803,4840
22399,3077.4831,4841
15002,3073.6045,4842
15061,3073.6045,4842
15457,3073.6045,4842
16252,3073.6045,4842
17943,3073.6045,4842
17897,3071.7978000000003,4847
16268,3070.5989,4848
16269,3070.5989,4848
13715,3070.2674,4850
14946,3070.2674,4850
16289,3070.2674,4850
17990,3070.2674,4850
17962,3069.1624,4854
17752,3067.9303,4855
15663,3062.5545,4856
16270,3062.5324,4857
24173,3062.5324,4857
15070,3061.7589,4859
15664,3061.4274,4860
21389,3061.4274,4860
22408,3061.4274,4860
22411,3061.4274,4860
23097,3061.4274,4860
24248,3061.4274,4860
24257,3061.4274,4860
17109,3060.1842,4867
16288,3059.2285,4868
17098,3059.2285,4868
17755,3059.2285,4868
17744,3055.9135,4871
14272,3055.7642,4872
17932,3055.7642,4872
19289,3055.7642,4872
19283,3054.6702999999998,4875
17803,3050.9299,4876
17095,3050.2503,4877
24164,3049.8249,4878
15451,3045.9795,4879
16197,3045.9795,4879
16259,3045.9795,4879
22407,3045.9795,4879
22582,3045.9795,4879
22986,3045.9795,4879
23998,3045.9795,4879
24005,3045.9795,4879
24159,3045.9795,4879
24163,3045.9795,4879
24242,3045.9795,4879
24249,3045.9795,4879
26200,3045.9795,4879
15072,3044.8745,4892
14088,3044.7363,4893
14354,3044.7363,4893
17754,3044.7363,4893
17827,3044.7363,4893
19286,3044.7363,4893
14965,3042.9739,4898
15655,3042.9739,4898
18625,3042.9739,4898
17890,3042.6424,4901
14083,3040.3163000000004,4902
16942,3040.3163000000004,4902
17646,3040.3163000000004,4902
17773,3040.3163000000004,4902
17830,3040.3163000000004,4902
17900,3040.3163000000004,4902
17944,3040.3163000000004,4902
19285,3040.3163000000004,4902
17831,3039.1892,4910
22581,3038.0014,4911
24266,3038.0014,4911
25971,3038.0014,4911
26202,3038.0014,4911
17959,3037.46,4915
14848,3034.9406,4916
14966,3034.9406,4916
15071,3034.9406,4916
15454,3034.9406,4916
15460,3034.9406,4916
15651,3034.9406,4916
16051,3034.9406,4916
22409,3034.377,4923
24009,3034.377,4923
17794,3034.1339,4925
21387,3033.5925,4926
22170,3033.5925,4926
23098,3033.5925,4926
23323,3033.5925,4926
24271,3033.5925,4926
20997,3032.6974,4931
23314,3032.6974,4931
23996,3032.6974,4931
24002,3032.6974,4931
24004,3032.6974,4931
24252,3032.6974,4931
25989,3032.6974,4931
17747,3031.6035,4938
22577,3031.062,4939
24175,3031.062,4939
19257,3027.5867,4941
24250,3026.0343000000003,4942
22400,3025.2939,4943
13704,3023.8685,4944
14268,3023.7413,4945
17634,3023.7413,4945
17641,3023.7413,4945
17714,3023.7413,4945
17739,3023.7413,4945
17891,3023.7413,4945
18047,3023.7413,4945
19284,3023.7413,4945
19288,3023.7413,4945
19321,3023.7413,4945
29638,3023.2808,4955
20999,3022.7635,4956
21380,3022.7635,4956
22173,3022.7635,4956
22578,3022.7635,4956
24169,3022.7635,4956
24172,3022.7635,4956
24272,3022.7635,4956
25408,3022.7635,4956
17080,3019.6307,4964
17633,3019.6307,4964
17950,3019.6307,4964
19188,3019.6307,4964
13069,3018.3545,4968
15079,3018.3545,4968
16052,3018.3545,4968
29829,3017.5686,4971
22579,3017.2495,4972
23102,3017.2495,4972
23320,3017.2495,4972
23324,3017.2495,4972
23999,3017.2495,4972
24008,3017.2495,4972
26113,3017.2495,4972
19314,3017.1003,4979
17787,3012.6913000000004,4980
14925,3007.3156,4981
14930,3007.3156,4981
16253,3007.3156,4981
21000,3007.3156,4981
22171,3007.3156,4981
22402,3007.3156,4981
22573,3007.3156,4981
22576,3007.3156,4981
24006,3007.3156,4981
24177,3007.3156,4981
24247,3007.3156,4981
24273,3007.3156,4981
25288,3007.3156,4981
25992,3007.3156,4981
17756,3000.5253000000002,4995
17770,3000.5253000000002,4995
17894,2995.0113,4997
14109,2985.0774,4998
17099,2985.0774,4998
17716,2985.0774,4998
17885,2985.0774,4998
19254,2985.0774,4998
19274,2985.0774,4998
19316,2985.0774,4998
16161,2983.5534,5005
13025,2972.8916,5006
21400,2971.2231,5007
15830,2961.8195,5008
13036,2958.1605,5009
29412,2952.427,5010
21331,2951.3331000000003,5011
13021,2948.5595000000003,5012
15790,2948.5595000000003,5012
12573,2948.2264999999998,5014
12575,2948.2264999999998,5014
12578,2948.2264999999998,5014
12589,2944.8894,5017
13024,2944.8894,5017
13156,2943.3771,5019
29603,2942.1874,5020
21501,2940.8466000000003,5021
12570,2932.7344000000003,5022
12576,2931.6405,5023
21595,2927.7619,5024
21655,2926.1155,5025
12581,2924.2716,5026
12583,2924.2716,5026
21354,2924.2716,5026
15831,2924.2259,5029
21652,2923.8944,5030
15792,2923.1666,5031
16160,2921.6955,5032
13022,2921.6402,5033
13018,2919.8295000000003,5034
21658,2919.2881,5035
12571,2918.7356,5036
16163,2918.7356,5036
27937,2918.5592,5038
29388,2916.2935,5039
12588,2916.1815,5040
16164,2916.1815,5040
22430,2916.0287,5042
13518,2915.3859,5043
13035,2915.0544,5044
21582,2915.0544,5044
12586,2913.2327,5046
12584,2909.8956000000003,5047
12585,2905.1205,5048
21336,2904.3264,5049
12574,2902.1606,5050
21352,2901.0556,5051
21629,2899.6065,5052
21620,2895.5416,5053
21642,2895.5416,5053
20036,2893.5751,5055
21332,2891.6284,5056
21621,2891.6284,5056
12577,2888.5565,5058
21622,2886.3244,5059
12572,2885.6077,5060
15832,2885.6077,5060
15833,2885.6077,5060
28757,2885.6077,5060
21618,2885.2305,5064
21613,2884.689,5065
17949,2879.9035,5066
28758,2876.3905,5067
20037,2868.5248,5068
18011,2862.3459,5069
12579,2860.9426,5070
12580,2860.9426,5070
13020,2860.9426,5070
21589,2860.9426,5070
21614,2860.9426,5070
29389,2860.9426,5070
29390,2860.9426,5070
14730,2859.8155,5077
27944,2849.6956,5078
16373,2849.1652,5079
20834,2836.4798,5080
21040,2836.4798,5080
21104,2836.4798,5080
22501,2836.314,5083
29743,2835.6847,5084
16790,2834.2366,5085
20346,2834.2366,5085
16118,2833.1206,5087
16366,2832.5018,5088
20405,2832.5018,5088
22647,2832.5018,5088
24573,2832.5018,5088
19319,2831.5184,5092
20848,2827.0984,5093
20850,2825.4188,5094
24847,2820.8661,5095
17973,2819.2509,5096
19276,2815.4848,5097
19296,2815.4848,5097
20837,2815.4848,5097
21036,2815.4848,5097
21056,2815.4848,5097
20852,2814.3909,5102
20982,2814.3909,5102
20324,2810.5012,5104
23606,2810.5012,5104
26399,2810.5012,5104
19297,2809.9709000000003,5107
20869,2809.9709000000003,5107
21053,2809.9709000000003,5107
20545,2809.2526,5110
20838,2808.8437999999996,5111
16778,2808.1586,5112
19280,2804.4569,5113
19315,2804.4569,5113
19318,2804.4569,5113
21027,2804.4569,5113
21106,2804.4569,5113
25774,2803.7386,5118
23765,2802.0701,5119
19293,2800.0369,5120
20832,2800.0369,5120
20886,2800.0369,5120
21034,2800.0369,5120
21044,2800.0369,5120
21071,2800.0369,5120
21105,2800.0369,5120
24534,2799.9927,5127
19313,2799.4734,5128
29532,2798.9022,5129
28902,2795.5727,5130
16140,2793.8047,5131
20339,2793.8047,5131
20385,2793.8047,5131
20412,2793.8047,5131
20890,2793.3959,5135
21011,2793.3959,5135
16231,2791.1637,5137
27924,2791.1637,5137
22690,2788.9316,5139
20476,2786.0476,5140
19661,2786.0034,5141
19282,2785.6056,5142
20345,2785.5172,5143
26381,2785.5172,5143
24860,2784.9426,5145
22595,2784.5227,5146
30032,2783.822,5147
13472,2783.4729,5148
19181,2783.4619000000002,5149
19256,2783.4619000000002,5149
19292,2783.4619000000002,5149
19309,2783.4619000000002,5149
20851,2783.4619000000002,5149
20872,2783.4619000000002,5149
20875,2783.4619000000002,5149
20880,2783.4619000000002,5149
20885,2783.4619000000002,5149
20933,2783.4619000000002,5149
21668,2783.4619000000002,5149
16004,2782.6663,5160
25762,2781.3071,5161
20975,2779.3513000000003,5162
21018,2779.3513000000003,5162
21093,2779.3513000000003,5162
16237,2778.9977,5165
16361,2778.9977,5165
20465,2778.9977,5165
22449,2778.9977,5165
24066,2778.9977,5165
24549,2778.9977,5165
25769,2778.9977,5165
25776,2778.6441,5172
20824,2776.8208999999997,5173
16752,2776.1136,5174
20303,2776.1136,5174
20462,2776.1136,5174
20348,2775.0086,5177
22664,2775.0086,5177
24537,2775.0086,5177
20839,2774.9424,5180
21092,2774.9424,5180
23608,2774.5887,5182
25637,2774.5887,5182
19287,2772.4119,5184
20859,2772.4119,5184
21060,2771.8594000000003,5186
24795,2770.2682,5187
21103,2770.1798,5188
26038,2765.8482,5189
20199,2765.6272,5190
17156,2765.0084,5191
24868,2763.9476,5192
25805,2763.9476,5192
11015,2763.5719,5194
20640,2760.6657,5195
21012,2760.2459,5196
21020,2760.2459,5196
29857,2760.0653,5198
18848,2758.3784,5199
24662,2755.3617,5200
25756,2755.3617,5200
16751,2754.0136,5202
20323,2754.0136,5202
20461,2754.0136,5202
20543,2754.0136,5202
21858,2754.0136,5202
22465,2754.0136,5202
22632,2754.0136,5202
24067,2754.0136,5202
24523,2753.6821,5210
24734,2753.6821,5210
16365,2751.6489,5212
22445,2751.6489,5212
20180,2749.1185,5214
20649,2749.1185,5214
21857,2748.4997,5216
24558,2748.4997,5216
24577,2748.4997,5216
24583,2748.4997,5216
24883,2748.4997,5216
18010,2746.0005,5221
19174,2744.798,5222
19255,2744.798,5222
19295,2744.798,5222
20856,2744.798,5222
21039,2744.798,5222
21067,2744.798,5222
21130,2744.798,5222
21669,2744.798,5222
24632,2743.7482,5230
24522,2743.2288,5231
16362,2742.8642,5232
16364,2742.8642,5232
16372,2742.8642,5232
16782,2742.8642,5232
20382,2742.8642,5232
20386,2742.8642,5232
20442,2742.8642,5232
20472,2742.8642,5232
20495,2742.8642,5232
23597,2742.8642,5232
24040,2742.8642,5232
25795,2742.8642,5232
16363,2742.4111,5244
22500,2742.4111,5244
22692,2742.4111,5244
23618,2742.4111,5244
23630,2742.4111,5244
24092,2742.4111,5244
25192,2741.494,5250
16747,2740.3337,5251
16762,2740.3337,5251
20200,2740.3337,5251
22448,2740.3337,5251
23636,2740.3337,5251
24569,2740.3337,5251
25779,2740.3337,5251
25780,2740.3337,5251
25793,2740.3337,5251
27952,2740.3337,5251
19357,2738.818,5261
16375,2738.5657,5262
16490,2738.5657,5262
16670,2738.5657,5262
16770,2738.5657,5262
20210,2738.5657,5262
20496,2738.5657,5262
20527,2738.5657,5262
22808,2738.5657,5262
23234,2738.5657,5262
23776,2738.5657,5262
24091,2738.5657,5262
24865,2738.5657,5262
25481,2738.5657,5262
26206,2738.5657,5262
20638,2738.4552,5276
22312,2738.4552,5276
22524,2738.4552,5276
24735,2738.2342,5279
25423,2738.2342,5279
28961,2738.2342,5279
28962,2737.6707,5282
16232,2735.9248,5283
16761,2735.9248,5283
20204,2735.9248,5283
20376,2735.9248,5283
22648,2735.9248,5283
22822,2735.9248,5283
23759,2735.9248,5283
25796,2735.9248,5283
28876,2735.9248,5283
25073,2732.7203,5292
28928,2732.7203,5292
28949,2732.7203,5292
24346,2732.7092,5295
24668,2732.7092,5295
25078,2732.7092,5295
25745,2732.7092,5295
28952,2732.7092,5295
30041,2730.5029,5300
24203,2728.3003,5301
24807,2728.3003,5301
25025,2728.3003,5301
25072,2728.3003,5301
25075,2728.3003,5301
25076,2728.3003,5301
25400,2728.3003,5301
25484,2728.3003,5301
25730,2728.3003,5301
24990,2727.1842,5310
24417,2726.0571,5311
16673,2725.2836,5312
20297,2725.2836,5312
20639,2725.2836,5312
20659,2725.2836,5312
23629,2725.2836,5312
23922,2725.2836,5312
24093,2725.2836,5312
24582,2725.2836,5312
18511,2724.8527,5320
23921,2724.1344,5321
19387,2722.7844,5322
24520,2721.1178,5323
25059,2721.1178,5323
25186,2721.1178,5323
27869,2721.1178,5323
28953,2721.1178,5323
25742,2720.5432,5328
24183,2720.0128,5329
24676,2720.0128,5329
25015,2720.0128,5329
28207,2720.0128,5329
16132,2717.8801,5333
29674,2717.6198,5334
18008,2717.2705,5335
19329,2717.2705,5335
16783,2715.3497,5337
20039,2715.3497,5337
20544,2715.3497,5337
20641,2715.3497,5337
20644,2715.3497,5337
20648,2715.3497,5337
20658,2715.3497,5337
22691,2715.3497,5337
23764,2715.3497,5337
23925,2715.3497,5337
24068,2715.3497,5337
24852,2715.3497,5337
24870,2715.3497,5337
27309,2715.3497,5337
27948,2715.3497,5337
18415,2712.7529,5352
17996,2711.7565,5353
17999,2711.7565,5353
23666,2710.6092,5355
24341,2710.6092,5355
24654,2710.6092,5355
24681,2710.6092,5355
24739,2710.6092,5355
25185,2710.6092,5355
25289,2710.6092,5355
25414,2710.6092,5355
25464,2710.6092,5355
25736,2710.6092,5355
25767,2710.6092,5355
29113,2710.6092,5355
29359,2710.6092,5355
20337,2709.8357,5368
20642,2709.8357,5368
23635,2709.8357,5368
25798,2709.8357,5368
24700,2709.5042,5372
24799,2709.5042,5372
28697,2709.5042,5372
28729,2709.5042,5372
28731,2709.5042,5372
29178,2709.5042,5372
29180,2709.5042,5372
29407,2709.5042,5372
16727,2708.6865,5380
16732,2708.6865,5380
20183,2708.6865,5380
20302,2708.6865,5380
22828,2708.6865,5380
23607,2708.6865,5380
25775,2708.6865,5380
26205,2708.6865,5380
14732,2707.3365000000003,5388
17987,2707.3365000000003,5388
18039,2707.3365000000003,5388
24794,2705.0842,5391
25047,2705.0842,5391
24421,2703.9903,5393
24446,2703.9903,5393
24633,2703.9903,5393
25064,2703.9903,5393
25180,2703.9903,5393
27864,2703.9903,5393
29043,2703.9903,5393
29190,2703.9903,5393
29247,2703.9903,5393
29319,2703.9903,5393
16866,2701.1173,5403
24343,2700.1228,5404
24348,2700.1228,5404
24357,2700.1228,5404
24444,2700.1228,5404
27867,2700.1228,5404
16235,2699.9018,5409
16728,2699.9018,5409
16776,2699.9018,5409
16789,2699.9018,5409
20038,2699.9018,5409
20181,2699.9018,5409
20340,2699.9018,5409
20347,2699.9018,5409
20377,2699.9018,5409
20482,2699.9018,5409
22323,2699.9018,5409
22464,2699.9018,5409
23906,2699.9018,5409
23926,2699.9018,5409
24053,2699.9018,5409
24786,2699.9018,5409
25061,2699.9018,5409
25094,2699.9018,5409
25095,2699.9018,5409
25100,2699.9018,5409
25361,2699.9018,5409
25363,2699.9018,5409
25393,2699.9018,5409
25778,2699.9018,5409
25864,2699.9018,5409
25875,2699.9018,5409
25883,2699.9018,5409
25892,2699.9018,5409
25995,2699.9018,5409
26013,2699.9018,5409
26207,2699.9018,5409
26294,2699.9018,5409
26382,2699.9018,5409
26420,2699.9018,5409
27316,2699.9018,5409
27943,2699.9018,5409
28659,2699.9018,5409
28663,2699.9018,5409
28766,2699.9018,5409
28798,2699.9018,5409
28802,2699.9018,5409
28834,2699.9018,5409
28836,2699.9018,5409
28850,2699.9018,5409
28901,2699.9018,5409
29149,2699.9018,5409
29159,2699.9018,5409
29281,2699.9018,5409
23328,2699.0067,5457
24433,2699.0067,5457
28326,2699.0067,5457
17038,2698.7194,5460
25724,2698.4432,5461
26822,2698.4432,5461
28416,2698.4432,5461
29480,2698.4432,5461
16969,2696.189,5465
17171,2696.189,5465
18068,2696.189,5465
18122,2696.189,5465
18378,2696.189,5465
20581,2696.189,5465
24754,2696.1779,5471
21037,2694.2995,5472
24432,2694.0563,5473
24436,2694.0563,5473
24645,2694.0563,5473
24811,2694.0563,5473
24815,2694.0563,5473
24818,2694.0563,5473
24997,2694.0563,5473
24998,2694.0563,5473
25008,2694.0563,5473
25038,2694.0563,5473
25161,2694.0563,5473
25184,2694.0563,5473
25285,2694.0563,5473
25425,2694.0563,5473
25765,2694.0563,5473
29196,2694.0563,5473
29308,2694.0563,5473
29317,2694.0563,5473
14731,2690.7615,5491
17957,2690.7615,5491
17971,2690.7615,5491
18009,2690.7615,5491
18038,2690.7615,5491
18046,2690.7615,5491
19415,2690.7615,5491
16916,2690.5866,5498
24063,2688.5092,5499
24198,2688.5092,5499
24219,2688.5092,5499
24738,2688.5092,5499
24790,2688.5092,5499
25080,2688.5092,5499
25105,2688.5092,5499
25163,2688.5092,5499
25404,2688.5092,5499
25405,2688.5092,5499
25406,2688.5092,5499
25415,2688.5092,5499
25625,2688.5092,5499
25720,2688.5092,5499
25729,2688.5092,5499
27901,2688.5092,5499
28365,2688.5092,5499
28377,2688.5092,5499
28523,2688.5092,5499
28535,2688.5092,5499
28714,2688.5092,5499
29289,2688.5092,5499
29316,2688.5092,5499
17625,2687.3048,5522
17956,2686.6509,5523
25744,2683.2605,5524
24190,2682.9953,5525
24201,2682.9953,5525
24384,2682.9953,5525
24673,2682.9953,5525
25640,2682.9953,5525
25758,2682.9953,5525
27821,2682.9953,5525
28415,2682.9953,5525
28696,2682.9953,5525
28742,2682.9953,5525
29468,2682.9953,5525
29477,2682.9953,5525
18634,2682.242,5537
24437,2681.8792,5538
25397,2681.8792,5538
28417,2680.73,5540
17424,2677.9454,5541
17555,2677.9454,5541
22343,2676.9067,5543
29368,2676.9067,5543
29369,2676.9067,5543
12783,2674.6083,5546
24359,2674.4757,5547
24528,2674.4757,5547
24782,2674.4757,5547
24783,2674.4757,5547
25040,2674.4757,5547
25319,2674.4757,5547
25457,2674.4757,5547
26362,2674.4757,5547
28735,2674.4757,5547
29042,2674.4757,5547
29184,2674.4757,5547
18831,2673.5033,5558
22344,2673.0613,5559
24083,2673.0613,5559
24105,2673.0613,5559
24135,2673.0613,5559
24140,2673.0613,5559
24157,2673.0613,5559
24347,2673.0613,5559
24349,2673.0613,5559
24405,2673.0613,5559
24425,2673.0613,5559
24441,2673.0613,5559
24445,2673.0613,5559
24521,2673.0613,5559
24526,2673.0613,5559
24527,2673.0613,5559
24640,2673.0613,5559
24660,2673.0613,5559
24669,2673.0613,5559
24670,2673.0613,5559
24675,2673.0613,5559
24708,2673.0613,5559
24760,2673.0613,5559
24761,2673.0613,5559
24779,2673.0613,5559
24789,2673.0613,5559
24791,2673.0613,5559
24792,2673.0613,5559
24793,2673.0613,5559
24800,2673.0613,5559
24801,2673.0613,5559
24809,2673.0613,5559
24810,2673.0613,5559
24814,2673.0613,5559
24828,2673.0613,5559
24942,2673.0613,5559
24959,2673.0613,5559
24966,2673.0613,5559
24979,2673.0613,5559
24988,2673.0613,5559
25014,2673.0613,5559
25042,2673.0613,5559
25050,2673.0613,5559
25060,2673.0613,5559
25063,2673.0613,5559
25077,2673.0613,5559
25079,2673.0613,5559
25150,2673.0613,5559
25155,2673.0613,5559
25191,2673.0613,5559
25193,2673.0613,5559
25284,2673.0613,5559
25290,2673.0613,5559
25320,2673.0613,5559
25398,2673.0613,5559
25426,2673.0613,5559
25430,2673.0613,5559
25674,2673.0613,5559
25702,2673.0613,5559
25725,2673.0613,5559
26221,2673.0613,5559
26229,2673.0613,5559
26823,2673.0613,5559
27819,2673.0613,5559
27820,2673.0613,5559
27839,2673.0613,5559
27865,2673.0613,5559
27868,2673.0613,5559
27870,2673.0613,5559
28201,2673.0613,5559
28202,2673.0613,5559
28204,2673.0613,5559
28309,2673.0613,5559
28397,2673.0613,5559
28403,2673.0613,5559
28557,2673.0613,5559
28695,2673.0613,5559
28703,2673.0613,5559
28704,2673.0613,5559
28709,2673.0613,5559
28720,2673.0613,5559
28723,2673.0613,5559
28732,2673.0613,5559
28734,2673.0613,5559
28927,2673.0613,5559
28935,2673.0613,5559
28948,2673.0613,5559
28957,2673.0613,5559
29103,2673.0613,5559
29137,2673.0613,5559
29192,2673.0613,5559
29194,2673.0613,5559
29195,2673.0613,5559
29277,2673.0613,5559
29300,2673.0613,5559
29303,2673.0613,5559
29309,2673.0613,5559
29310,2673.0613,5559
29366,2673.0613,5559
29367,2673.0613,5559
29473,2673.0613,5559
17004,2672.4204,5659
24153,2671.9453,5660
24194,2671.9453,5660
24354,2671.9453,5660
24358,2671.9453,5660
24680,2671.9453,5660
24788,2671.9453,5660
24996,2671.9453,5660
25000,2671.9453,5660
28549,2671.9453,5660
29360,2671.9453,5660
17003,2670.1773,5670
18905,2670.1552,5671
16987,2668.564,5672
17412,2668.564,5672
17543,2668.564,5672
18231,2668.564,5672
18236,2668.564,5672
18420,2668.564,5672
20573,2668.564,5672
16104,2668.5419,5679
18863,2668.5419,5679
24061,2666.4313,5681
24136,2666.4313,5681
24806,2666.4313,5681
24987,2666.4313,5681
25458,2666.4313,5681
16653,2665.2048,5686
18808,2665.1937,5687
18400,2662.9948,5688
28217,2661.1605,5689
24084,2659.7792,5690
24413,2659.7792,5690
24498,2659.7792,5690
24798,2659.7792,5690
24802,2659.7792,5690
24808,2659.7792,5690
25735,2659.7792,5690
26223,2659.7792,5690
26818,2659.7792,5690
28327,2659.7792,5690
28733,2659.7792,5690
28755,2659.7792,5690
29115,2659.7792,5690
29165,2659.7792,5690
16086,2659.6798,5704
17461,2659.6798,5704
24785,2658.63,5706
13391,2658.0444,5707
16852,2658.0444,5707
17535,2658.0444,5707
18533,2658.0444,5707
13143,2657.4919,5711
17580,2657.4919,5711
24560,2657.4919,5711
17441,2657.4698,5714
17393,2657.4256,5715
18516,2657.4256,5715
17006,2656.9283,5717
17613,2654.1548,5718
16077,2653.6023,5719
17013,2653.6023,5719
18389,2653.6023,5719
18540,2653.6023,5719
12782,2653.0498,5723
22817,2653.0277,5724
24427,2652.3757,5725
19353,2652.0976,5726
11144,2651.9669,5727
21532,2651.9448,5728
17582,2650.3094,5729
23667,2649.8453,5730
24158,2649.8453,5730
24345,2649.8453,5730
24353,2649.8453,5730
24414,2649.8453,5730
24434,2649.8453,5730
24529,2649.8453,5730
24756,2649.8453,5730
24764,2649.8453,5730
24770,2649.8453,5730
24796,2649.8453,5730
24831,2649.8453,5730
24972,2649.8453,5730
25334,2649.8453,5730
25396,2649.8453,5730
25407,2649.8453,5730
25618,2649.8453,5730
25622,2649.8453,5730
25623,2649.8453,5730
25681,2649.8453,5730
25738,2649.8453,5730
26230,2649.8453,5730
27866,2649.8453,5730
28206,2649.8453,5730
28208,2649.8453,5730
28446,2649.8453,5730
28524,2649.8453,5730
28747,2649.8453,5730
28963,2649.8453,5730
29357,2649.8453,5730
29478,2649.8453,5730
13918,2649.7348,5761
17563,2649.6906,5762
18782,2649.6906,5762
13397,2648.6187,5764
18515,2648.6187,5764
11158,2647.5358,5766
16756,2647.5358,5766
18413,2647.5358,5766
23612,2647.5358,5766
18075,2646.4419,5770
18377,2646.4419,5770
18824,2646.4419,5770
18860,2646.4419,5770
21057,2646.4419,5770
13270,2646.4198,5775
17425,2646.4198,5775
18224,2645.8673,5777
23276,2644.3313,5778
24110,2644.3313,5778
24340,2644.3313,5778
24351,2644.3313,5778
24352,2644.3313,5778
24403,2644.3313,5778
24420,2644.3313,5778
24644,2644.3313,5778
24653,2644.3313,5778
24683,2644.3313,5778
24684,2644.3313,5778
24685,2644.3313,5778
24688,2644.3313,5778
24707,2644.3313,5778
24762,2644.3313,5778
24784,2644.3313,5778
24787,2644.3313,5778
24797,2644.3313,5778
24819,2644.3313,5778
25049,2644.3313,5778
25074,2644.3313,5778
25084,2644.3313,5778
25286,2644.3313,5778
25399,2644.3313,5778
25401,2644.3313,5778
25427,2644.3313,5778
25429,2644.3313,5778
27872,2644.3313,5778
27880,2644.3313,5778
28311,2644.3313,5778
28694,2644.3313,5778
28712,2644.3313,5778
28923,2644.3313,5778
28940,2644.3313,5778
28954,2644.3313,5778
29179,2644.3313,5778
29183,2644.3313,5778
29191,2644.3313,5778
29256,2644.3313,5778
29292,2644.3313,5778
29392,2644.3313,5778
29469,2644.3313,5778
18113,2643.1158,5820
16113,2643.1048,5821
16818,2643.0937,5822
18611,2643.0937,5822
16641,2642.5302,5824
18878,2641.9998,5825
11156,2640.9169,5826
18514,2640.9058,5827
18561,2640.9058,5827
13102,2637.5687,5829
13358,2637.5687,5829
16478,2636.4637,5831
17010,2635.3919,5832
18839,2635.3919,5832
17446,2635.3808,5834
24339,2634.3974,5835
24383,2634.3974,5835
24404,2634.3974,5835
24641,2634.3974,5835
24674,2634.3974,5835
24780,2634.3974,5835
24804,2634.3974,5835
24958,2634.3974,5835
25162,2634.3974,5835
25169,2634.3974,5835
25175,2634.3974,5835
25409,2634.3974,5835
25410,2634.3974,5835
25452,2634.3974,5835
25463,2634.3974,5835
25734,2634.3974,5835
26209,2634.3974,5835
27871,2634.3974,5835
28136,2634.3974,5835
28203,2634.3974,5835
28323,2634.3974,5835
28719,2634.3974,5835
29102,2634.3974,5835
29114,2634.3974,5835
29293,2634.3974,5835
29295,2634.3974,5835
29306,2634.3974,5835
29318,2634.3974,5835
29358,2634.3974,5835
29382,2634.3974,5835
16078,2634.2648,5865
16867,2632.0437,5866
18528,2632.0437,5866
11041,2630.4194,5868
11136,2630.4194,5868
13711,2630.4194,5868
16845,2630.4194,5868
16859,2630.4194,5868
16912,2630.4194,5868
17593,2630.4194,5868
18067,2630.4194,5868
18441,2630.4194,5868
18478,2630.4194,5868
18518,2629.8448,5878
20860,2629.6901,5879
18566,2629.3254,5880
17135,2629.3144,5881
20587,2628.7398,5882
20722,2628.5741,5883
11523,2626.5408,5884
11526,2626.5408,5884
11888,2626.5408,5884
13100,2626.5408,5884
16144,2626.5408,5884
16869,2626.5408,5884
16909,2626.5408,5884
17134,2626.5408,5884
17141,2626.5408,5884
17421,2626.5408,5884
17453,2626.5408,5884
17536,2626.5408,5884
17594,2626.5408,5884
18116,2626.5408,5884
18435,2626.5408,5884
18838,2626.5408,5884
17005,2625.9773,5900
18850,2625.9773,5900
16915,2624.3529,5902
17622,2624.3529,5902
18395,2624.3529,5902
20923,2624.1540999999997,5905
11037,2623.5242,5906
20912,2623.038,5907
16112,2622.6844,5908
11063,2622.1098,5909
23603,2622.1098,5909
11021,2621.0158,5911
15998,2621.0158,5911
17427,2621.0158,5911
11132,2620.9937,5914
17416,2619.9108,5915
17475,2619.9108,5915
17420,2619.0931,5917
13417,2618.8169,5918
16087,2618.8169,5918
16244,2618.8169,5918
16844,2618.8169,5918
16864,2618.8169,5918
17458,2618.8169,5918
17604,2618.8169,5918
18232,2618.8169,5918
18376,2618.8169,5918
18972,2618.8169,5918
11618,2618.8058,5928
16100,2618.8058,5928
16832,2618.8058,5928
16851,2618.8058,5928
16865,2618.8058,5928
17176,2618.8058,5928
17365,2618.8058,5928
18416,2618.8058,5928
18961,2618.8058,5928
21506,2618.8058,5928
21538,2618.8058,5928
17581,2618.2423,5939
20861,2616.7064,5940
12451,2616.5516,5941
16147,2615.756,5942
12081,2615.4908,5943
13878,2615.4908,5943
16908,2615.4908,5943
17399,2615.4908,5943
18560,2615.4908,5943
18849,2615.4908,5943
11647,2614.3637,5949
17413,2614.3637,5949
22803,2613.3029,5951
27324,2613.2919,5952
20930,2611.9881,5953
13396,2610.3084,5954
18379,2610.3084,5954
18426,2610.3084,5954
18519,2610.3084,5954
18781,2610.3084,5954
18783,2610.3084,5954
16105,2609.9548,5960
16914,2609.9548,5960
21835,2608.8498,5962
16906,2607.7779,5963
17544,2607.7779,5963
18437,2607.7779,5963
18881,2607.7779,5963
22800,2607.7779,5963
18508,2607.7558,5968
18381,2607.2033,5969
16872,2606.9602,5970
16645,2604.7944,5971
16983,2604.7944,5971
17133,2604.7944,5971
17552,2604.7944,5971
17624,2604.7944,5971
18817,2604.7944,5971
18539,2604.4298,5977
12080,2602.264,5978
13434,2602.264,5978
17417,2602.264,5978
18406,2602.264,5978
11036,2602.2529,5982
13916,2602.2529,5982
15999,2602.2529,5982
16850,2602.2529,5982
17267,2602.2529,5982
17398,2602.2529,5982
17474,2602.2529,5982
18829,2602.2529,5982
20553,2602.2529,5982
21505,2602.2529,5982
21827,2602.2529,5982
22810,2602.2529,5982
26388,2602.2529,5982
18862,2601.6894,5995
11062,2598.9158,5996
11265,2598.9158,5996
12449,2598.9158,5996
13217,2598.9158,5996
13393,2598.9158,5996
17009,2598.9158,5996
17364,2598.9158,5996
17612,2598.9158,5996
18422,2598.9158,5996
18479,2598.9158,5996
18547,2598.9158,5996
18578,2598.9158,5996
18581,2598.9158,5996
18788,2598.9158,5996
18950,2598.9158,5996
18971,2598.9158,5996
19710,2598.9158,5996
11040,2597.8108,6013
12090,2597.8108,6013
18398,2597.8108,6013
18432,2597.8108,6013
18785,2597.8108,6013
11316,2596.7279,6018
13743,2596.7279,6018
18512,2596.7279,6018
18225,2596.7058,6021
13455,2596.6616,6022
18532,2591.4681,6023
18066,2591.1808,6024
18375,2591.1808,6024
18819,2591.1808,6024
20589,2591.1808,6024
23605,2591.1808,6024
13454,2590.4073,6029
16833,2590.0758,6030
16880,2590.0758,6030
16854,2588.9377,6032
18392,2588.9377,6032
16785,2588.9266,6034
17553,2588.9266,6034
16116,2587.8769,6036
16892,2587.8769,6036
16907,2587.8769,6036
17001,2587.8769,6036
17363,2587.8769,6036
17439,2587.8769,6036
17542,2587.8769,6036
17545,2587.8769,6036
18429,2587.8769,6036
18460,2587.8769,6036
18513,2587.8769,6036
18613,2587.8769,6036
19705,2587.8769,6036
13710,2587.3133,6049
17433,2587.3133,6049
18959,2587.3133,6049
16111,2586.7387,6052
22816,2586.7387,6052
12017,2585.6669,6054
17460,2585.6669,6054
13145,2582.6834,6056
13387,2582.6834,6056
13706,2582.6834,6056
17591,2582.6834,6056
18388,2582.6834,6056
17157,2580.1529,6061
17175,2580.1529,6061
17462,2580.1529,6061
18352,2580.1529,6061
18832,2580.1529,6061
22836,2580.1529,6061
11135,2580.1419,6067
17037,2580.1419,6067
17592,2580.1419,6067
18399,2580.1419,6067
18615,2580.1419,6067
18951,2580.1419,6067
27951,2580.1419,6067
18427,2579.5783,6074
26406,2579.5783,6074
11016,2577.1694,6076
12903,2577.1694,6076
13709,2577.1694,6076
17017,2577.1694,6076
18428,2577.1694,6076
12447,2576.8048,6081
13851,2576.8048,6081
17002,2576.8048,6081
17400,2576.8048,6081
18864,2576.8048,6081
13370,2574.639,6086
13987,2574.639,6086
16007,2574.639,6086
16095,2574.639,6086
17007,2574.639,6086
17401,2574.639,6086
17470,2574.639,6086
18480,2574.639,6086
18595,2574.639,6086
19746,2574.639,6086
11053,2574.6279,6096
11162,2574.6279,6096
12781,2574.6279,6096
12902,2574.6279,6096
12914,2574.6279,6096
13853,2574.6279,6096
16146,2574.6279,6096
18433,2574.6279,6096
18497,2574.6279,6096
18827,2574.6279,6096
18876,2574.6279,6096
21542,2574.6279,6096
25786,2574.6279,6096
17623,2571.2908,6109
18922,2571.2908,6109
13241,2570.1858,6111
13415,2570.1858,6111
16893,2570.1858,6111
16968,2570.1858,6111
17264,2570.1858,6111
18594,2570.1858,6111
16079,2569.0366,6117
17508,2569.0366,6117
11022,2566.1194,6119
11160,2566.1194,6119
13398,2566.1194,6119
16101,2566.1194,6119
16145,2566.1194,6119
16868,2566.1194,6119
16979,2566.1194,6119
17403,2566.1194,6119
18418,2566.1194,6119
18586,2566.1194,6119
18882,2566.1194,6119
21828,2566.1194,6119
11154,2563.589,6131
11155,2563.589,6131
11512,2563.589,6131
13209,2563.589,6131
13271,2563.589,6131
13377,2563.589,6131
13414,2563.589,6131
16081,2563.589,6131
16114,2563.589,6131
16148,2563.589,6131
16753,2563.589,6131
16881,2563.589,6131
16989,2563.589,6131
17140,2563.589,6131
17268,2563.589,6131
17537,2563.589,6131
18351,2563.589,6131
18412,2563.589,6131
18527,2563.589,6131
18538,2563.589,6131
18614,2563.589,6131
18643,2563.589,6131
21537,2563.589,6131
13027,2562.7823,6154
18818,2562.7823,6154
24841,2562.7823,6154
11251,2562.4508,6157
13394,2562.4508,6157
13473,2562.4508,6157
16961,2562.4508,6157
17546,2562.4508,6157
18237,2562.4508,6157
18403,2562.4508,6157
18481,2562.4508,6157
18582,2562.4508,6157
16981,2561.3016,6166
18526,2561.3016,6166
11020,2560.2519,6168
13428,2560.2519,6168
16755,2560.2519,6168
16819,2560.2519,6168
16871,2560.2519,6168
16967,2560.2519,6168
17008,2560.2519,6168
17524,2560.2519,6168
18353,2560.2519,6168
18894,2560.2519,6168
18442,2555.0473,6178
11145,2552.5169,6179
13154,2552.5169,6179
17139,2552.5169,6179
17362,2552.5169,6179
18357,2552.5169,6179
18386,2552.5169,6179
22797,2552.5169,6179
23621,2552.5169,6179
25777,2552.5169,6179
11064,2547.0029,6188
17402,2547.0029,6188
22824,2547.0029,6188
16779,2538.4944,6191
17136,2538.4944,6191
17415,2538.4944,6191
17423,2538.4944,6191
18394,2538.4944,6191
18610,2538.4944,6191
11152,2535.964,6197
11693,2535.964,6197
12086,2535.964,6197
12785,2535.964,6197
13399,2535.964,6197
13427,2535.964,6197
13852,2535.964,6197
16344,2535.964,6197
16786,2535.964,6197
16835,2535.964,6197
16839,2535.964,6197
16882,2535.964,6197
17000,2535.964,6197
17414,2535.964,6197
17499,2535.964,6197
18393,2535.964,6197
18401,2535.964,6197
18436,2535.964,6197
18537,2535.964,6197
18592,2535.964,6197
18789,2535.964,6197
18840,2535.964,6197
21527,2535.964,6197
21833,2535.964,6197
25770,2535.964,6197
29882,2535.9086,6222
25029,2510.7781999999997,6223
24889,2508.2478,6224
29881,2507.2723,6225
24611,2452.4563,6226
24887,2451.8817,6227
30006,2450.4786,6228
24919,2445.2407000000003,6229
24904,2430.8867,6230
25108,2430.3453,6231
24905,2426.4778,6232
25231,2419.8367,6233
25032,2414.3117,6234
25213,2414.3117,6234
25218,2414.3117,6234
24907,2413.2178000000004,6237
24910,2413.2178000000004,6237
25035,2413.2178000000004,6237
25053,2413.2178000000004,6237
24781,2410.6266,6241
24817,2410.6266,6241
24824,2410.6266,6241
24832,2410.6266,6241
24976,2410.6266,6241
24977,2410.6266,6241
25046,2410.6266,6241
25093,2410.6266,6241
25371,2410.6266,6241
25911,2410.6266,6241
25999,2410.6266,6241
26049,2410.6266,6241
26235,2410.6266,6241
26279,2410.6266,6241
26310,2410.6266,6241
28669,2410.6266,6241
28818,2410.6266,6241
28819,2410.6266,6241
28832,2410.6266,6241
28837,2410.6266,6241
28848,2410.6266,6241
29013,2410.6266,6241
29135,2410.6266,6241
29152,2410.6266,6241
29154,2410.6266,6241
29336,2410.6266,6241
24921,2409.3503,6267
25030,2409.3503,6267
25113,2409.3503,6267
24917,2408.7978000000003,6270
24888,2403.2838,6271
24901,2403.2838,6271
25037,2403.2838,6271
25051,2403.2838,6271
25126,2403.2838,6271
25127,2403.2838,6271
25234,2403.2838,6271
29657,2401.8762,6278
25106,2398.8638,6279
24916,2397.7367000000004,6280
29612,2395.3115,6281
24903,2392.2228,6282
25034,2392.2228,6282
24923,2386.1342,6284
25226,2385.5817,6285
24606,2382.2888000000003,6286
24615,2382.2888000000003,6286
24900,2382.2888000000003,6286
24908,2382.2888000000003,6286
24913,2382.2888000000003,6286
24920,2382.2888000000003,6286
25052,2382.2888000000003,6286
25112,2382.2888000000003,6286
25114,2382.2888000000003,6286
25115,2382.2888000000003,6286
25120,2382.2888000000003,6286
25121,2382.2888000000003,6286
25133,2382.2888000000003,6286
25215,2382.2888000000003,6286
25229,2382.2888000000003,6286
25235,2382.2888000000003,6286
25243,2382.2888000000003,6286
24612,2378.1782000000003,6303
24909,2375.6477999999997,6304
24914,2375.6477999999997,6304
25214,2375.6477999999997,6304
24613,2373.7693,6307
25119,2373.7693,6307
24915,2371.2388,6309
24922,2371.2388,6309
25111,2371.2388,6309
24924,2369.0067,6312
25107,2369.0067,6312
25221,2369.0067,6312
25225,2353.5588,6315
24608,2343.6249,6316
24609,2343.6249,6316
24614,2343.6249,6316
24902,2343.6249,6316
24912,2343.6249,6316
24918,2343.6249,6316
25033,2343.6249,6316
25036,2343.6249,6316
25057,2343.6249,6316
25138,2343.6249,6316
25222,2343.6249,6316
25228,2343.6249,6316
25240,2343.6249,6316
25242,2343.6249,6316
29777,2343.3714,6330
29785,2302.4574000000002,6331
26174,2288.9187,6332
26183,2288.9187,6332
26249,2288.9187,6332
26481,2288.9187,6332
26710,2288.9187,6332
26717,2288.9187,6332
26726,2288.9187,6332
26735,2288.9187,6332
26786,2288.9187,6332
26805,2288.9187,6332
26811,2288.9187,6332
27020,2288.9187,6332
27021,2288.9187,6332
27050,2288.9187,6332
27054,2288.9187,6332
27056,2288.9187,6332
27063,2288.9187,6332
27064,2288.9187,6332
27076,2288.9187,6332
27077,2288.9187,6332
27078,2288.9187,6332
27079,2288.9187,6332
27080,2288.9187,6332
27087,2288.9187,6332
27088,2288.9187,6332
27091,2288.9187,6332
27094,2288.9187,6332
27108,2288.9187,6332
27206,2288.9187,6332
27211,2288.9187,6332
27212,2288.9187,6332
27227,2288.9187,6332
27228,2288.9187,6332
27234,2288.9187,6332
27239,2288.9187,6332
27256,2288.9187,6332
27257,2288.9187,6332
27258,2288.9187,6332
27264,2288.9187,6332
27266,2288.9187,6332
27271,2288.9187,6332
27277,2288.9187,6332
27286,2288.9187,6332
27289,2288.9187,6332
27405,2288.9187,6332
27423,2288.9187,6332
27448,2288.9187,6332
27468,2288.9187,6332
27504,2288.9187,6332
27508,2288.9187,6332
27531,2288.9187,6332
27534,2288.9187,6332
27544,2288.9187,6332
27547,2288.9187,6332
27549,2288.9187,6332
27552,2288.9187,6332
27554,2288.9187,6332
27575,2288.9187,6332
27576,2288.9187,6332
28510,2288.9187,6332
28532,2288.9187,6332
28560,2288.9187,6332
28707,2288.9187,6332
28708,2288.9187,6332
28711,2288.9187,6332
28727,2288.9187,6332
28736,2288.9187,6332
29361,2288.9187,6332
29380,2288.9187,6332
29414,2288.9187,6332
26127,2264.2536,6402
26711,2264.2536,6402
26724,2264.2536,6402
26725,2264.2536,6402
26731,2264.2536,6402
26734,2264.2536,6402
26801,2264.2536,6402
26814,2264.2536,6402
26815,2264.2536,6402
27044,2264.2536,6402
27045,2264.2536,6402
27047,2264.2536,6402
27051,2264.2536,6402
27058,2264.2536,6402
27067,2264.2536,6402
27068,2264.2536,6402
27069,2264.2536,6402
27081,2264.2536,6402
27083,2264.2536,6402
27086,2264.2536,6402
27089,2264.2536,6402
27090,2264.2536,6402
27095,2264.2536,6402
27193,2264.2536,6402
27205,2264.2536,6402
27226,2264.2536,6402
27231,2264.2536,6402
27232,2264.2536,6402
27235,2264.2536,6402
27240,2264.2536,6402
27251,2264.2536,6402
27254,2264.2536,6402
27255,2264.2536,6402
27260,2264.2536,6402
27261,2264.2536,6402
27262,2264.2536,6402
27263,2264.2536,6402
27268,2264.2536,6402
27269,2264.2536,6402
27272,2264.2536,6402
27275,2264.2536,6402
27276,2264.2536,6402
27292,2264.2536,6402
27416,2264.2536,6402
27421,2264.2536,6402
27424,2264.2536,6402
27425,2264.2536,6402
27431,2264.2536,6402
27467,2264.2536,6402
27523,2264.2536,6402
27524,2264.2536,6402
27535,2264.2536,6402
27546,2264.2536,6402
27551,2264.2536,6402
27553,2264.2536,6402
27555,2264.2536,6402
27556,2264.2536,6402
27558,2264.2536,6402
27559,2264.2536,6402
28512,2264.2536,6402
28519,2264.2536,6402
28529,2264.2536,6402
28540,2264.2536,6402
28541,2264.2536,6402
28547,2264.2536,6402
28559,2264.2536,6402
28683,2264.2536,6402
28685,2264.2536,6402
28689,2264.2536,6402
28690,2264.2536,6402
28724,2264.2536,6402
28728,2264.2536,6402
28739,2264.2536,6402
28749,2264.2536,6402
29364,2264.2536,6402
29397,2264.2536,6402
29404,2264.2536,6402
29415,2264.2536,6402
29450,2264.2536,6402
29479,2264.2536,6402
29482,2264.2536,6402
29483,2264.2536,6402
26566,2228.7298,6484
20831,2224.3098,6485
20835,2212.6962999999996,6486
26423,2212.1769,6487
26746,2211.6023,6488
20062,2207.1823,6489
26150,2201.6684,6490
26795,2201.6684,6490
19320,2190.0659,6492
20980,2190.0659,6492
26422,2188.9609,6494
26663,2184.5188,6495
29930,2183.9598,6496
26375,2178.4523,6497
19427,2174.0323,6498
20166,2174.0323,6498
26135,2174.0323,6498
26204,2174.0323,6498
20162,2172.9384,6502
20830,2172.9384,6502
26589,2172.9384,6502
20829,2168.5184,6505
20874,2168.5184,6505
20970,2168.5184,6505
19335,2163.0044,6508
19336,2163.0044,6508
19458,2163.0044,6508
20845,2163.0044,6508
20896,2163.0044,6508
21008,2163.0044,6508
21015,2163.0044,6508
21035,2163.0044,6508
25960,2163.0044,6508
26019,2163.0044,6508
26138,2163.0044,6508
26153,2163.0044,6508
26165,2163.0044,6508
26435,2163.0044,6508
26436,2163.0044,6508
26440,2163.0044,6508
26563,2163.0044,6508
26567,2163.0044,6508
26568,2163.0044,6508
26570,2163.0044,6508
26591,2163.0044,6508
26651,2163.0044,6508
26660,2163.0044,6508
26753,2163.0044,6508
26763,2163.0044,6508
26796,2163.0044,6508
26797,2163.0044,6508
19381,2158.5843999999997,6535
20945,2158.5843999999997,6535
26437,2158.5843999999997,6535
19343,2157.4573,6538
20842,2157.4573,6538
26024,2157.4573,6538
26131,2157.4573,6538
26142,2157.4573,6538
27494,2157.4573,6538
20719,2151.9434,6544
20847,2151.9434,6544
20913,2151.9434,6544
20979,2151.9434,6544
19436,2146.6836,6548
20726,2145.8548,6549
26444,2142.2745999999997,6550
19386,2142.0094,6551
19423,2142.0094,6551
19426,2142.0094,6551
19517,2142.0094,6551
20171,2142.0094,6551
20720,2142.0094,6551
20808,2142.0094,6551
20828,2142.0094,6551
20836,2142.0094,6551
20841,2142.0094,6551
20854,2142.0094,6551
20870,2142.0094,6551
20876,2142.0094,6551
21006,2142.0094,6551
21016,2142.0094,6551
25961,2142.0094,6551
26022,2142.0094,6551
26027,2142.0094,6551
26028,2142.0094,6551
26133,2142.0094,6551
26152,2142.0094,6551
26154,2142.0094,6551
26160,2142.0094,6551
26188,2142.0094,6551
26191,2142.0094,6551
26429,2142.0094,6551
26438,2142.0094,6551
26439,2142.0094,6551
26443,2142.0094,6551
26445,2142.0094,6551
26447,2142.0094,6551
26569,2142.0094,6551
26571,2142.0094,6551
26588,2142.0094,6551
26652,2142.0094,6551
26653,2142.0094,6551
26662,2142.0094,6551
26740,2142.0094,6551
26744,2142.0094,6551
26747,2142.0094,6551
26750,2142.0094,6551
26754,2142.0094,6551
26761,2142.0094,6551
26764,2142.0094,6551
19380,2137.8988,6595
19434,2137.8988,6595
19480,2137.8988,6595
21029,2137.8988,6595
26020,2135.3684,6599
26187,2135.3684,6599
26190,2135.3684,6599
26745,2135.3684,6599
30002,2135.2259,6603
19421,2133.4899,6604
26029,2133.4899,6604
14418,2131.4649,6606
20914,2128.7273,6607
26134,2128.7273,6607
26189,2128.7273,6607
26562,2127.5780999999997,6610
26587,2122.0642,6611
26442,2121.3238,6612
14386,2119.8292,6613
19473,2118.7934,6614
26021,2118.7934,6614
26023,2118.7934,6614
26025,2118.7934,6614
26140,2118.7934,6614
26148,2118.7934,6614
26752,2118.7934,6614
26661,2113.2794,6621
19326,2103.3455,6622
20163,2103.3455,6622
20833,2103.3455,6622
20843,2103.3455,6622
25958,2103.3455,6622
26033,2103.3455,6622
26161,2103.3455,6622
26162,2103.3455,6622
26167,2103.3455,6622
26192,2103.3455,6622
26433,2103.3455,6622
26585,2103.3455,6622
26751,2103.3455,6622
14024,2102.7017,6635
14037,2098.2817,6636
14888,2097.3655,6637
25273,2097.3655,6637
14366,2097.1546,6639
19518,2092.9455,6640
25829,2092.9455,6640
13986,2092.7678,6642
13990,2092.7678,6642
14089,2092.7678,6642
14336,2092.7678,6642
14364,2092.7678,6642
30066,2092.0874,6647
25252,2091.8184,6648
17144,2089.8423,6649
14104,2088.3478,6650
14413,2088.3478,6650
19450,2085.7519,6652
25823,2085.7519,6652
14884,2081.3319,6654
25250,2081.3319,6654
25294,2080.2380000000003,6656
25831,2080.2380000000003,6656
25949,2080.2380000000003,6656
25821,2076.3705,6659
19428,2075.818,6660
14737,2070.304,6661
25272,2070.304,6661
25819,2070.304,6661
25827,2070.304,6661
25828,2070.304,6661
25946,2070.304,6661
19432,2065.884,6667
19451,2065.884,6667
25249,2064.7569000000003,6669
19443,2059.243,6670
16973,2053.0016,6671
14379,2049.6728000000003,6672
14733,2049.309,6673
14734,2049.309,6673
14735,2049.309,6673
14881,2049.309,6673
14882,2049.309,6673
19417,2049.309,6673
19429,2049.309,6673
19472,2049.309,6673
19482,2049.309,6673
19496,2049.309,6673
25270,2049.309,6673
25271,2049.309,6673
25826,2049.309,6673
25947,2049.309,6673
14406,2045.7832,6687
25832,2045.1984,6688
14017,2043.0428000000002,6689
14080,2043.0428000000002,6689
14334,2043.0428000000002,6689
14417,2043.0428000000002,6689
14098,2039.7167,6693
14362,2039.7167,6693
29726,2034.3274999999999,6695
14036,2033.1088,6696
14343,2033.1088,6696
14367,2033.1088,6696
14495,2033.1088,6696
14106,2033.0867,6700
25830,2026.093,6701
14883,2020.579,6702
14880,2010.6451,6703
19422,2010.6451,6703
19501,2010.6451,6703
25822,2010.6451,6703
25920,2010.6451,6703
25948,2010.6451,6703
14337,2005.738,6709
29728,2002.1570000000002,6710
18804,2000.5583,6711
18858,2000.5583,6711
14378,1999.3842,6713
29993,1998.6730000000002,6714
16890,1998.3373,6715
13993,1994.4338,6716
14285,1994.4338,6716
14335,1994.4338,6716
14342,1994.4338,6716
14355,1994.4338,6716
14365,1994.4338,6716
14398,1994.4338,6716
13992,1991.4393,6723
14095,1991.4393,6723
25479,1988.9448,6725
14283,1988.9088000000002,6726
17039,1988.4254,6727
18801,1988.4254,6727
13084,1987.8508,6729
14270,1982.5882000000001,6730
14414,1982.2567,6731
18121,1981.7844,6732
18802,1981.7844,6732
24723,1981.7844,6732
16949,1977.9169,6735
17865,1977.9169,6735
18092,1977.3423,6737
18565,1977.3423,6737
16793,1976.7898,6739
16794,1973.4969,6740
16976,1973.4969,6740
17595,1973.4969,6740
18049,1973.4969,6740
18609,1973.4969,6740
18806,1973.4969,6740
22309,1973.4969,6740
25498,1973.4969,6740
25651,1973.4969,6740
17464,1972.3808,6749
18998,1972.3808,6749
14105,1972.3228,6751
18982,1971.2758,6752
26379,1971.2758,6752
17389,1966.3144,6754
17691,1966.3144,6754
18865,1966.3144,6754
21683,1966.3144,6754
24102,1966.3144,6754
17127,1965.2094,6759
17860,1964.6348,6760
22429,1964.6348,6760
14385,1964.5546,6762
17024,1962.4469,6763
18654,1962.4469,6763
20667,1962.4469,6763
25461,1962.4469,6763
16924,1961.8944,6767
17148,1961.8944,6767
17600,1961.8944,6767
18084,1961.8944,6767
18366,1961.8944,6767
18430,1961.8944,6767
18440,1961.8944,6767
18596,1961.8944,6767
18792,1961.8944,6767
21160,1961.8944,6767
22503,1961.8944,6767
22520,1961.8944,6767
22536,1961.8944,6767
22611,1961.8944,6767
22634,1961.8944,6767
26386,1961.8944,6767
26404,1961.8944,6767
27319,1961.8944,6767
17463,1960.2148,6785
26353,1960.2148,6785
16887,1955.8058,6787
25306,1955.8058,6787
14284,1955.7699000000002,6789
14415,1955.7699000000002,6789
14494,1955.7699000000002,6789
16805,1954.7008,6792
18589,1954.7008,6792
22308,1954.7008,6792
29989,1953.8345,6795
16798,1950.2808,6796
16925,1950.2808,6796
17116,1950.2808,6796
17150,1950.2808,6796
17154,1950.2808,6796
17261,1950.2808,6796
17345,1950.2808,6796
17465,1950.2808,6796
18085,1950.2808,6796
18762,1950.2808,6796
19003,1950.2808,6796
19004,1950.2808,6796
19112,1950.2808,6796
19119,1950.2808,6796
19146,1950.2808,6796
20664,1950.2808,6796
22416,1950.2808,6796
22433,1950.2808,6796
25462,1950.2808,6796
25492,1950.2808,6796
25737,1950.2808,6796
26231,1950.2808,6796
26984,1950.2808,6796
16894,1949.1869,6819
16897,1949.1869,6819
16997,1949.1869,6819
17022,1949.1869,6819
17028,1949.1869,6819
17143,1949.1869,6819
17388,1949.1869,6819
17571,1949.1869,6819
17615,1949.1869,6819
17662,1949.1869,6819
18373,1949.1869,6819
21289,1949.1869,6819
21293,1949.1869,6819
22302,1949.1869,6819
22510,1949.1869,6819
25602,1949.1869,6819
26352,1949.1869,6819
16764,1945.3194,6836
16895,1945.3194,6836
16955,1945.3194,6836
17040,1945.3194,6836
17043,1945.3194,6836
17384,1945.3194,6836
17667,1945.3194,6836
17869,1945.3194,6836
18318,1945.3194,6836
18372,1945.3194,6836
18414,1945.3194,6836
18502,1945.3194,6836
18597,1945.3194,6836
18638,1945.3194,6836
19008,1945.3194,6836
16803,1944.7669,6851
16984,1944.7669,6851
17029,1944.7669,6851
17361,1944.7669,6851
17654,1944.7669,6851
18344,1944.7669,6851
18780,1944.7669,6851
18868,1944.7669,6851
20706,1944.7669,6851
25307,1944.7669,6851
25751,1944.7669,6851
26957,1944.7669,6851
26398,1943.6398,6863
16888,1939.2529,6864
16921,1939.2529,6864
16970,1939.2529,6864
16972,1939.2529,6864
16996,1939.2529,6864
17443,1939.2529,6864
17617,1939.2529,6864
18098,1939.2529,6864
18234,1939.2529,6864
18368,1939.2529,6864
18371,1939.2529,6864
18431,1939.2529,6864
18548,1939.2529,6864
18684,1939.2529,6864
18800,1939.2529,6864
18854,1939.2529,6864
18955,1939.2529,6864
18999,1939.2529,6864
19124,1939.2529,6864
20673,1939.2529,6864
22461,1939.2529,6864
22592,1939.2529,6864
22602,1939.2529,6864
22693,1939.2529,6864
23758,1939.2529,6864
24103,1939.2529,6864
24206,1939.2529,6864
24833,1939.2529,6864
25444,1939.2529,6864
25635,1939.2529,6864
29735,1935.7608,6894
29902,1935.1035,6895
12765,1934.8329,6896
16834,1934.8329,6896
16898,1934.8329,6896
17011,1934.8329,6896
17012,1934.8329,6896
17034,1934.8329,6896
17521,1934.8329,6896
17565,1934.8329,6896
17576,1934.8329,6896
17586,1934.8329,6896
17596,1934.8329,6896
17655,1934.8329,6896
17862,1934.8329,6896
17864,1934.8329,6896
18050,1934.8329,6896
18091,1934.8329,6896
18118,1934.8329,6896
18360,1934.8329,6896
18361,1934.8329,6896
18501,1934.8329,6896
18558,1934.8329,6896
18563,1934.8329,6896
18606,1934.8329,6896
18607,1934.8329,6896
18803,1934.8329,6896
18867,1934.8329,6896
18976,1934.8329,6896
18980,1934.8329,6896
19016,1934.8329,6896
19117,1934.8329,6896
19148,1934.8329,6896
20662,1934.8329,6896
20663,1934.8329,6896
20668,1934.8329,6896
20672,1934.8329,6896
20702,1934.8329,6896
20707,1934.8329,6896
22460,1934.8329,6896
22535,1934.8329,6896
22596,1934.8329,6896
22605,1934.8329,6896
23780,1934.8329,6896
24711,1934.8329,6896
24718,1934.8329,6896
25443,1934.8329,6896
25634,1934.8329,6896
26354,1934.8329,6896
26827,1934.8329,6896
17558,1934.2694,6944
17559,1933.7058,6945
17861,1933.7058,6945
18979,1933.7058,6945
17153,1928.1919,6948
22608,1928.1919,6948
24089,1928.1919,6948
24701,1928.1919,6948
24834,1928.1919,6948
26363,1928.1919,6948
26983,1928.1919,6948
22311,1922.1033,6955
22428,1922.1033,6955
22437,1922.1033,6955
22446,1922.1033,6955
22586,1922.1033,6955
18080,1920.4016,6960
16784,1918.2579,6961
16792,1918.2579,6961
16812,1918.2579,6961
16878,1918.2579,6961
16947,1918.2579,6961
16951,1918.2579,6961
16952,1918.2579,6961
16995,1918.2579,6961
16998,1918.2579,6961
16999,1918.2579,6961
17023,1918.2579,6961
17042,1918.2579,6961
17120,1918.2579,6961
17121,1918.2579,6961
17128,1918.2579,6961
17129,1918.2579,6961
17149,1918.2579,6961
17159,1918.2579,6961
17167,1918.2579,6961
17262,1918.2579,6961
17270,1918.2579,6961
17373,1918.2579,6961
17386,1918.2579,6961
17533,1918.2579,6961
17561,1918.2579,6961
17564,1918.2579,6961
17566,1918.2579,6961
17572,1918.2579,6961
17573,1918.2579,6961
17575,1918.2579,6961
17666,1918.2579,6961
17677,1918.2579,6961
17678,1918.2579,6961
17681,1918.2579,6961
17859,1918.2579,6961
17866,1918.2579,6961
17868,1918.2579,6961
18051,1918.2579,6961
18052,1918.2579,6961
18088,1918.2579,6961
18089,1918.2579,6961
18096,1918.2579,6961
18103,1918.2579,6961
18108,1918.2579,6961
18324,1918.2579,6961
18350,1918.2579,6961
18448,1918.2579,6961
18525,1918.2579,6961
18543,1918.2579,6961
18559,1918.2579,6961
18605,1918.2579,6961
18646,1918.2579,6961
18655,1918.2579,6961
18680,1918.2579,6961
18794,1918.2579,6961
18856,1918.2579,6961
18857,1918.2579,6961
18869,1918.2579,6961
19114,1918.2579,6961
19125,1918.2579,6961
19137,1918.2579,6961
19158,1918.2579,6961
20671,1918.2579,6961
20682,1918.2579,6961
20683,1918.2579,6961
20703,1918.2579,6961
21139,1918.2579,6961
21267,1918.2579,6961
21269,1918.2579,6961
21291,1918.2579,6961
21297,1918.2579,6961
22313,1918.2579,6961
22320,1918.2579,6961
22422,1918.2579,6961
22434,1918.2579,6961
22452,1918.2579,6961
22470,1918.2579,6961
22502,1918.2579,6961
22504,1918.2579,6961
22505,1918.2579,6961
22518,1918.2579,6961
22570,1918.2579,6961
22600,1918.2579,6961
22604,1918.2579,6961
22616,1918.2579,6961
23763,1918.2579,6961
23920,1918.2579,6961
24090,1918.2579,6961
24209,1918.2579,6961
24709,1918.2579,6961
25311,1918.2579,6961
25321,1918.2579,6961
25442,1918.2579,6961
25445,1918.2579,6961
25478,1918.2579,6961
25658,1918.2579,6961
25660,1918.2579,6961
25661,1918.2579,6961
26816,1918.2579,6961
16797,1914.1473,7060
17163,1914.1473,7060
17621,1914.1473,7060
18233,1914.1473,7060
18562,1914.1473,7060
18568,1914.1473,7060
22418,1914.1473,7060
22467,1914.1473,7060
22526,1914.1473,7060
24710,1914.1473,7060
26828,1914.1473,7060
26958,1914.1473,7060
16791,1911.6169,7072
16886,1911.6169,7072
16889,1911.6169,7072
16974,1911.6169,7072
17372,1911.6169,7072
17445,1911.6169,7072
17871,1911.6169,7072
18227,1911.6169,7072
18616,1911.6169,7072
19002,1911.6169,7072
19120,1911.6169,7072
20684,1911.6169,7072
20709,1911.6169,7072
21265,1911.6169,7072
24210,1911.6169,7072
16804,1909.7384,7087
16807,1909.7384,7087
16879,1909.7384,7087
17142,1909.7384,7087
17269,1909.7384,7087
17358,1909.7384,7087
18409,1909.7384,7087
18790,1909.7384,7087
18798,1909.7384,7087
19109,1909.7384,7087
19156,1909.7384,7087
21271,1909.7384,7087
22456,1909.7384,7087
22635,1909.7384,7087
26829,1909.7384,7087
26867,1909.7384,7087
17271,1907.2079,7103
17480,1907.2079,7103
17609,1907.2079,7103
18056,1907.2079,7103
18120,1907.2079,7103
18226,1907.2079,7103
18369,1907.2079,7103
18545,1907.2079,7103
18914,1907.2079,7103
21268,1907.2079,7103
22396,1907.2079,7103
25305,1907.2079,7103
26390,1907.2079,7103
17405,1906.6554,7116
19131,1906.6554,7116
18362,1906.3571,7118
17597,1904.9758,7119
18086,1904.9758,7119
18670,1904.9758,7119
29840,1902.4439,7122
17497,1897.5723,7123
16896,1895.0419,7124
17020,1895.0419,7124
17272,1895.0419,7124
17568,1895.0419,7124
17660,1895.0419,7124
18059,1895.0419,7124
18564,1895.0419,7124
18608,1895.0419,7124
20666,1895.0419,7124
22637,1895.0419,7124
25323,1895.0419,7124
26854,1895.0419,7124
27305,1895.0419,7124
16977,1889.5279,7137
17025,1889.5279,7137
17404,1889.5279,7137
17567,1889.5279,7137
17574,1889.5279,7137
17659,1889.5279,7137
17661,1889.5279,7137
18228,1889.5279,7137
18438,1889.5279,7137
18551,1889.5279,7137
22442,1889.5279,7137
22451,1889.5279,7137
22594,1889.5279,7137
23939,1889.5279,7137
24208,1889.5279,7137
26227,1889.5279,7137
13065,1879.594,7153
16763,1879.594,7153
16799,1879.594,7153
16811,1879.594,7153
16920,1879.594,7153
16956,1879.594,7153
17021,1879.594,7153
17030,1879.594,7153
17041,1879.594,7153
17147,1879.594,7153
17263,1879.594,7153
17476,1879.594,7153
17477,1879.594,7153
17548,1879.594,7153
17608,1879.594,7153
17614,1879.594,7153
17620,1879.594,7153
17690,1879.594,7153
17858,1879.594,7153
17870,1879.594,7153
18057,1879.594,7153
18060,1879.594,7153
18079,1879.594,7153
18229,1879.594,7153
18363,1879.594,7153
18370,1879.594,7153
18439,1879.594,7153
18553,1879.594,7153
18556,1879.594,7153
18567,1879.594,7153
18598,1879.594,7153
18639,1879.594,7153
18645,1879.594,7153
18679,1879.594,7153
18866,1879.594,7153
19108,1879.594,7153
19133,1879.594,7153
19157,1879.594,7153
21679,1879.594,7153
22321,1879.594,7153
22427,1879.594,7153
22439,1879.594,7153
22468,1879.594,7153
22566,1879.594,7153
22599,1879.594,7153
22618,1879.594,7153
22636,1879.594,7153
24039,1879.594,7153
24116,1879.594,7153
25497,1879.594,7153
26228,1879.594,7153
26855,1879.594,7153
15489,1862.4223,7205
15284,1860.7426999999998,7206
19192,1859.0603,7207
15287,1858.0023,7208
15290,1852.4884,7209
15474,1852.4884,7209
15528,1852.4884,7209
14022,1844.1317,7212
30110,1833.5947,7213
29999,1821.0996,7214
15342,1819.8908999999999,7215
14614,1818.3309,7216
29980,1816.137,7217
19195,1809.3021,7218
15422,1805.5038,7219
15188,1802.7633999999998,7220
15256,1802.7633999999998,7220
15312,1802.7633999999998,7220
15333,1802.7633999999998,7220
15347,1802.7633999999998,7220
15428,1802.7633999999998,7220
15467,1802.7633999999998,7220
15523,1802.7633999999998,7220
15537,1802.7633999999998,7220
21545,1802.7633999999998,7220
26533,1800.4953,7230
15254,1795.0173,7231
15308,1792.8294,7232
15309,1792.8294,7232
15311,1792.8294,7232
15337,1792.8294,7232
15339,1792.8294,7232
15341,1792.8294,7232
15433,1792.8294,7232
15471,1792.8294,7232
15497,1792.8294,7232
15527,1792.8294,7232
15531,1792.8294,7232
15503,1792.8073,7243
21534,1792.8073,7243
19305,1792.7492000000002,7245
15410,1789.9895999999999,7246
19366,1787.2934,7247
11185,1786.0233,7248
14643,1782.4294,7249
14750,1782.4294,7249
14879,1782.4294,7249
15520,1781.2159,7252
19310,1780.6634,7253
19452,1780.6634,7253
19172,1778.3953000000001,7255
19193,1778.3842,7256
19290,1773.9642000000001,7257
19324,1770.7294,7258
19419,1770.7294,7258
19442,1770.7294,7258
21540,1770.7294,7258
14662,1770.2965,7262
14613,1769.7219,7263
14649,1769.7219,7263
15338,1765.4586,7265
14590,1765.3019,7266
14868,1765.3019,7266
15538,1762.9281,7268
19173,1761.8313,7269
19260,1759.9418,7270
14755,1759.788,7271
14914,1759.788,7271
19301,1757.4113000000002,7273
15532,1756.6738,7274
19194,1756.6738,7274
19474,1756.6738,7274
14026,1756.6157,7277
25011,1756.2842,7278
14647,1755.368,7279
14651,1755.368,7279
14660,1755.368,7279
14741,1755.368,7279
14746,1755.368,7279
14756,1755.368,7279
14896,1755.368,7279
15255,1754.1544,7286
15432,1754.1544,7286
15466,1754.1544,7286
15502,1754.1544,7286
15529,1754.1544,7286
15547,1754.1544,7286
15475,1754.1434,7292
19447,1754.1434,7292
19263,1754.0853000000002,7294
19299,1754.0853000000002,7294
14025,1752.9471,7296
15325,1751.1599,7297
19323,1751.1599,7297
19338,1749.7123,7299
14003,1745.2342,7300
19302,1743.0132,7301
15314,1741.9773,7302
14023,1740.8363,7303
19278,1740.8363,7303
19337,1740.8363,7303
15288,1739.7784,7306
15289,1739.7784,7306
15427,1739.7784,7306
19258,1739.7313,7309
15409,1732.0434,7310
19441,1732.0434,7310
21055,1731.2919,7312
26373,1730.3278,7313
19322,1729.7974,7314
25022,1729.2338,7315
19312,1728.9907,7316
14727,1727.1905000000002,7317
14728,1727.1905000000002,7317
14581,1727.1684,7319
19186,1726.4603000000002,7320
15472,1724.2752,7321
15525,1724.2752,7321
19446,1724.2752,7321
29650,1720.8825000000002,7324
25021,1717.6203,7325
26321,1717.6203,7325
15189,1715.4904999999999,7327
15191,1715.4904999999999,7327
15252,1715.4904999999999,7327
15343,1715.4904999999999,7327
15473,1715.4904999999999,7327
15506,1715.4904999999999,7327
30001,1712.4431,7333
19308,1712.1063,7334
25020,1712.1063,7334
26529,1712.1063,7334
21065,1711.7666,7337
14559,1710.063,7338
14639,1710.063,7338
14653,1710.063,7338
14912,1710.063,7338
29723,1702.533,7342
19253,1702.1724,7343
25010,1702.1724,7343
14560,1700.129,7345
14616,1700.129,7345
14634,1700.129,7345
14636,1700.129,7345
14645,1700.129,7345
14650,1700.129,7345
14757,1700.129,7345
14902,1700.129,7345
14915,1700.129,7345
14617,1700.1069,7354
14646,1700.1069,7354
17982,1700.1069,7354
30079,1697.8382,7357
14740,1694.5819000000001,7358
14913,1694.5819000000001,7358
14558,1688.5155,7360
14652,1688.5155,7360
14752,1688.5155,7360
17975,1678.029,7363
18004,1678.029,7363
18148,1678.029,7363
14577,1663.9733999999999,7366
14744,1663.9733999999999,7366
26673,1663.8649,7368
14520,1661.454,7369
14565,1661.454,7369
14738,1661.454,7369
14747,1661.454,7369
14894,1661.454,7369
14895,1661.454,7369
15005,1661.454,7369
14591,1658.4595,7376
14739,1658.4595,7376
14754,1658.4595,7376
11300,1658.0753,7379
14891,1655.929,7380
15016,1655.929,7380
29741,1654.3500999999999,7382
14726,1639.3429999999998,7383
14576,1631.5747999999999,7384
29733,1627.2138,7385
14580,1622.7901000000002,7386
14589,1622.7901000000002,7386
14610,1622.7901000000002,7386
14722,1622.7901000000002,7386
14753,1622.7901000000002,7386
14852,1622.7901000000002,7386
14892,1622.7901000000002,7386
11200,1617.0356,7393
11277,1585.6648,7394
15893,1578.9787999999999,7395
15552,1576.2384,7396
29766,1575.882,7397
15986,1572.3488,7398
15886,1571.8184,7399
15827,1567.9067,7400
15865,1565.7298,7401
15908,1562.3926999999999,7402
26547,1555.7959,7403
27362,1555.2323,7404
15987,1552.4697999999999,7405
15892,1548.6134,7406
26918,1546.9337999999998,7407
27473,1545.2984,7408
15885,1544.7348,7409
15902,1544.7348,7409
26560,1543.0663,7411
15904,1541.4198,7412
19475,1541.3977,7413
15994,1538.1048,7414
19503,1538.1048,7414
26658,1536.9998,7416
26667,1536.9998,7416
27346,1536.9998,7416
15763,1533.6848,7419
27471,1532.0605,7420
27355,1528.7123,7421
27489,1528.7123,7421
19504,1528.1819,7423
27348,1527.6183999999998,7424
27483,1527.6183999999998,7424
15909,1525.1763,7426
15862,1524.8447999999999,7427
15901,1521.5519,7428
15551,1519.6624,7429
15561,1519.6624,7429
15890,1519.6624,7429
15553,1517.1098,7432
15903,1517.1098,7432
15882,1516.5684,7434
15555,1516.0048,7435
26743,1516.0048,7435
26768,1516.0048,7435
27075,1516.0048,7435
27353,1516.0048,7435
27365,1516.0048,7435
27470,1516.0048,7435
27486,1516.0048,7435
27500,1516.0048,7435
29751,1514.006,7444
15558,1506.0709,7445
26549,1504.4023,7446
15554,1500.5569,7447
15953,1500.5569,7447
26657,1500.5569,7447
26748,1500.5569,7447
27352,1500.5569,7447
27406,1500.5569,7447
27485,1496.9546,7453
27493,1495.5734,7454
26919,1492.5788,7455
26924,1492.5788,7455
27340,1492.5788,7455
27371,1492.5788,7455
27498,1492.5788,7455
27342,1490.0484,7460
15562,1489.5068999999999,7461
15276,1488.1698999999999,7462
26654,1488.1698999999999,7462
26656,1487.2748,7464
27472,1487.2748,7464
15570,1486.1808999999998,7466
27492,1486.1255999999998,7467
26757,1485.6394,7468
27359,1485.6394,7468
27338,1480.6117,7470
26917,1479.8712999999998,7471
15548,1478.4459,7472
15557,1478.4459,7472
26561,1477.3409,7474
26666,1477.3409,7474
26920,1477.3409,7474
26921,1477.3409,7474
26967,1477.3409,7474
27339,1477.3409,7474
27356,1477.3409,7474
26767,1471.8269,7481
26774,1471.8269,7481
27469,1471.8269,7481
27490,1471.8269,7481
27499,1471.8269,7481
11331,1468.8883,7486
15834,1461.893,7487
15860,1461.893,7487
26548,1461.893,7487
26655,1461.893,7487
26749,1461.893,7487
26758,1461.893,7487
26760,1461.893,7487
26916,1461.893,7487
26922,1461.893,7487
26923,1461.893,7487
27299,1461.893,7487
27341,1461.893,7487
27354,1461.893,7487
27366,1461.893,7487
27370,1461.893,7487
27484,1461.893,7487
27487,1461.893,7487
27488,1461.893,7487
30099,1459.2824,7505
11176,1458.6118,7506
30010,1457.3288,7507
25928,1454.2334,7508
30080,1452.5356,7509
27879,1451.2407,7510
25086,1445.6826,7511
25417,1445.6826,7511
25709,1445.4044,7513
25714,1445.4044,7513
25926,1445.4044,7513
25938,1445.4044,7513
29432,1444.5776,7517
15017,1444.2993999999999,7518
25558,1444.2993999999999,7518
25389,1440.7322,7520
25716,1439.3600999999999,7521
28102,1436.3122,7522
25937,1436.0119,7523
26948,1429.1297,7524
26974,1428.5551,7525
29433,1424.7097,7526
27874,1423.5826,7527
25560,1423.3044,7528
25561,1423.3044,7528
25713,1423.3044,7528
26640,1423.3044,7528
30036,1422.3392,7532
25368,1418.6211,7533
25382,1418.6211,7533
25403,1418.6211,7533
26977,1418.6211,7533
27878,1418.6211,7533
27139,1417.5161,7538
29905,1416.9322,7539
25539,1412.0022,7540
25555,1411.7019,7541
25940,1411.7019,7541
23699,1408.1347,7543
25390,1408.1347,7543
25705,1407.8564999999999,7545
25711,1407.8564999999999,7545
25715,1407.8564999999999,7545
25717,1407.8564999999999,7545
25718,1407.8564999999999,7545
25922,1407.8564999999999,7545
25944,1407.8564999999999,7545
27014,1407.8564999999999,7545
25574,1407.5822,7553
25619,1407.5822,7553
26884,1407.5822,7553
26940,1407.5822,7553
25927,1406.1327,7557
26683,1404.2541999999999,7558
19550,1402.7644,7559
25097,1402.0682,7560
25420,1402.0682,7560
25600,1402.0682,7560
25700,1402.0682,7560
26864,1402.0682,7560
26961,1402.0682,7560
27180,1402.0682,7560
27875,1402.0682,7560
26692,1399.8784,7568
25593,1397.6482,7569
25649,1397.6482,7569
26831,1397.6482,7569
26991,1397.6482,7569
27004,1397.6482,7569
27120,1397.6482,7569
25939,1397.348,7575
25370,1396.5211,7576
26930,1396.5211,7576
25557,1395.4695000000002,7578
25707,1394.5744,7579
25712,1394.5744,7579
25918,1392.9389999999999,7581
25092,1389.8911,7582
25391,1388.7419,7583
25935,1387.9113,7584
25941,1387.1709,7585
19402,1386.1894,7586
25607,1384.9186,7587
25556,1384.6405,7588
25559,1384.6405,7588
25564,1384.6405,7588
25566,1384.6405,7588
25568,1384.6405,7588
25708,1384.6405,7588
25921,1384.6405,7588
30016,1384.3708,7595
23789,1382.4876,7596
25098,1382.4876,7596
25683,1382.4876,7596
19205,1381.0732,7599
23794,1381.0732,7599
25087,1381.0732,7599
25088,1381.0732,7599
25099,1381.0732,7599
25148,1381.0732,7599
25198,1381.0732,7599
25199,1381.0732,7599
25204,1381.0732,7599
25281,1381.0732,7599
25380,1381.0732,7599
25384,1381.0732,7599
25385,1381.0732,7599
25386,1381.0732,7599
25387,1381.0732,7599
25388,1381.0732,7599
25392,1381.0732,7599
25394,1381.0732,7599
25402,1381.0732,7599
25419,1381.0732,7599
25421,1381.0732,7599
25432,1381.0732,7599
25606,1381.0732,7599
25613,1381.0732,7599
25617,1381.0732,7599
25840,1381.0732,7599
26862,1381.0732,7599
26873,1381.0732,7599
26936,1381.0732,7599
27873,1381.0732,7599
28091,1381.0732,7599
28098,1381.0732,7599
29431,1381.0732,7599
25919,1379.1264999999999,7632
25936,1379.1264999999999,7632
25945,1379.1264999999999,7632
25366,1374.4432,7635
25436,1374.4432,7635
20700,1374.0012,7637
22686,1374.0012,7637
23930,1374.0012,7637
25493,1374.0012,7637
25562,1369.1925999999999,7641
25563,1369.1925999999999,7641
25565,1369.1925999999999,7641
25567,1369.1925999999999,7641
25704,1369.1925999999999,7641
25706,1369.1925999999999,7641
25710,1369.1925999999999,7641
26826,1367.7911,7648
26963,1367.7911,7648
25096,1366.6419,7650
25693,1366.6419,7650
27161,1366.6419,7650
23774,1364.0673,7653
21930,1363.5258,7654
20884,1359.1058,7655
23799,1357.8572,7656
25085,1357.8572,7656
25381,1357.8572,7656
25383,1357.8572,7656
25413,1357.8572,7656
25538,1357.8572,7656
25614,1357.8572,7656
25639,1357.8572,7656
26825,1357.8572,7656
27119,1357.8572,7656
27154,1357.8572,7656
27877,1357.8572,7656
25146,1352.3432,7668
25203,1352.3432,7668
25339,1352.3432,7668
25395,1352.3432,7668
25412,1352.3432,7668
25418,1352.3432,7668
25485,1352.3432,7668
25532,1352.3432,7668
25540,1352.3432,7668
25586,1352.3432,7668
25588,1352.3432,7668
25694,1352.3432,7668
26933,1352.3432,7668
26954,1352.3432,7668
27136,1352.3432,7668
29401,1352.3432,7668
29411,1352.3432,7668
19527,1347.4923,7685
19225,1346.9729,7686
23688,1342.4093,7687
23788,1342.4093,7687
25379,1342.4093,7687
25411,1342.4093,7687
25594,1342.4093,7687
26946,1342.4093,7687
27169,1342.4093,7687
27876,1342.4093,7687
28103,1342.4093,7687
20175,1341.9783,7696
21583,1341.9783,7696
24213,1341.9783,7696
20026,1340.3319,7699
24026,1340.3319,7699
25510,1340.3098,7701
20699,1336.4644,7702
24217,1336.4644,7702
18603,1332.0444,7704
19532,1332.0444,7704
20793,1332.0444,7704
21357,1332.0444,7704
21483,1332.0444,7704
21685,1332.0444,7704
21723,1332.0444,7704
21728,1332.0444,7704
22152,1332.0444,7704
11223,1331.9455,7713
20190,1330.9283,7714
24034,1329.8233,7715
27167,1329.8233,7715
19875,1325.4033,7717
24193,1325.4033,7717
18795,1324.8619,7719
21926,1324.8619,7719
22642,1324.8619,7719
23904,1324.8619,7719
25312,1324.8619,7719
20646,1323.7569,7724
21274,1323.7569,7724
28522,1323.7569,7724
28563,1323.7569,7724
20782,1323.1381,7728
21476,1323.1381,7728
23983,1320.9944,7730
19743,1320.4419,7731
20387,1320.4419,7731
21246,1320.4419,7731
24138,1320.4419,7731
21436,1319.3148,7735
20657,1318.7623,7736
23753,1318.7623,7736
28702,1318.7623,7736
19986,1314.3533,7739
21315,1314.3533,7739
27590,1314.3533,7739
11091,1314.2103,7742
19406,1313.2483,7743
21144,1313.2483,7743
22245,1313.2483,7743
22653,1313.2483,7743
25531,1313.2483,7743
25585,1313.2483,7743
19113,1308.8283,7749
19701,1308.8283,7749
19993,1308.8283,7749
20009,1308.8283,7749
20145,1308.8283,7749
20205,1308.8283,7749
20372,1308.8283,7749
20399,1308.8283,7749
20401,1308.8283,7749
20677,1308.8283,7749
20750,1308.8283,7749
21355,1308.8283,7749
21422,1308.8283,7749
21920,1308.8283,7749
22137,1308.8283,7749
23225,1308.8283,7749
23986,1308.8283,7749
27694,1308.8283,7749
19116,1307.7344,7767
19160,1307.7344,7767
19409,1307.7344,7767
19548,1307.7344,7767
19549,1307.7344,7767
19775,1307.7344,7767
19984,1307.7344,7767
21149,1307.7344,7767
21309,1307.7344,7767
21335,1307.7344,7767
21434,1307.7344,7767
21645,1307.7344,7767
21929,1307.7344,7767
22613,1307.7344,7767
23224,1307.7344,7767
23760,1307.7344,7767
27589,1307.7344,7767
27687,1307.7344,7767
27696,1307.7344,7767
19531,1303.8669,7786
19547,1303.8669,7786
19681,1303.8669,7786
19725,1303.8669,7786
20093,1303.8669,7786
20187,1303.8669,7786
20281,1303.8669,7786
20395,1303.8669,7786
20660,1303.8669,7786
20765,1303.8669,7786
21147,1303.8669,7786
21326,1303.8669,7786
21585,1303.8669,7786
21604,1303.8669,7786
21711,1303.8669,7786
21794,1303.8669,7786
22188,1303.8669,7786
22220,1303.8669,7786
22236,1303.8669,7786
27698,1303.8669,7786
18557,1303.3144,7806
19400,1303.3144,7806
19526,1303.3144,7806
19534,1303.3144,7806
19545,1303.3144,7806
19744,1303.3144,7806
21329,1303.3144,7806
21388,1303.3144,7806
21605,1303.3144,7806
23777,1303.3144,7806
23988,1303.3144,7806
24011,1303.3144,7806
24114,1303.3144,7806
25546,1303.3144,7806
26988,1303.3144,7806
21100,1302.1873,7821
23954,1302.1873,7821
18570,1297.8004,7823
19171,1297.8004,7823
19212,1297.8004,7823
19546,1297.8004,7823
19745,1297.8004,7823
19891,1297.8004,7823
19985,1297.8004,7823
20028,1297.8004,7823
20061,1297.8004,7823
20194,1297.8004,7823
20195,1297.8004,7823
20198,1297.8004,7823
20295,1297.8004,7823
20371,1297.8004,7823
20529,1297.8004,7823
20541,1297.8004,7823
20650,1297.8004,7823
20652,1297.8004,7823
20661,1297.8004,7823
20846,1297.8004,7823
20888,1297.8004,7823
21161,1297.8004,7823
21333,1297.8004,7823
21356,1297.8004,7823
21401,1297.8004,7823
21429,1297.8004,7823
21491,1297.8004,7823
21588,1297.8004,7823
21700,1297.8004,7823
21746,1297.8004,7823
21781,1297.8004,7823
21798,1297.8004,7823
21910,1297.8004,7823
21941,1297.8004,7823
22111,1297.8004,7823
22186,1297.8004,7823
22253,1297.8004,7823
22318,1297.8004,7823
22391,1297.8004,7823
22668,1297.8004,7823
22695,1297.8004,7823
23220,1297.8004,7823
23923,1297.8004,7823
24044,1297.8004,7823
24047,1297.8004,7823
24048,1297.8004,7823
24054,1297.8004,7823
24069,1297.8004,7823
24189,1297.8004,7823
24702,1297.8004,7823
25448,1297.8004,7823
25502,1297.8004,7823
25599,1297.8004,7823
25604,1297.8004,7823
25636,1297.8004,7823
27182,1297.8004,7823
27712,1297.8004,7823
27795,1297.8004,7823
27798,1297.8004,7823
27799,1297.8004,7823
27902,1297.8004,7823
28564,1297.8004,7823
20826,1297.2258,7885
18580,1293.3804,7886
19123,1293.3804,7886
19169,1293.3804,7886
19202,1293.3804,7886
19401,1293.3804,7886
19405,1293.3804,7886
19535,1293.3804,7886
19671,1293.3804,7886
19680,1293.3804,7886
20059,1293.3804,7886
20066,1293.3804,7886
20073,1293.3804,7886
20118,1293.3804,7886
20304,1293.3804,7886
20434,1293.3804,7886
20481,1293.3804,7886
20526,1293.3804,7886
20654,1293.3804,7886
20768,1293.3804,7886
20882,1293.3804,7886
21150,1293.3804,7886
21343,1293.3804,7886
21396,1293.3804,7886
21424,1293.3804,7886
21435,1293.3804,7886
21599,1293.3804,7886
21638,1293.3804,7886
21643,1293.3804,7886
21928,1293.3804,7886
22243,1293.3804,7886
22246,1293.3804,7886
22667,1293.3804,7886
24030,1293.3804,7886
24031,1293.3804,7886
24051,1293.3804,7886
24055,1293.3804,7886
24065,1293.3804,7886
24101,1293.3804,7886
24211,1293.3804,7886
24697,1293.3804,7886
24835,1293.3804,7886
25301,1293.3804,7886
25453,1293.3804,7886
25500,1293.3804,7886
25576,1293.3804,7886
28364,1293.3804,7886
28700,1293.3804,7886
21594,1292.8169,7933
18549,1292.2533,7934
19396,1292.2533,7934
19529,1292.2533,7934
20111,1292.2533,7934
21590,1292.2533,7934
21695,1292.2533,7934
22656,1292.2533,7934
24100,1292.2533,7934
25572,1292.2533,7934
25584,1292.2533,7934
25603,1292.2533,7934
27143,1292.2533,7934
27760,1292.2533,7934
28741,1292.2533,7934
29502,1291.8825,7948
11287,1289.6131,7949
20755,1286.7394,7950
20887,1286.7394,7950
20955,1286.7394,7950
22630,1286.7394,7950
23752,1286.7394,7950
23762,1286.7394,7950
24050,1286.7394,7950
24058,1286.7394,7950
24115,1286.7394,7950
25447,1286.7394,7950
25582,1286.7394,7950
26985,1286.7394,7950
27809,1286.7394,7950
27823,1286.7394,7950
28521,1286.7394,7950
21699,1280.6508,7965
27713,1280.6508,7965
20394,1280.0983,7967
21932,1280.0983,7967
11215,1276.8500999999999,7969
13720,1276.8054,7970
14885,1276.8054,7970
18544,1276.8054,7970
18842,1276.8054,7970
18855,1276.8054,7970
18859,1276.8054,7970
19198,1276.8054,7970
19213,1276.8054,7970
19240,1276.8054,7970
19394,1276.8054,7970
19395,1276.8054,7970
19403,1276.8054,7970
19407,1276.8054,7970
19533,1276.8054,7970
19537,1276.8054,7970
19538,1276.8054,7970
19679,1276.8054,7970
19682,1276.8054,7970
19716,1276.8054,7970
19724,1276.8054,7970
19820,1276.8054,7970
19865,1276.8054,7970
19867,1276.8054,7970
19892,1276.8054,7970
19981,1276.8054,7970
19998,1276.8054,7970
20001,1276.8054,7970
20006,1276.8054,7970
20024,1276.8054,7970
20030,1276.8054,7970
20031,1276.8054,7970
20040,1276.8054,7970
20044,1276.8054,7970
20067,1276.8054,7970
20072,1276.8054,7970
20108,1276.8054,7970
20109,1276.8054,7970
20192,1276.8054,7970
20319,1276.8054,7970
20320,1276.8054,7970
20321,1276.8054,7970
20437,1276.8054,7970
20459,1276.8054,7970
20480,1276.8054,7970
20525,1276.8054,7970
20647,1276.8054,7970
20653,1276.8054,7970
20675,1276.8054,7970
20678,1276.8054,7970
20685,1276.8054,7970
20693,1276.8054,7970
20701,1276.8054,7970
20844,1276.8054,7970
20855,1276.8054,7970
20858,1276.8054,7970
20878,1276.8054,7970
20894,1276.8054,7970
20905,1276.8054,7970
21042,1276.8054,7970
21047,1276.8054,7970
21141,1276.8054,7970
21143,1276.8054,7970
21146,1276.8054,7970
21151,1276.8054,7970
21155,1276.8054,7970
21162,1276.8054,7970
21253,1276.8054,7970
21313,1276.8054,7970
21334,1276.8054,7970
21342,1276.8054,7970
21344,1276.8054,7970
21369,1276.8054,7970
21410,1276.8054,7970
21416,1276.8054,7970
21417,1276.8054,7970
21427,1276.8054,7970
21428,1276.8054,7970
21478,1276.8054,7970
21486,1276.8054,7970
21504,1276.8054,7970
21584,1276.8054,7970
21587,1276.8054,7970
21593,1276.8054,7970
21596,1276.8054,7970
21606,1276.8054,7970
21615,1276.8054,7970
21637,1276.8054,7970
21672,1276.8054,7970
21709,1276.8054,7970
21749,1276.8054,7970
21785,1276.8054,7970
21793,1276.8054,7970
21797,1276.8054,7970
21808,1276.8054,7970
21812,1276.8054,7970
22036,1276.8054,7970
22218,1276.8054,7970
22221,1276.8054,7970
22235,1276.8054,7970
22238,1276.8054,7970
22614,1276.8054,7970
22639,1276.8054,7970
22646,1276.8054,7970
22671,1276.8054,7970
22687,1276.8054,7970
23223,1276.8054,7970
23230,1276.8054,7970
23750,1276.8054,7970
23751,1276.8054,7970
23775,1276.8054,7970
23944,1276.8054,7970
23984,1276.8054,7970
24015,1276.8054,7970
24104,1276.8054,7970
24112,1276.8054,7970
24184,1276.8054,7970
24187,1276.8054,7970
24192,1276.8054,7970
24197,1276.8054,7970
24199,1276.8054,7970
24212,1276.8054,7970
24689,1276.8054,7970
24705,1276.8054,7970
25454,1276.8054,7970
25465,1276.8054,7970
25501,1276.8054,7970
25506,1276.8054,7970
25573,1276.8054,7970
25577,1276.8054,7970
25578,1276.8054,7970
26986,1276.8054,7970
26987,1276.8054,7970
27126,1276.8054,7970
27128,1276.8054,7970
27181,1276.8054,7970
27699,1276.8054,7970
27701,1276.8054,7970
27702,1276.8054,7970
27714,1276.8054,7970
27723,1276.8054,7970
27743,1276.8054,7970
27761,1276.8054,7970
27811,1276.8054,7970
28396,1276.8054,7970
28405,1276.8054,7970
28554,1276.8054,7970
28556,1276.8054,7970
28701,1276.8054,7970
28752,1276.8054,7970
19170,1272.6948,8119
20291,1272.6948,8119
20484,1272.6948,8119
20686,1272.6948,8119
21275,1272.6948,8119
21704,1272.6948,8119
25446,1272.6948,8119
25467,1272.6948,8119
25598,1272.6948,8119
20092,1270.1644,8128
20310,1270.1644,8128
20883,1270.1644,8128
21156,1270.1644,8128
21426,1270.1644,8128
21479,1270.1644,8128
21485,1270.1644,8128
22241,1270.1644,8128
22631,1270.1644,8128
22640,1270.1644,8128
26997,1270.1644,8128
18617,1268.2859,8139
19849,1268.2859,8139
19999,1268.2859,8139
20463,1268.2859,8139
20853,1268.2859,8139
21153,1268.2859,8139
21411,1268.2859,8139
21475,1268.2859,8139
22229,1268.2859,8139
23779,1268.2859,8139
23987,1268.2859,8139
24186,1268.2859,8139
25489,1268.2859,8139
27183,1268.2859,8139
27715,1268.2859,8139
18841,1265.7554,8154
19413,1265.7554,8154
19414,1265.7554,8154
20197,1265.7554,8154
20296,1265.7554,8154
20785,1265.7554,8154
20934,1265.7554,8154
21644,1265.7554,8154
21927,1265.7554,8154
22061,1265.7554,8154
26995,1265.7554,8154
27587,1265.7554,8154
28568,1265.7554,8154
19683,1263.5233,8167
19704,1263.5233,8167
19768,1263.5233,8167
20005,1263.5233,8167
20191,1263.5233,8167
20645,1263.5233,8167
20674,1263.5233,8167
27946,1263.5233,8167
23747,1262.3741,8175
13148,1256.8602,8176
19717,1256.8602,8176
21437,1256.1198,8178
11330,1255.6675,8179
19199,1253.5894,8180
19393,1253.5894,8180
19670,1253.5894,8180
20207,1253.5894,8180
20422,1253.5894,8180
20436,1253.5894,8180
20787,1253.5894,8180
20936,1253.5894,8180
21152,1253.5894,8180
21235,1253.5894,8180
21660,1253.5894,8180
21937,1253.5894,8180
22248,1253.5894,8180
25511,1253.5894,8180
26994,1253.5894,8180
27129,1253.5894,8180
27796,1253.5894,8180
28376,1253.5894,8180
28555,1253.5894,8180
13719,1248.0754,8199
19408,1248.0754,8199
20029,1248.0754,8199
21281,1248.0754,8199
21482,1248.0754,8199
23924,1248.0754,8199
11262,1245.1368,8205
18571,1238.1415,8206
18641,1238.1415,8206
19118,1238.1415,8206
19159,1238.1415,8206
19167,1238.1415,8206
19201,1238.1415,8206
19211,1238.1415,8206
19410,1238.1415,8206
19530,1238.1415,8206
19536,1238.1415,8206
19539,1238.1415,8206
19678,1238.1415,8206
19983,1238.1415,8206
20032,1238.1415,8206
20068,1238.1415,8206
20097,1238.1415,8206
20110,1238.1415,8206
20193,1238.1415,8206
20196,1238.1415,8206
20374,1238.1415,8206
20400,1238.1415,8206
20735,1238.1415,8206
20767,1238.1415,8206
20857,1238.1415,8206
20877,1238.1415,8206
20895,1238.1415,8206
20901,1238.1415,8206
20926,1238.1415,8206
20966,1238.1415,8206
21051,1238.1415,8206
21052,1238.1415,8206
21264,1238.1415,8206
21282,1238.1415,8206
21300,1238.1415,8206
21310,1238.1415,8206
21323,1238.1415,8206
21327,1238.1415,8206
21330,1238.1415,8206
21484,1238.1415,8206
21586,1238.1415,8206
21598,1238.1415,8206
21607,1238.1415,8206
21641,1238.1415,8206
21788,1238.1415,8206
21807,1238.1415,8206
21919,1238.1415,8206
21922,1238.1415,8206
21923,1238.1415,8206
21924,1238.1415,8206
21931,1238.1415,8206
22062,1238.1415,8206
22140,1238.1415,8206
22643,1238.1415,8206
22669,1238.1415,8206
23232,1238.1415,8206
23907,1238.1415,8206
23938,1238.1415,8206
23940,1238.1415,8206
24019,1238.1415,8206
24200,1238.1415,8206
24202,1238.1415,8206
24712,1238.1415,8206
25308,1238.1415,8206
25480,1238.1415,8206
25488,1238.1415,8206
25553,1238.1415,8206
27127,1238.1415,8206
27586,1238.1415,8206
27695,1238.1415,8206
27697,1238.1415,8206
27775,1238.1415,8206
27797,1238.1415,8206
27800,1238.1415,8206
27928,1238.1415,8206
11711,1219.6778,8280
30062,1202.1977000000002,8281
30068,1194.4582,8282
29893,1149.1888,8283
11502,1134.0509,8284
11566,1112.5477,8285
11632,1107.3099,8286
26316,1105.4834,8287
26482,1105.4834,8287
26496,1105.4834,8287
26503,1105.4834,8287
26504,1105.4834,8287
26512,1105.4834,8287
26572,1105.4834,8287
26582,1105.4834,8287
26615,1105.4834,8287
29536,1092.9317999999998,8296
11276,1092.0944,8297
11142,1083.7513,8298
30040,1057.976,8299
22519,1018.5559,8300
11078,1009.1637000000001,8301
18943,997.7929,8302
14745,997.2183,8303
27825,995.9918,8304
28113,995.9918,8304
28688,995.9918,8304
14387,992.7983,8307
18954,987.2844,8308
14877,982.8644,8309
15291,982.8644,8309
18942,982.776,8311
11019,975.384,8312
11501,963.8368,8313
14911,959.1069,8314
27808,957.2726,8315
15283,956.8748,8316
28111,956.1676,8317
11513,954.6648,8318
29462,944.5761,8319
14578,937.5594,8320
14631,937.5594,8320
14871,937.5594,8320
15334,937.5594,8320
18956,937.5594,8320
11505,935.6812,8325
15530,935.3383,8326
28110,934.0676,8327
14078,927.6254,8328
14108,927.6254,8328
14867,927.6254,8328
14875,927.6254,8328
14893,927.6254,8328
14900,927.6254,8328
14910,927.6254,8328
18924,927.6254,8328
18936,927.6254,8328
24275,918.6197,8337
28479,918.6197,8337
14338,915.7577,8339
21666,915.4594,8340
22444,915.4594,8340
27166,914.1997,8342
27766,914.1997,8342
28505,914.1997,8342
11212,914.0453,8345
11520,909.3822,8346
21087,905.5254,8347
21108,905.5254,8347
21667,905.5254,8347
22619,905.5254,8347
23616,905.5254,8347
14107,905.5033,8352
14110,905.5033,8352
29064,901.4701,8354
28493,900.354,8355
14640,897.7241,8356
27124,896.5086,8357
27895,896.5086,8357
28513,896.5086,8357
29381,896.5086,8357
29458,896.5086,8357
26856,895.4036,8362
28107,895.4036,8362
29087,895.4036,8362
14330,891.4698,8365
18948,891.4698,8365
21107,891.4698,8365
22523,891.4698,8365
22617,891.4698,8365
23619,891.4698,8365
28487,889.8897,8371
29086,889.8897,8371
29459,889.8897,8371
14496,888.9504,8374
14497,888.9504,8374
14874,888.9504,8374
18923,888.9504,8374
18947,888.9504,8374
12020,888.9394,8379
15323,888.9394,8379
22307,888.9394,8379
22509,888.9394,8379
25344,886.0222,8383
29063,886.0222,8383
29342,886.0222,8383
11203,885.9564,8386
18949,885.9559,8387
26903,884.9061,8388
28686,884.3426,8389
22450,883.4254,8390
22508,883.4254,8390
21681,883.3591,8392
29094,879.9557,8393
22447,877.1048,8394
11211,876.8733,8395
21102,876.7733,8396
21817,874.5744,8397
19207,874.4086,8398
24492,874.4086,8398
24648,874.4086,8398
24753,874.4086,8398
26976,874.4086,8398
27142,874.4086,8398
27159,874.4086,8398
27846,874.4086,8398
27882,874.4086,8398
28368,874.4086,8398
29465,874.4086,8398
25743,868.8947,8409
26853,868.8947,8409
26953,868.8947,8409
27122,868.8947,8409
27824,868.8947,8409
27908,868.8947,8409
28382,868.8947,8409
28489,868.8947,8409
28501,868.8947,8409
27763,867.7786,8418
27027,865.204,8419
27043,865.204,8419
27053,865.204,8419
27060,865.204,8419
27062,865.204,8419
27071,865.204,8419
27082,865.204,8419
27084,865.204,8419
27085,865.204,8419
27099,865.204,8419
27101,865.204,8419
27102,865.204,8419
27242,865.204,8419
27252,865.204,8419
27253,865.204,8419
27259,865.204,8419
27265,865.204,8419
27267,865.204,8419
27270,865.204,8419
27285,865.204,8419
27297,865.204,8419
27298,865.204,8419
27404,865.204,8419
27429,865.204,8419
27536,865.204,8419
27545,865.204,8419
27550,865.204,8419
27557,865.204,8419
27560,865.204,8419
27602,865.204,8419
27613,865.204,8419
25365,862.8061,8450
27777,860.3751,8451
27883,860.3751,8451
28109,860.3751,8451
28481,860.3751,8451
28484,860.3751,8451
28490,860.3751,8451
28499,860.3751,8451
28726,860.3751,8451
29090,860.3751,8451
29365,860.3751,8451
18953,859.0712,8461
24957,858.9607,8462
25081,858.9607,8462
25722,858.9607,8462
25723,858.9607,8462
26224,858.9607,8462
26357,858.9607,8462
26902,858.9607,8462
26939,858.9607,8462
26941,858.9607,8462
26945,858.9607,8462
26950,858.9607,8462
27005,858.9607,8462
27118,858.9607,8462
27123,858.9607,8462
27133,858.9607,8462
27134,858.9607,8462
27138,858.9607,8462
27771,858.9607,8462
27773,858.9607,8462
27780,858.9607,8462
27791,858.9607,8462
27801,858.9607,8462
27859,858.9607,8462
27881,858.9607,8462
27899,858.9607,8462
27900,858.9607,8462
28369,858.9607,8462
28400,858.9607,8462
28482,858.9607,8462
28500,858.9607,8462
28502,858.9607,8462
28507,858.9607,8462
28509,858.9607,8462
28684,858.9607,8462
28691,858.9607,8462
28699,858.9607,8462
28705,858.9607,8462
29065,858.9607,8462
29080,858.9607,8462
29085,858.9607,8462
29095,858.9607,8462
29362,858.9607,8462
29363,858.9607,8462
29371,858.9607,8462
29461,858.9607,8462
26965,857.8447,8507
27764,857.8447,8507
27767,857.8447,8507
27769,857.8447,8507
28421,857.8447,8507
28486,857.8447,8507
28497,857.8447,8507
28744,857.8447,8507
29900,856.8631,8515
28706,854.8612,8516
27774,852.3307,8517
12031,850.2865,8518
14416,850.2865,8518
26975,845.6786,8520
28483,845.6786,8520
28698,845.6786,8520
29055,845.6786,8520
29456,845.6786,8520
11519,836.7838,8525
24752,835.7447,8526
25752,835.7447,8526
27170,835.7447,8526
27884,835.7447,8526
29069,835.7447,8526
29088,835.7447,8526
29091,835.7447,8526
29375,835.7447,8526
29457,835.7447,8526
29464,835.7447,8526
19657,835.6673,8536
24447,830.2307,8537
24956,830.2307,8537
25362,830.2307,8537
25364,830.2307,8537
26952,830.2307,8537
26964,830.2307,8537
27770,830.2307,8537
27776,830.2307,8537
27784,830.2307,8537
27792,830.2307,8537
27845,830.2307,8537
27898,830.2307,8537
28108,830.2307,8537
28388,830.2307,8537
28434,830.2307,8537
28485,830.2307,8537
28494,830.2307,8537
28528,830.2307,8537
28531,830.2307,8537
28548,830.2307,8537
29054,830.2307,8537
29068,830.2307,8537
29455,830.2307,8537
29460,830.2307,8537
29463,830.2307,8537
25856,829.0815,8562
27006,829.0815,8562
27854,829.0815,8562
27897,829.0815,8562
28472,829.0815,8562
28518,829.0815,8562
11506,827.2035,8568
24955,820.2968,8569
25749,820.2968,8569
25759,820.2968,8569
26225,820.2968,8569
27765,820.2968,8569
27768,820.2968,8569
28383,820.2968,8569
28480,820.2968,8569
28488,820.2968,8569
29062,820.2968,8569
29081,820.2968,8569
29082,820.2968,8569
29084,820.2968,8569
29374,820.2968,8569
29452,820.2968,8569
29453,820.2968,8569
29454,820.2968,8569
29697,816.1709,8586
29852,807.0358,8587
19698,802.5284,8588
22266,800.5394,8589
22753,800.5394,8589
23815,800.5394,8589
22778,798.6609,8592
22780,798.6609,8592
23443,798.6609,8592
23833,798.6609,8592
23847,798.6609,8592
26938,798.6609,8592
15913,787.0584,8598
20728,783.7323,8599
11631,781.7878000000001,8600
15900,773.4669,8601
19024,773.4669,8601
26620,772.5036,8603
26629,772.5036,8603
26630,772.5036,8603
26643,772.5036,8603
26782,772.5036,8603
26789,772.5036,8603
27026,772.5036,8603
11253,769.7546,8610
20046,764.5606,8611
23832,759.9748,8612
23169,757.4444,8613
23961,757.4444,8613
29870,757.003,8615
19749,754.6266,8616
29832,752.6697,8617
19689,752.4387,8618
23160,744.7369,8619
23871,744.7369,8619
19130,734.7698,8621
16067,734.7035,8622
19736,733.6648,8623
23958,733.1012,8624
25525,733.1012,8624
25726,733.1012,8624
19719,729.2337,8627
23841,728.6812,8628
18916,728.1398,8629
19121,725.9187,8630
24098,724.2723,8631
16139,723.7198,8632
11500,722.9689,8633
22678,722.6369,8634
11507,721.6317,8635
16110,718.7694,8636
22294,718.7473,8637
23460,717.6533,8638
27892,717.6533,8638
28313,715.9737,8640
16210,713.7637,8641
29782,713.1501000000001,8642
27744,711.5648,8643
22392,710.4598,8644
19128,710.4156,8645
19845,707.1448,8646
23233,707.1448,8646
16151,706.5923,8648
19129,706.5923,8648
19730,706.5923,8648
21488,706.0398,8651
21673,706.0398,8651
23185,706.0398,8651
23195,706.0398,8651
23821,706.0398,8651
25732,706.0398,8651
28370,706.0398,8651
28880,704.9458,8658
19013,703.2773,8659
11619,701.4987,8660
16108,700.5258,8661
19165,700.5258,8661
20077,699.9623,8663
23453,698.8573,8664
16123,696.1169,8665
16150,696.1169,8665
19164,696.1058,8667
21019,696.1058,8667
19824,695.5423,8669
20078,695.0119,8670
21021,695.0119,8670
21671,695.0119,8670
22675,695.0119,8670
23214,695.0119,8670
23582,695.0119,8670
23873,695.0119,8670
24056,695.0119,8670
25522,695.0119,8670
25757,695.0119,8670
27709,695.0119,8670
27746,695.0119,8670
29098,695.0119,8670
29356,695.0119,8670
23723,694.4373,8684
29041,694.4373,8684
21054,691.1444,8686
20749,690.5919,8687
22115,690.5919,8687
23404,690.5919,8687
24311,690.5919,8687
24850,690.5919,8687
26947,690.5919,8687
29001,690.5919,8687
17664,690.5698,8694
17669,690.5698,8694
22224,690.5698,8694
23036,690.5698,8694
23870,690.5698,8694
23855,690.0283,8699
19737,687.2658,8700
22680,686.1498,8701
22787,685.6083,8702
26937,684.5033,8703
28212,684.5033,8703
16230,683.9729,8705
18960,683.9729,8705
19142,683.9729,8705
19995,683.9729,8705
16127,683.4094,8709
19412,683.4094,8709
19706,682.8348,8711
16215,682.7906,8712
21611,682.3044,8713
22072,682.3044,8713
22316,682.3044,8713
23066,682.3044,8713
23213,682.3044,8713
23238,682.3044,8713
23270,682.3044,8713
27137,682.3044,8713
27711,682.3044,8713
27745,682.3044,8713
28116,682.3044,8713
28436,682.3044,8713
21059,681.7298,8725
22438,681.7298,8725
22480,681.7298,8725
23156,681.7298,8725
23505,681.7298,8725
24333,681.7298,8725
27008,681.7298,8725
18475,681.6856,8732
18476,681.6856,8732
22275,680.0944,8734
22368,680.0944,8734
22415,680.0944,8734
23393,680.0944,8734
23742,680.0944,8734
24205,680.0944,8734
24356,680.0944,8734
27860,680.0944,8734
22597,680.0833,8742
26866,680.0833,8742
20047,679.5529,8744
12032,679.5308,8745
19021,679.5308,8745
19144,679.5308,8745
19739,679.5308,8745
19780,679.5308,8745
16121,678.9894,8750
16216,678.9894,8750
16124,678.9673,8752
20910,678.4148,8753
21795,677.8623,8754
23019,677.8623,8754
23216,677.8623,8754
23391,677.8623,8754
29297,677.8623,8754
22271,677.3098,8759
24308,677.3098,8759
20911,676.2158,8761
22679,676.2158,8761
16066,676.1937,8763
11808,674.2601,8764
19111,673.9948,8765
22607,673.4423,8766
24690,673.4423,8766
25657,673.4423,8766
15995,672.9008,8769
16340,672.9008,8769
19869,672.9008,8769
21385,672.9008,8769
21647,672.9008,8769
21651,672.9008,8769
22231,672.9008,8769
22270,672.9008,8769
22330,672.9008,8769
22609,672.9008,8769
22673,672.9008,8769
23081,672.9008,8769
23155,672.9008,8769
23287,672.9008,8769
23369,672.9008,8769
24238,672.9008,8769
24295,672.9008,8769
24400,672.9008,8769
25449,672.9008,8769
16668,671.7958,8788
18651,671.7958,8788
18904,671.7958,8788
18917,671.7958,8788
21014,671.7958,8788
21061,671.7958,8788
22044,671.7958,8788
22436,671.7958,8788
22473,671.7958,8788
22495,671.7958,8788
22992,671.7958,8788
22997,671.7958,8788
23018,671.7958,8788
23151,671.7958,8788
23807,671.7958,8788
23845,671.7958,8788
24036,671.7958,8788
25703,671.7958,8788
26848,671.7958,8788
26913,671.7958,8788
26956,671.7958,8788
27125,671.7958,8788
27818,671.7958,8788
28372,671.7958,8788
19143,668.7571,8812
16090,668.4808,8813
19110,668.4808,8813
19738,668.4808,8813
19838,668.4808,8813
19841,667.9283,8817
21654,667.3758,8818
22788,667.3758,8818
23266,667.3758,8818
23835,667.3758,8818
29311,667.3758,8818
17676,666.8565,8823
18649,666.8565,8823
21769,666.8565,8823
22225,666.8565,8823
22644,666.8565,8823
23026,666.8565,8823
23082,666.8565,8823
23125,666.8565,8823
23141,666.8565,8823
23146,666.8565,8823
23355,666.8565,8823
23856,666.8565,8823
23882,666.8565,8823
23884,666.8565,8823
23898,666.8565,8823
24024,666.8565,8823
24060,666.8565,8823
24254,666.8565,8823
24329,666.8565,8823
25548,666.8565,8823
27131,666.8565,8823
27599,666.8565,8823
27691,666.8565,8823
27692,666.8565,8823
27885,666.8565,8823
27982,666.8565,8823
28205,666.8565,8823
28428,666.8565,8823
28534,666.8565,8823
29186,666.8565,8823
21748,663.5083,8853
22284,663.5083,8853
22290,663.5083,8853
22295,663.5083,8853
22297,663.5083,8853
22322,663.5083,8853
22336,663.5083,8853
22374,663.5083,8853
22479,663.5083,8853
22685,663.5083,8853
22718,663.5083,8853
22749,663.5083,8853
22768,663.5083,8853
22791,663.5083,8853
22896,663.5083,8853
22899,663.5083,8853
23028,663.5083,8853
23059,663.5083,8853
23163,663.5083,8853
23189,663.5083,8853
23382,663.5083,8853
23383,663.5083,8853
23471,663.5083,8853
23474,663.5083,8853
23704,663.5083,8853
23849,663.5083,8853
23857,663.5083,8853
23960,663.5083,8853
24323,663.5083,8853
24324,663.5083,8853
24337,663.5083,8853
25605,663.5083,8853
25701,663.5083,8853
26359,663.5083,8853
27186,663.5083,8853
28367,663.5083,8853
28386,663.5083,8853
18647,662.4144,8890
22255,662.4144,8890
22276,662.4144,8890
22886,662.4144,8890
23056,662.4144,8890
23138,662.4144,8890
23158,662.4144,8890
23516,662.4144,8890
23836,662.4144,8890
27584,662.4144,8890
27719,662.4144,8890
27969,662.4144,8890
28321,662.4144,8890
21031,660.7348,8903
22441,660.7348,8903
22598,660.7348,8903
23227,660.7348,8903
23231,660.7348,8903
24028,660.7348,8903
24204,660.7348,8903
26928,660.7348,8903
27891,660.7348,8903
15993,659.9723,8912
19696,659.9723,8912
19815,659.9723,8912
19897,659.6408,8915
19991,659.6408,8915
20045,659.6408,8915
24580,659.6408,8915
16020,658.5358,8919
16061,654.4584,8920
19687,654.4584,8920
18963,651.9279,8922
19808,651.9279,8922
19814,651.9279,8922
19837,651.9279,8922
20891,651.9279,8922
12763,651.9058,8927
16022,651.9058,8927
16141,651.9058,8927
19740,651.9058,8927
19812,651.9058,8927
19982,651.9058,8927
20002,651.9058,8927
20004,651.9058,8927
21041,651.9058,8927
21601,651.9058,8927
22484,651.9058,8927
22621,651.9058,8927
23042,651.9058,8927
28215,651.9058,8927
18957,651.1323,8941
15556,650.8008,8942
16125,650.8008,8942
16221,650.8008,8942
16500,650.8008,8942
16504,650.8008,8942
18459,650.8008,8942
19122,650.8008,8942
20074,650.8008,8942
21469,650.8008,8942
21653,650.8008,8942
22043,650.8008,8942
22093,650.8008,8942
22113,650.8008,8942
22393,650.8008,8942
22486,650.8008,8942
22487,650.8008,8942
22541,650.8008,8942
22606,650.8008,8942
22627,650.8008,8942
22641,650.8008,8942
22649,650.8008,8942
22711,650.8008,8942
22745,650.8008,8942
23033,650.8008,8942
23058,650.8008,8942
23173,650.8008,8942
23181,650.8008,8942
23226,650.8008,8942
23356,650.8008,8942
23374,650.8008,8942
23478,650.8008,8942
23479,650.8008,8942
23492,650.8008,8942
23589,650.8008,8942
23701,650.8008,8942
23721,650.8008,8942
23724,650.8008,8942
23778,650.8008,8942
23852,650.8008,8942
23853,650.8008,8942
23878,650.8008,8942
23932,650.8008,8942
24023,650.8008,8942
24077,650.8008,8942
24239,650.8008,8942
24388,650.8008,8942
25571,650.8008,8942
26876,650.8008,8942
26890,650.8008,8942
26910,650.8008,8942
26914,650.8008,8942
26929,650.8008,8942
26942,650.8008,8942
26966,650.8008,8942
26979,650.8008,8942
27171,650.8008,8942
27185,650.8008,8942
28118,650.8008,8942
28308,650.8008,8942
28425,650.8008,8942
28530,650.8008,8942
28715,650.8008,8942
29187,650.8008,8942
24837,649.6516,9005
16211,648.6019,9006
19992,648.6019,9006
22665,648.6019,9006
24536,648.6019,9006
19722,648.0383,9010
18974,647.4637,9011
19161,646.3145,9012
21050,645.2869,9013
22423,645.2869,9013
22590,645.2869,9013
23211,645.2869,9013
23854,645.2869,9013
24059,645.2869,9013
24214,645.2869,9013
25583,645.2869,9013
25590,645.2869,9013
25601,645.2869,9013
25642,645.2869,9013
25721,645.2869,9013
26992,645.2869,9013
28387,645.2869,9013
16069,640.8669,9027
16126,640.8669,9027
16135,640.8669,9027
19023,640.8669,9027
19127,640.8669,9027
19141,640.8669,9027
19542,640.8669,9027
19718,640.8669,9027
19831,640.8669,9027
20003,640.8669,9027
21855,640.8669,9027
16873,639.1983,9038
17656,639.1983,9038
21017,639.1983,9038
21048,639.1983,9038
22298,639.1983,9038
22335,639.1983,9038
22432,639.1983,9038
22887,639.1983,9038
23450,639.1983,9038
24025,639.1983,9038
24706,639.1983,9038
25504,639.1983,9038
27501,639.1983,9038
27810,639.1983,9038
27856,639.1983,9038
27907,639.1983,9038
28366,639.1983,9038
28503,639.1983,9038
28517,639.1983,9038
23509,636.1596,9057
23883,636.1596,9057
24286,636.1596,9057
27140,636.1596,9057
15549,635.3529,9061
16015,635.3529,9061
16218,635.3529,9061
16354,635.3529,9061
19209,635.3529,9061
19723,635.3529,9061
19803,635.3529,9061
20069,635.3529,9061
20751,635.3529,9061
20977,635.3529,9061
21465,635.3529,9061
21608,635.3529,9061
21791,635.3529,9061
21912,635.3529,9061
21942,635.3529,9061
22016,635.3529,9061
22082,635.3529,9061
22129,635.3529,9061
22130,635.3529,9061
22135,635.3529,9061
22273,635.3529,9061
22274,635.3529,9061
22282,635.3529,9061
22291,635.3529,9061
22327,635.3529,9061
22329,635.3529,9061
22346,635.3529,9061
22372,635.3529,9061
22414,635.3529,9061
22463,635.3529,9061
22477,635.3529,9061
22525,635.3529,9061
22610,635.3529,9061
22650,635.3529,9061
22651,635.3529,9061
22663,635.3529,9061
22666,635.3529,9061
22674,635.3529,9061
22694,635.3529,9061
22712,635.3529,9061
22717,635.3529,9061
22789,635.3529,9061
22790,635.3529,9061
22876,635.3529,9061
23136,635.3529,9061
23145,635.3529,9061
23161,635.3529,9061
23170,635.3529,9061
23187,635.3529,9061
23222,635.3529,9061
23269,635.3529,9061
23319,635.3529,9061
23339,635.3529,9061
23463,635.3529,9061
23507,635.3529,9061
23584,635.3529,9061
23708,635.3529,9061
23837,635.3529,9061
23901,635.3529,9061
23905,635.3529,9061
23908,635.3529,9061
24018,635.3529,9061
24033,635.3529,9061
24049,635.3529,9061
24057,635.3529,9061
24296,635.3529,9061
24328,635.3529,9061
24330,635.3529,9061
24334,635.3529,9061
24335,635.3529,9061
24402,635.3529,9061
24565,635.3529,9061
24698,635.3529,9061
25303,635.3529,9061
25451,635.3529,9061
25550,635.3529,9061
25610,635.3529,9061
25612,635.3529,9061
25615,635.3529,9061
25728,635.3529,9061
26356,635.3529,9061
26885,635.3529,9061
26932,635.3529,9061
26960,635.3529,9061
27009,635.3529,9061
27141,635.3529,9061
27690,635.3529,9061
27762,635.3529,9061
27781,635.3529,9061
27786,635.3529,9061
27852,635.3529,9061
27910,635.3529,9061
28119,635.3529,9061
28133,635.3529,9061
28134,635.3529,9061
28160,635.3529,9061
28195,635.3529,9061
28209,635.3529,9061
28312,635.3529,9061
28318,635.3529,9061
28325,635.3529,9061
28351,635.3529,9061
28438,635.3529,9061
28508,635.3529,9061
28525,635.3529,9061
28693,635.3529,9061
29027,635.3529,9061
29096,635.3529,9061
29345,635.3529,9061
23899,634.7783,9170
16019,634.2479,9171
21038,634.2479,9171
22620,634.2479,9171
11530,634.0494,9174
23739,633.6291,9175
16065,632.3473,9176
16229,632.3473,9176
19690,632.3473,9176
19735,632.3473,9176
23622,632.3473,9176
21940,631.7506,9181
22272,631.7506,9181
22395,631.7506,9181
22864,631.7506,9181
25655,631.7506,9181
27132,631.7506,9181
21915,630.3694,9187
22088,630.3694,9187
22256,630.3694,9187
23175,630.3694,9187
23296,630.3694,9187
24038,630.3694,9187
26219,630.3694,9187
28114,630.3694,9187
28153,630.3694,9187
16122,629.8169,9196
16228,629.8169,9196
19691,629.8169,9196
29933,629.0524,9199
21603,627.3748,9200
22591,627.3748,9200
22719,627.3748,9200
22782,627.3748,9200
23268,627.3748,9200
23338,627.3748,9200
23454,627.3748,9200
23462,627.3748,9200
23568,627.3748,9200
23718,627.3748,9200
23733,627.3748,9200
23744,627.3748,9200
23781,627.3748,9200
24325,627.3748,9200
25450,627.3748,9200
25659,627.3748,9200
25741,627.3748,9200
25760,627.3748,9200
26824,627.3748,9200
27634,627.3748,9200
28189,627.3748,9200
28375,627.3748,9200
28437,627.3748,9200
29346,627.3748,9200
29355,627.3748,9200
16080,626.8334,9225
16094,626.8334,9225
18962,626.8334,9225
18973,626.8334,9225
20033,626.8334,9225
17498,624.8444,9230
17671,624.8444,9230
21126,624.8444,9230
22013,624.8444,9230
22601,624.8444,9230
22626,624.8444,9230
22655,624.8444,9230
22993,624.8444,9230
23040,624.8444,9230
23127,624.8444,9230
23585,624.8444,9230
23587,624.8444,9230
23707,624.8444,9230
24010,624.8444,9230
25455,624.8444,9230
25528,624.8444,9230
25609,624.8444,9230
26211,624.8444,9230
26949,624.8444,9230
26955,624.8444,9230
27175,624.8444,9230
27863,624.8444,9230
27965,624.8444,9230
28117,624.8444,9230
28474,624.8444,9230
28515,624.8444,9230
18958,624.5571,9256
15881,624.314,9257
15996,624.314,9257
16129,624.314,9257
16136,624.314,9257
16138,624.314,9257
19708,624.314,9257
19821,624.314,9257
19843,624.314,9257
20015,624.314,9257
21822,624.314,9257
21848,624.314,9257
22633,624.314,9257
19140,624.3029,9269
15762,623.7504,9270
18656,623.7504,9270
21448,623.7504,9270
22216,623.7504,9270
22481,623.7504,9270
22784,623.7504,9270
23021,623.7504,9270
23038,623.7504,9270
23371,623.7504,9270
23375,623.7504,9270
23668,623.7504,9270
23813,623.7504,9270
23902,623.7504,9270
25611,623.7504,9270
28210,623.7504,9270
28424,623.7504,9270
29291,623.7504,9270
29314,623.7504,9270
19721,623.5073,9288
19842,623.5073,9288
27597,623.4521,9290
27722,623.4521,9290
16068,623.1758,9292
16102,623.1758,9292
16142,623.1758,9292
19162,623.1758,9292
21062,622.9659,9296
21600,622.9659,9296
21646,622.9659,9296
21909,622.9659,9296
22046,622.9659,9296
22054,622.9659,9296
22078,622.9659,9296
22092,622.9659,9296
22099,622.9659,9296
22116,622.9659,9296
22119,622.9659,9296
22164,622.9659,9296
22260,622.9659,9296
22458,622.9659,9296
22469,622.9659,9296
22654,622.9659,9296
23015,622.9659,9296
23017,622.9659,9296
23075,622.9659,9296
23143,622.9659,9296
23154,622.9659,9296
23162,622.9659,9296
23217,622.9659,9296
23370,622.9659,9296
23816,622.9659,9296
23844,622.9659,9296
23933,622.9659,9296
24032,622.9659,9296
24099,622.9659,9296
24231,622.9659,9296
24234,622.9659,9296
25647,622.9659,9296
26959,622.9659,9296
27513,622.9659,9296
27710,622.9659,9296
27817,622.9659,9296
28284,622.9659,9296
28516,622.9659,9296
28527,622.9659,9296
29185,622.9659,9296
16220,622.0708,9336
16223,622.0708,9336
17118,622.0708,9336
17123,622.0708,9336
17124,622.0708,9336
20091,622.0708,9336
21024,622.0708,9336
21440,622.0708,9336
21470,622.0708,9336
21810,622.0708,9336
22132,622.0708,9336
22259,622.0708,9336
22517,622.0708,9336
22543,622.0708,9336
22628,622.0708,9336
22722,622.0708,9336
22758,622.0708,9336
22879,622.0708,9336
23159,622.0708,9336
23204,622.0708,9336
23265,622.0708,9336
23586,622.0708,9336
23726,622.0708,9336
23886,622.0708,9336
24029,622.0708,9336
24182,622.0708,9336
24385,622.0708,9336
25309,622.0708,9336
25761,622.0708,9336
27585,622.0708,9336
27790,622.0708,9336
28115,622.0708,9336
28352,622.0708,9336
28511,622.0708,9336
16083,620.9769,9370
18990,620.9769,9370
22045,620.9216,9372
22612,620.9216,9372
22897,620.9216,9372
23035,620.9216,9372
23358,620.9216,9372
23834,620.9216,9372
24027,620.9216,9372
24716,620.9216,9372
27582,620.9216,9372
28916,620.9216,9372
11498,620.4912,9382
16222,620.4354,9383
18650,620.4354,9383
21004,620.4354,9383
21089,620.4354,9383
21438,620.4354,9383
21597,620.4354,9383
22131,620.4354,9383
22261,620.4354,9383
22288,620.4354,9383
22289,620.4354,9383
22293,620.4354,9383
22306,620.4354,9383
22471,620.4354,9383
22506,620.4354,9383
22603,620.4354,9383
22871,620.4354,9383
22892,620.4354,9383
23016,620.4354,9383
23039,620.4354,9383
23041,620.4354,9383
23112,620.4354,9383
23318,620.4354,9383
23326,620.4354,9383
23341,620.4354,9383
23373,620.4354,9383
23399,620.4354,9383
23407,620.4354,9383
23508,620.4354,9383
23848,620.4354,9383
24022,620.4354,9383
25641,620.4354,9383
25746,620.4354,9383
26222,620.4354,9383
26931,620.4354,9383
27707,620.4354,9383
27802,620.4354,9383
27890,620.4354,9383
27984,620.4354,9383
28307,620.4354,9383
19659,615.7723,9422
18648,615.4077,9423
23142,615.4077,9423
23166,615.4077,9423
23377,615.4077,9423
28315,615.4077,9423
28319,615.4077,9423
16224,614.6673,9429
21466,614.6673,9429
21619,614.6673,9429
22133,614.6673,9429
22875,614.6673,9429
23342,614.6673,9429
23872,614.6673,9429
24326,614.6673,9429
27598,614.6673,9429
16093,613.2419,9438
16137,613.2419,9438
19854,613.2419,9438
20012,613.2419,9438
16219,612.1369,9442
16225,612.1369,9442
16226,612.1369,9442
16360,612.1369,9442
17668,612.1369,9442
18653,612.1369,9442
19206,612.1369,9442
20076,612.1369,9442
21033,612.1369,9442
21064,612.1369,9442
21609,612.1369,9442
21649,612.1369,9442
21650,612.1369,9442
21665,612.1369,9442
21756,612.1369,9442
22074,612.1369,9442
22089,612.1369,9442
22104,612.1369,9442
22106,612.1369,9442
22136,612.1369,9442
22254,612.1369,9442
22292,612.1369,9442
22319,612.1369,9442
22426,612.1369,9442
22440,612.1369,9442
22443,612.1369,9442
22462,612.1369,9442
22478,612.1369,9442
22515,612.1369,9442
22585,612.1369,9442
22593,612.1369,9442
22623,612.1369,9442
22645,612.1369,9442
22652,612.1369,9442
22716,612.1369,9442
22878,612.1369,9442
22999,612.1369,9442
23047,612.1369,9442
23111,612.1369,9442
23135,612.1369,9442
23139,612.1369,9442
23174,612.1369,9442
23177,612.1369,9442
23210,612.1369,9442
23242,612.1369,9442
23302,612.1369,9442
23334,612.1369,9442
23340,612.1369,9442
23372,612.1369,9442
23392,612.1369,9442
23395,612.1369,9442
23398,612.1369,9442
23403,612.1369,9442
23510,612.1369,9442
23560,612.1369,9442
23683,612.1369,9442
23818,612.1369,9442
23880,612.1369,9442
23917,612.1369,9442
24017,612.1369,9442
24046,612.1369,9442
24221,612.1369,9442
24232,612.1369,9442
24233,612.1369,9442
24338,612.1369,9442
25459,612.1369,9442
25460,612.1369,9442
25552,612.1369,9442
25595,612.1369,9442
25750,612.1369,9442
26210,612.1369,9442
26214,612.1369,9442
26817,612.1369,9442
26830,612.1369,9442
26858,612.1369,9442
26869,612.1369,9442
26886,612.1369,9442
26892,612.1369,9442
26895,612.1369,9442
26934,612.1369,9442
26944,612.1369,9442
26962,612.1369,9442
26978,612.1369,9442
27583,612.1369,9442
27706,612.1369,9442
27789,612.1369,9442
27949,612.1369,9442
27956,612.1369,9442
27967,612.1369,9442
27974,612.1369,9442
27977,612.1369,9442
27986,612.1369,9442
27987,612.1369,9442
28069,612.1369,9442
28314,612.1369,9442
28399,612.1369,9442
29181,612.1369,9442
29294,612.1369,9442
29343,612.1369,9442
16109,606.6229,9541
19714,606.6229,9541
19883,606.6229,9541
19990,606.6229,9541
20080,606.6229,9541
20090,606.6229,9541
20744,606.6229,9541
21013,606.6229,9541
21090,606.6229,9541
21487,606.6229,9541
21575,606.6229,9541
21576,606.6229,9541
21602,606.6229,9541
21610,606.6229,9541
21648,606.6229,9541
21903,606.6229,9541
22048,606.6229,9541
22091,606.6229,9541
22139,606.6229,9541
22153,606.6229,9541
22189,606.6229,9541
22250,606.6229,9541
22258,606.6229,9541
22300,606.6229,9541
22328,606.6229,9541
22334,606.6229,9541
22466,606.6229,9541
22490,606.6229,9541
22587,606.6229,9541
22638,606.6229,9541
22684,606.6229,9541
22689,606.6229,9541
22733,606.6229,9541
22760,606.6229,9541
22874,606.6229,9541
22880,606.6229,9541
22885,606.6229,9541
23032,606.6229,9541
23080,606.6229,9541
23144,606.6229,9541
23165,606.6229,9541
23183,606.6229,9541
23186,606.6229,9541
23384,606.6229,9541
23386,606.6229,9541
23444,606.6229,9541
23493,606.6229,9541
23520,606.6229,9541
23709,606.6229,9541
23811,606.6229,9541
23828,606.6229,9541
23860,606.6229,9541
23881,606.6229,9541
23887,606.6229,9541
23896,606.6229,9541
23909,606.6229,9541
23982,606.6229,9541
23990,606.6229,9541
23991,606.6229,9541
24052,606.6229,9541
24127,606.6229,9541
24321,606.6229,9541
24327,606.6229,9541
24331,606.6229,9541
24336,606.6229,9541
24873,606.6229,9541
25468,606.6229,9541
25486,606.6229,9541
25591,606.6229,9541
25626,606.6229,9541
25675,606.6229,9541
25731,606.6229,9541
26372,606.6229,9541
26837,606.6229,9541
26870,606.6229,9541
27179,606.6229,9541
27511,606.6229,9541
27862,606.6229,9541
27894,606.6229,9541
27909,606.6229,9541
27953,606.6229,9541
28072,606.6229,9541
28132,606.6229,9541
28135,606.6229,9541
28324,606.6229,9541
28353,606.6229,9541
28477,606.6229,9541
29097,606.6229,9541
29099,606.6229,9541
29298,606.6229,9541
29299,606.6229,9541
29344,606.6229,9541
14886,596.689,9633
16021,596.689,9633
16128,596.689,9633
17125,596.689,9633
17518,596.689,9633
17557,596.689,9633
17670,596.689,9633
17672,596.689,9633
18471,596.689,9633
19163,596.689,9633
19203,596.689,9633
19204,596.689,9633
19658,596.689,9633
19697,596.689,9633
19769,596.689,9633
19813,596.689,9633
19889,596.689,9633
19994,596.689,9633
20011,596.689,9633
20013,596.689,9633
20753,596.689,9633
21022,596.689,9633
21030,596.689,9633
21072,596.689,9633
21386,596.689,9633
21439,596.689,9633
21747,596.689,9633
21766,596.689,9633
21830,596.689,9633
22042,596.689,9633
22066,596.689,9633
22067,596.689,9633
22094,596.689,9633
22249,596.689,9633
22257,596.689,9633
22262,596.689,9633
22281,596.689,9633
22287,596.689,9633
22301,596.689,9633
22398,596.689,9633
22459,596.689,9633
22472,596.689,9633
22522,596.689,9633
22615,596.689,9633
22770,596.689,9633
22862,596.689,9633
22872,596.689,9633
22873,596.689,9633
22888,596.689,9633
22898,596.689,9633
22900,596.689,9633
22972,596.689,9633
22994,596.689,9633
23034,596.689,9633
23073,596.689,9633
23110,596.689,9633
23148,596.689,9633
23167,596.689,9633
23168,596.689,9633
23176,596.689,9633
23178,596.689,9633
23179,596.689,9633
23239,596.689,9633
23257,596.689,9633
23264,596.689,9633
23352,596.689,9633
23359,596.689,9633
23365,596.689,9633
23390,596.689,9633
23394,596.689,9633
23480,596.689,9633
23484,596.689,9633
23499,596.689,9633
23506,596.689,9633
23515,596.689,9633
23680,596.689,9633
23706,596.689,9633
23715,596.689,9633
23746,596.689,9633
23838,596.689,9633
23840,596.689,9633
23850,596.689,9633
23851,596.689,9633
23874,596.689,9633
23885,596.689,9633
23895,596.689,9633
23900,596.689,9633
23903,596.689,9633
24037,596.689,9633
24121,596.689,9633
24155,596.689,9633
24191,596.689,9633
24224,596.689,9633
24291,596.689,9633
24387,596.689,9633
24717,596.689,9633
25508,596.689,9633
25575,596.689,9633
25587,596.689,9633
25589,596.689,9633
25596,596.689,9633
25597,596.689,9633
25608,596.689,9633
25616,596.689,9633
25646,596.689,9633
25656,596.689,9633
25727,596.689,9633
25739,596.689,9633
25747,596.689,9633
25748,596.689,9633
26220,596.689,9633
26360,596.689,9633
26842,596.689,9633
26860,596.689,9633
26868,596.689,9633
27121,596.689,9633
27130,596.689,9633
27162,596.689,9633
27512,596.689,9633
27514,596.689,9633
27515,596.689,9633
27517,596.689,9633
27581,596.689,9633
27689,596.689,9633
27693,596.689,9633
27778,596.689,9633
27861,596.689,9633
27896,596.689,9633
27906,596.689,9633
27973,596.689,9633
27983,596.689,9633
27985,596.689,9633
28120,596.689,9633
28211,596.689,9633
28316,596.689,9633
28317,596.689,9633
28320,596.689,9633
28371,596.689,9633
28427,596.689,9633
28692,596.689,9633
29066,596.689,9633
29067,596.689,9633
29182,596.689,9633
29313,596.689,9633
11827,566.2796000000001,9777
11642,532.4664,9778
11769,529.2399,9779
29908,525.3082999999999,9780
12970,520.5766,9781
14904,517.2727,9782
29978,498.44050000000004,9783
15468,482.16679999999997,9784
29585,472.3108,9785
29668,472.3108,9785
29768,472.3108,9785
12892,463.5144,9788
11640,452.0777,9789
12054,444.7958,9790
14566,443.6465,9791
29575,430.55640000000005,9792
13005,427.59090000000003,9793
11740,424.4196,9794
12672,422.0769,9795
15943,403.7781,9796
29831,397.3257,9797
19224,389.5347,9798
17381,384.4627,9799
30072,383.0017,9800
16609,380.1643,9801
16089,377.9432,9802
14087,377.8769,9803
12678,377.2802,9804
13474,375.1255,9805
12530,373.3796,9806
12895,371.9984,9807
12606,368.2966,9808
11738,366.5065,9809
29578,364.8172,9810
29729,364.8172,9810
13095,363.4236,9812
11709,360.1087,9813
15353,360.0422,9814
13140,359.3572,9815
11660,358.8157,9816
12945,355.1361,9817
17442,353.4675,9818
15413,352.4066,9819
14725,352.30719999999997,9820
12692,348.3623,9821
11652,343.5777,9822
14328,341.06940000000003,9823
11841,340.307,9824
14611,336.52790000000005,9825
11641,335.0362,9826
18759,333.7433,9827
18919,332.5387,9828
13756,329.8316,9829
11677,329.5221,9830
15748,328.0856,9831
12697,327.2901,9832
13002,325.9088,9833
12444,324.2071,9834
11875,323.4336,9835
16689,320.9584,9836
13268,320.1187,9837
12430,319.2346,9838
11661,317.9086,9839
11719,317.3561,9840
13175,317.0025,9841
13941,316.9362,9842
11861,316.3616,9843
13830,314.4389,9844
13758,313.9638,9845
19647,311.65430000000003,9846
13144,311.0244,9847
14054,310.23990000000003,9848
12165,310.1073,9849
11987,308.5492,9850
11922,304.42760000000004,9851
15494,304.3613,9852
11760,303.7867,9853
12352,303.0353,9854
12363,302.6596,9855
11273,301.91920000000005,9856
12760,301.86400000000003,9857
11784,301.3226,9858
12533,300.5048,9859
12147,299.9524,9860
11869,297.3336,9861
18852,296.4163,9862
15507,295.9633,9863
13920,295.0019,9864
12936,293.0682,9865
11823,289.9742,9866
14320,289.4548,9867
17026,288.836,9868
12074,288.825,9869
12916,288.64820000000003,9870
13816,288.2172,9871
12159,286.0735,9872
12412,285.6204,9873
14291,285.5763,9874
11510,285.2559,9875
11849,285.0569,9876
12919,284.9575,9877
15498,283.4546,9878
13013,283.1453,9879
14359,283.1452,9880
11698,282.8138,9881
11788,282.0734,9882
29545,281.8555,9883
14529,280.7364,9884
12056,280.5596,9885
11682,279.543,9886
19640,278.8137,9887
14091,277.5762,9888
16646,277.25559999999996,9889
24424,275.7859,9890
15536,275.7307,9891
16948,274.0511,9892
13231,273.92960000000005,9893
12691,273.4433,9894
12928,273.3881,9895
11868,272.9462,9896
12191,271.2444,9897
13998,271.0013,9898
18926,269.8742,9899
14341,269.7527,9900
15863,268.5261,9901
15230,268.4598,9902
14806,268.4487,9903
14633,267.96259999999995,9904
11870,267.7084,9905
13047,267.3327,9906
12260,267.14480000000003,9907
12513,267.14480000000003,9907
15847,265.6862,9909
13141,265.4652,9910
11824,265.2112,9911
11833,265.2112,9911
12097,263.2111,9913
14675,262.95689999999996,9914
12939,262.8906,9915
18713,262.17240000000004,9916
11581,262.0951,9917
11094,260.6585,9918
12532,260.4707,9919
15872,260.2718,9920
11659,259.6862,9921
13634,259.5977,9922
11931,259.0562,9923
14586,258.50379999999996,9924
16717,258.3601,9925
14096,258.2275,9926
29607,258.1833,9927
23696,257.7192,9928
11820,257.1447,9929
16488,256.8242,9930
15418,256.6142,9931
12696,256.3159,9932
17305,256.3159,9932
13092,256.31579999999997,9934
11419,256.0838,9935
13170,255.2108,9936
17027,255.1445,9937
13096,254.90160000000003,9938
13003,254.4263,9939
13116,254.4263,9939
16698,254.3268,9941
13814,254.19420000000002,9942
11803,254.0948,9943
14156,253.6749,9944
17496,253.5423,9945
13762,253.0451,9946
17840,253.0008,9947
12795,252.5147,9948
12183,252.4043,9949
12682,251.89589999999998,9950
12146,251.2992,9951
13155,250.7799,9952
20944,250.2715,9953
11651,250.2053,9954
14100,250.01729999999998,9955
15878,249.64170000000001,9956
15874,249.1113,9957
13486,249.1112,9958
17601,249.0892,9959
13751,248.5256,9960
12431,248.1057,9961
14079,247.1002,9962
11726,246.90120000000002,9963
18320,246.62509999999997,9964
14313,245.7963,9965
12107,245.56419999999997,9966
17680,245.51999999999998,9967
13158,245.2106,9968
13184,243.60829999999999,9969
17409,243.0117,9970
13936,241.9177,9971
14455,241.9177,9971
18492,241.1774,9973
12361,240.29340000000002,9974
12704,240.2933,9975
13099,239.74079999999998,9976
18642,239.12210000000002,9977
22773,238.6358,9978
13635,238.3928,9979
15172,238.07240000000002,9980
11802,237.89550000000003,9981
13675,237.82920000000001,9982
14265,237.8182,9983
17119,237.4645,9984
13285,236.8568,9985
13318,236.75740000000002,9986
13627,236.74630000000002,9987
12371,236.51430000000002,9988
15157,236.4037,9989
16096,234.27110000000002,9990
16902,234.2269,9991
16950,233.1662,9992
15108,232.64679999999998,9993
13664,232.3263,9994
11724,232.1495,9995
15007,231.8623,9996
11862,231.19920000000002,9997
11975,230.90089999999998,9998
17385,230.6025,9999
15974,230.2932,10000
13159,230.039,10001
12958,229.81799999999998,10002
11222,229.7958,10003
11197,229.3538,10004
12161,228.66879999999998,10005
29934,228.534,10006
17374,228.3262,10007
17539,227.5417,10008
16666,227.01119999999997,10009
17348,226.9891,10010
13120,226.956,10011
17809,226.8123,10012
18382,226.4588,10013
18749,226.31509999999997,10014
12496,226.0609,10015
29790,225.9588,10016
29860,225.9588,10016
11254,225.3317,10018
12959,225.3317,10018
14686,224.8234,10020
11065,223.8399,10021
11137,223.8399,10021
14953,223.71839999999997,10023
12158,223.43110000000001,10024
13180,222.61329999999998,10025
22206,222.4144,10026
27150,222.4144,10026
27325,222.4034,10028
18078,222.03879999999998,10029
13788,221.89509999999999,10030
12880,221.8067,10031
11087,221.3095,10032
14099,221.2873,10033
12984,221.2212,10034
15251,221.2211,10035
12203,221.21,10036
15696,219.884,10037
19675,219.884,10037
16005,219.5967,10039
25018,218.6574,10040
28431,218.6574,10040
13760,218.5802,10042
12690,218.2928,10043
19709,217.9613,10044
11845,217.9061,10045
14626,217.7292,10046
19646,217.7292,10046
14858,217.65189999999998,10048
15879,217.6078,10049
15761,217.0222,10050
11509,216.9005,10051
14897,216.8784,10052
20715,216.8784,10052
14307,216.8674,10054
17844,216.8673,10055
13183,216.5469,10056
18524,216.5248,10057
16380,216.52479999999997,10058
24406,216.127,10059
24620,216.127,10059
24772,216.127,10059
24822,216.127,10059
13988,216.0497,10063
26261,215.7734,10064
29417,215.7734,10064
14282,215.7182,10066
14661,215.4972,10067
11733,215.45299999999997,10068
12111,215.4529,10069
12199,215.4529,10069
13014,215.4529,10069
19839,215.4309,10072
14480,215.4088,10073
16481,215.37560000000002,10074
28024,215.1656,10075
18040,214.3479,10076
20973,214.3479,10076
22754,214.3479,10076
22777,214.3479,10076
23671,214.3479,10076
14209,214.33689999999999,10081
24410,214.2485,10082
19934,213.7512,10083
19801,213.2762,10084
12695,213.2319,10085
14547,213.20979999999997,10086
11723,212.7458,10087
11717,212.6794,10088
11150,212.6242,10089
14363,212.5357,10090
11499,212.39210000000003,10091
16149,212.2043,10092
13169,212.12689999999998,10093
13171,212.12689999999998,10093
11713,212.1048,10095
11673,212.10479999999998,10096
11073,212.0496,10097
15942,212.0165,10098
15197,211.9502,10099
21818,211.3644,10100
22165,211.3644,10100
14312,211.3534,10102
21251,211.3534,10102
24927,211.3534,10102
26043,211.3534,10102
26048,211.3534,10102
13628,211.3313,10107
15235,210.93349999999998,10108
14531,210.5467,10109
13004,210.2484,10110
28639,210.2484,10110
29034,210.2484,10110
29212,210.2484,10110
13048,210.20420000000001,10114
13179,210.1379,10115
17855,209.9058,10116
16847,209.8838,10117
14906,209.4307,10118
13707,208.8893,10119
26203,208.8229,10120
13639,208.8009,10121
16170,208.7014,10122
15564,208.3146,10123
15526,208.0937,10124
15816,207.7622,10125
29862,207.7582,10126
15829,207.71800000000002,10127
12679,207.718,10128
16255,207.7179,10129
17877,207.7179,10129
18023,207.7179,10129
20714,207.7179,10129
21847,207.7179,10129
27214,207.7179,10129
28633,207.7179,10129
16628,207.27589999999998,10136
20223,207.0549,10137
17078,206.56869999999998,10138
13530,205.8394,10139
13803,205.8394,10139
19344,205.8394,10139
16172,205.5742,10142
14575,205.4969,10143
13181,205.4859,10144
12351,205.4638,10145
18812,205.4638,10145
18181,205.4417,10147
13239,205.1986,10148
16162,204.46929999999998,10149
19217,204.4472,10150
15826,204.1046,10151
22377,203.8504,10152
22531,203.8504,10152
24278,203.8504,10152
26792,203.8504,10152
26843,203.8504,10152
28921,203.8504,10152
29373,203.8504,10152
21992,203.6073,10159
12652,202.1488,10160
15478,202.0272,10161
27525,201.9719,10162
27814,201.9719,10162
29445,201.9719,10162
12136,200.7897,10165
12979,199.9829,10166
13337,199.9829,10166
13872,199.9829,10166
14450,199.9829,10166
21777,199.9829,10166
16846,199.94979999999998,10171
11201,199.93880000000001,10172
15543,199.93880000000001,10172
12969,199.7731,10174
14077,199.70680000000002,10175
16721,199.6846,10176
13983,199.35309999999998,10177
17213,198.84480000000002,10178
11233,198.27020000000002,10179
15244,198.00510000000003,10180
28617,197.7729,10181
11653,197.7509,10182
11657,197.7509,10182
13670,197.1873,10184
14554,197.1873,10184
14934,197.1873,10184
13137,196.62380000000002,10187
13604,196.6016,10188
14574,196.248,10189
14278,196.0934,10190
16840,195.5298,10191
16849,195.5298,10191
17036,195.5298,10191
17867,195.5077,10194
13491,194.93310000000002,10195
13043,194.4027,10196
12972,194.1597,10197
14655,193.33089999999999,10198
17422,193.28660000000002,10199
12077,193.0216,10200
17298,192.7673,10201
12295,192.4579,10202
26898,192.2148,10203
14069,192.2038,10204
17237,192.1927,10205
19580,192.1927,10205
11732,191.6844,10207
29232,191.6844,10207
19955,191.6623,10209
15326,191.1429,10210
16584,191.1098,10211
13423,191.0435,10212
15828,190.33630000000002,10213
15559,190.1042,10214
19604,189.76170000000002,10215
12202,189.4744,10216
12049,189.44119999999998,10217
16325,189.2534,10218
12088,188.8887,10219
15378,188.85569999999998,10220
12753,188.6899,10221
15008,188.4357,10222
16009,188.34730000000002,10223
16181,187.9164,10224
12106,187.3419,10225
13701,187.3197,10226
16338,187.22019999999998,10227
16590,186.6898,10228
14194,186.6677,10229
30077,186.6284,10230
17410,186.4578,10231
13009,186.3804,10232
16958,185.6621,10233
14678,185.5848,10234
15598,185.5627,10235
15787,185.5627,10235
15377,185.52960000000002,10237
12490,185.4522,10238
13621,184.9771,10239
14760,184.82240000000002,10240
16023,184.4135,10241
15868,183.9936,10242
11736,183.9273,10243
18826,183.90519999999998,10244
13828,183.7394,10245
15738,183.7394,10245
15975,183.7394,10245
16072,183.7394,10245
16131,183.7394,10245
22141,183.7394,10245
24695,183.7394,10245
27688,183.7394,10245
27721,183.7394,10245
28086,183.7394,10245
28254,183.7394,10245
28931,183.7394,10245
13182,183.3748,10257
11131,183.33069999999998,10258
15488,182.6566,10259
27783,182.6344,10260
29257,182.6344,10260
29332,182.6344,10260
22737,182.5681,10263
16690,182.4024,10264
19566,182.2256,10265
16133,182.1262,10266
17585,181.7283,10267
12944,181.4521,10268
14808,181.441,10269
14509,181.209,10270
14594,181.209,10270
14905,181.209,10270
15090,181.209,10270
15957,181.209,10270
14680,181.16479999999999,10275
17101,181.1538,10276
17619,181.1317,10277
14787,180.6123,10278
17479,180.55700000000002,10279
13206,180.32500000000002,10280
18635,180.104,10281
20935,180.104,10281
20953,180.104,10281
22699,180.104,10281
23632,180.104,10281
25470,180.104,10281
25482,180.104,10281
29107,180.104,10281
14799,180.0598,10289
11196,179.31949999999998,10290
11214,179.31949999999998,10290
12119,179.3194,10292
12176,179.3194,10292
12413,179.3194,10292
14504,179.27530000000002,10295
12166,179.2532,10296
18279,179.0322,10297
15137,178.9438,10298
15146,178.9438,10298
25043,178.557,10300
16635,178.2255,10301
28301,178.2255,10301
14567,178.2145,10303
18523,177.8388,10304
17551,177.8167,10305
14533,177.4078,10306
16617,177.4078,10306
18305,177.4078,10306
13708,177.38580000000002,10309
12367,177.2973,10310
18077,177.2862,10311
22370,177.0542,10312
23132,177.0542,10312
13944,176.9327,10314
12117,176.789,10315
12192,176.789,10315
12410,176.789,10315
12411,176.789,10315
11729,176.7559,10319
11958,176.75580000000002,10320
17808,176.7338,10321
12196,176.7228,10322
14783,175.65089999999998,10323
14970,175.65089999999998,10323
14974,175.63979999999998,10325
18278,175.63979999999998,10325
25292,175.5624,10327
14561,175.5183,10328
16772,175.1757,10329
16479,175.1536,10330
12992,175.15359999999998,10331
18758,175.15359999999998,10331
14840,174.54579999999999,10333
12489,174.5017,10334
16106,174.04860000000002,10335
12414,173.8055,10336
27733,173.8055,10336
22283,173.7834,10338
23147,173.7834,10338
23456,173.7834,10338
11170,173.73919999999998,10341
17500,173.4408,10342
14694,173.4187,10343
14073,173.3082,10344
27904,173.2198,10345
14206,173.032,10346
25369,173.032,10346
14632,172.9878,10348
24021,172.6784,10349
26250,172.6784,10349
12752,172.6563,10351
14540,172.6563,10351
14784,172.6563,10351
14839,172.6563,10351
15340,172.42430000000002,10355
12931,172.3138,10356
13026,172.3138,10356
14223,172.3138,10356
16731,172.2806,10359
24864,172.0706,10360
16837,171.7944,10361
17411,171.7944,10361
18065,171.7944,10361
18554,171.7723,10364
24978,171.3634,10365
12175,171.27499999999998,10366
12409,171.27499999999998,10366
13015,171.27499999999998,10366
13072,171.27499999999998,10366
20949,171.2529,10370
22083,171.2529,10370
15162,171.23090000000002,10372
14244,171.2309,10373
16213,170.7668,10374
13041,170.1148,10375
19623,170.0927,10376
17450,170.07059999999998,10377
11645,169.5734,10378
11807,169.5734,10378
11722,169.57330000000002,10380
11086,169.5623,10381
15856,169.2971,10382
30081,169.2827,10383
14546,169.03189999999998,10384
11697,169.0208,10385
14993,168.99869999999999,10386
23861,168.623,10387
24422,168.623,10387
24428,168.623,10387
24945,168.623,10387
24971,168.623,10387
25189,168.623,10387
27379,168.4794,10393
14982,168.4573,10394
29505,168.3305,10395
23180,168.2694,10396
23293,168.2694,10396
15132,167.8937,10398
17371,167.8717,10399
16876,167.7833,10400
11782,167.6838,10401
11821,167.3302,10402
17579,167.3302,10402
18968,167.3302,10402
19399,167.3302,10402
23756,167.1644,10406
14961,167.1534,10407
29006,167.1534,10407
18215,166.8219,10409
16855,166.7998,10410
18355,166.7998,10410
19667,166.7998,10410
23695,166.7777,10413
13222,166.2031,10414
16303,165.7279,10415
16457,165.7279,10415
17637,165.7279,10415
18024,165.7279,10415
21541,165.7279,10415
26086,165.7279,10415
22728,165.6727,10421
18356,165.6506,10422
11123,165.57330000000002,10423
13185,165.57330000000002,10423
11850,165.1534,10425
16599,165.1534,10425
16576,165.1533,10427
16870,164.6893,10428
19307,164.6229,10429
20134,164.6229,10429
21865,164.6229,10429
29206,164.6229,10429
14119,164.5788,10433
18322,164.5235,10434
11116,164.3136,10435
13674,164.0594,10436
18816,164.0594,10436
19115,164.0594,10436
19241,164.0594,10436
19747,164.0594,10436
19774,164.0594,10436
11881,163.9821,10442
15922,163.7611,10443
17387,163.7501,10444
12288,163.4958,10445
12566,163.4848,10446
14553,163.4848,10446
27198,163.4848,10446
21670,163.2859,10449
17238,162.9655,10450
17254,162.9655,10450
17283,162.9212,10452
17302,162.9212,10452
19187,162.7444,10454
19248,162.7444,10454
24751,162.7444,10454
25257,162.7444,10454
25357,162.7444,10454
26102,162.7444,10454
16332,162.6892,10460
16059,162.4019,10461
20694,162.4019,10461
11790,162.3798,10463
17482,162.36880000000002,10464
18944,162.3688,10465
13615,162.3356,10466
14446,162.15879999999999,10467
14685,162.14780000000002,10468
18329,161.91570000000002,10469
15760,161.90480000000002,10470
24429,161.3963,10471
24631,161.3963,10471
11679,161.2859,10473
18674,161.2858,10474
15866,161.1312,10475
14175,160.4792,10476
16480,160.15879999999999,10477
11164,159.9598,10478
11178,159.9598,10478
12006,159.93779999999998,10480
13641,159.93769999999998,10481
13571,159.6394,10482
19856,159.6394,10482
20279,159.6394,10482
20287,159.6394,10482
20363,159.6394,10482
27998,159.6394,10482
28602,159.6394,10482
28631,159.6394,10482
18032,159.6173,10490
20056,159.6173,10490
21518,159.6173,10490
22075,159.6173,10490
22134,159.6173,10490
23614,159.6173,10490
13172,159.4184,10496
18295,159.4184,10496
12803,159.31889999999999,10498
29802,159.12,10499
11715,159.08689999999999,10500
20723,159.0758,10501
13071,159.0649,10502
16709,159.0538,10503
11128,159.0537,10504
18055,159.0206,10505
21122,158.8769,10506
22555,158.8769,10506
24382,158.8769,10506
25551,158.8769,10506
28232,158.8769,10506
15511,158.61180000000002,10511
16085,158.60070000000002,10512
15577,158.51229999999998,10513
16342,158.446,10514
12933,157.9598,10515
14674,157.4294,10516
17321,157.4184,10517
18262,157.4073,10518
20582,157.4073,10518
24551,157.4073,10518
12907,156.8879,10521
13204,156.8879,10521
13323,156.8879,10521
13341,156.8879,10521
13488,156.8879,10521
14441,156.8879,10521
14514,156.8879,10521
17501,156.8879,10521
21461,156.8879,10521
22095,156.8879,10521
16910,156.8659,10531
18390,156.8658,10532
13617,156.8106,10533
14423,156.8106,10533
15815,156.72230000000002,10535
18285,156.4128,10536
18286,156.4128,10536
16730,155.7388,10538
20740,155.7387,10539
13838,155.3078,10540
13930,155.2194,10541
16174,155.19729999999998,10542
12061,154.8879,10543
13963,154.0923,10544
14217,154.0923,10544
18186,154.0812,10546
28336,153.5619,10547
14804,153.5509,10548
26613,153.5508,10549
15444,153.5398,10550
14084,153.2415,10551
13125,153.0867,10552
11959,153.0205,10553
15142,152.9984,10554
11014,152.9873,10555
11180,152.9873,10555
11235,152.9873,10555
14013,152.9873,10555
14311,152.9873,10555
14318,152.9873,10555
14319,152.9873,10555
14682,152.9873,10555
16295,152.9873,10555
17077,152.9873,10555
19389,152.9873,10555
16591,152.44590000000002,10566
11681,152.44580000000002,10567
11700,152.44580000000002,10567
14604,152.4348,10569
13533,152.4238,10570
14196,152.4238,10570
11752,152.3464,10572
20082,151.9818,10573
13961,151.3188,10574
13798,150.67790000000002,10575
12022,150.55630000000002,10576
11932,150.5563,10577
15376,150.54520000000002,10578
11734,150.037,10579
14126,149.7828,10580
22005,149.6833,10581
18644,149.6612,10582
18155,149.6502,10583
16959,149.5618,10584
11177,149.4513,10585
13671,149.4292,10586
11838,149.4071,10587
21498,149.1529,10588
21626,149.1529,10588
21761,149.1529,10588
29301,149.1529,10588
17193,149.13080000000002,10592
28411,149.1198,10593
22925,149.0977,10594
25166,148.6888,10595
11730,148.5784,10596
15727,148.5784,10596
11781,148.5783,10598
11971,148.5783,10598
19645,148.5562,10600
11208,148.3242,10601
11804,148.0258,10602
11856,148.0258,10602
12048,148.0258,10602
12067,148.0258,10602
12073,148.0258,10602
14458,148.0148,10607
13603,148.0038,10608
17814,147.9927,10609
18884,147.9927,10609
11622,147.79379999999998,10611
19147,147.7496,10612
14143,147.5728,10613
19642,147.5618,10614
13499,147.5065,10615
18805,147.5065,10615
18810,147.5065,10615
18861,147.5065,10615
18887,147.5065,10615
18970,147.5065,10615
18989,147.5065,10615
19018,147.5065,10615
19145,147.5065,10615
19244,147.5065,10615
19543,147.5065,10615
19636,147.5065,10615
19699,147.5065,10615
20201,147.5065,10615
20275,147.5065,10615
20331,147.5065,10615
22151,147.5065,10615
26762,147.5065,10615
28357,147.5065,10615
20392,147.4844,10634
22096,147.4844,10634
22751,147.4844,10634
23300,147.4844,10634
13466,147.4624,10638
16177,147.3407,10639
26400,146.9429,10640
12508,146.9319,10641
18774,146.9319,10641
18846,146.9319,10641
18967,146.9319,10641
19218,146.9319,10641
19544,146.9319,10641
19860,146.9319,10641
20016,146.9319,10641
20123,146.9319,10641
20315,146.9319,10641
27343,146.9319,10641
27363,146.9319,10641
27368,146.9319,10641
27403,146.9319,10641
27757,146.9319,10641
28545,146.9319,10641
12325,146.90980000000002,10657
16711,146.90980000000002,10657
17307,146.90980000000002,10657
22296,146.9098,10660
23473,146.9098,10660
15880,146.8987,10662
18354,146.8987,10662
24399,146.8987,10662
12145,146.8767,10665
16497,146.6446,10666
16370,146.41250000000002,10667
26690,146.3794,10668
13350,146.3573,10669
15795,146.3462,10670
16564,146.1584,10671
17645,146.1584,10671
20106,145.8048,10673
22681,145.8048,10673
11199,145.5838,10675
15402,145.3628,10676
11748,145.3518,10677
21066,145.2412,10678
21740,145.2412,10678
11301,145.0424,10680
19541,145.02020000000002,10681
17493,144.7109,10682
11829,144.6888,10683
16492,144.68869999999998,10684
24430,144.2688,10685
24634,144.2688,10685
28241,144.1583,10687
11890,144.13619999999997,10688
16386,143.5948,10689
13669,143.3296,10690
12100,143.0644,10691
16613,142.9318,10692
11650,142.5119,10693
11668,142.5119,10693
11686,142.5119,10693
11694,142.5119,10693
11695,142.5119,10693
11701,142.5119,10693
11805,142.5119,10693
13508,142.5119,10693
14690,142.5119,10693
16734,142.5119,10693
18504,142.5119,10693
18672,142.5119,10693
18673,142.5119,10693
18675,142.5119,10693
18784,142.5119,10693
18813,142.5119,10693
18836,142.5119,10693
18873,142.5119,10693
18920,142.5119,10693
18977,142.5119,10693
18993,142.5119,10693
19655,142.5119,10693
19760,142.5119,10693
19895,142.5119,10693
20019,142.5119,10693
20122,142.5119,10693
20276,142.5119,10693
20326,142.5119,10693
20367,142.5119,10693
20384,142.5119,10693
20737,142.5119,10693
20742,142.5119,10693
20758,142.5119,10693
21881,142.5119,10693
26155,142.5119,10693
26166,142.5119,10693
27377,142.5119,10693
27402,142.5119,10693
27653,142.5119,10693
28341,142.5119,10693
29072,142.5119,10693
11085,142.5008,10734
17317,142.4898,10735
18628,142.4898,10735
21510,142.4898,10735
21530,142.4898,10735
15025,142.4788,10739
18283,142.4788,10739
11172,142.4787,10741
17468,142.4456,10742
14353,142.3682,10743
20086,142.0478,10744
26528,141.9594,10745
13954,141.9484,10746
14056,141.9484,10746
14814,141.94830000000002,10748
19798,141.9263,10749
18756,141.8931,10750
26719,141.3848,10751
28773,141.3848,10751
28786,141.3848,10751
13505,141.36270000000002,10754
11712,141.2191,10755
11285,141.17489999999998,10756
15805,140.8544,10757
17350,140.8544,10757
12725,140.6444,10759
14491,140.6444,10759
14907,140.6444,10759
15574,140.6444,10759
18473,140.6444,10759
22544,140.6444,10759
28139,140.6444,10759
11639,140.6224,10766
11786,140.29090000000002,10767
16241,140.2909,10768
16643,140.2909,10768
16841,140.2909,10768
17126,140.2909,10768
17484,140.2908,10772
14344,140.2798,10773
14518,140.2798,10773
14522,140.2798,10773
15236,140.2798,10773
28634,140.2798,10773
17481,140.2688,10778
17491,140.2688,10778
18263,140.2688,10778
23060,140.2577,10781
15711,139.84879999999998,10782
18280,139.84879999999998,10782
20941,139.5394,10784
20974,139.5394,10784
26407,139.5394,10784
11148,139.4953,10787
17801,139.1527,10788
24944,138.7549,10789
13008,138.6886,10790
14878,138.6333,10791
16848,138.6223,10792
11179,138.6113,10793
19015,138.6002,10794
14548,138.114,10795
14564,138.114,10795
14579,138.114,10795
14748,138.114,10795
15156,138.114,10795
15514,138.114,10795
15774,138.114,10795
15981,138.114,10795
16217,138.114,10795
16777,138.114,10795
16993,138.114,10795
17379,138.114,10795
17444,138.114,10795
17675,138.114,10795
18364,138.114,10795
20404,138.114,10795
22349,138.114,10795
23279,138.114,10795
11832,138.0919,10813
11844,138.0919,10813
11847,138.0919,10813
11852,138.0919,10813
11857,138.0919,10813
12439,138.0919,10813
16600,138.0919,10813
12821,138.05870000000002,10820
21283,138.0587,10821
13267,138.04770000000002,10822
18685,137.5283,10823
21574,137.5173,10824
21767,137.5173,10824
12195,137.4731,10826
13981,137.2521,10827
24107,137.009,10828
24542,137.009,10828
26865,137.009,10828
13506,136.9979,10831
18503,136.9979,10831
18542,136.9979,10831
18584,136.9979,10831
18753,136.9979,10831
18844,136.9979,10831
18888,136.9979,10831
18934,136.9979,10831
18941,136.9979,10831
18965,136.9979,10831
18994,136.9979,10831
19020,136.9979,10831
19149,136.9979,10831
19228,136.9979,10831
19229,136.9979,10831
19643,136.9979,10831
19715,136.9979,10831
19804,136.9979,10831
19816,136.9979,10831
19819,136.9979,10831
19848,136.9979,10831
19851,136.9979,10831
19882,136.9979,10831
19885,136.9979,10831
20184,136.9979,10831
20290,136.9979,10831
20338,136.9979,10831
20358,136.9979,10831
20379,136.9979,10831
20748,136.9979,10831
20762,136.9979,10831
20763,136.9979,10831
22149,136.9979,10831
22167,136.9979,10831
22405,136.9979,10831
22964,136.9979,10831
26143,136.9979,10831
26163,136.9979,10831
26374,136.9979,10831
26427,136.9979,10831
26432,136.9979,10831
26664,136.9979,10831
26669,136.9979,10831
26672,136.9979,10831
26755,136.9979,10831
26759,136.9979,10831
26772,136.9979,10831
27147,136.9979,10831
27349,136.9979,10831
27351,136.9979,10831
27393,136.9979,10831
27516,136.9979,10831
27518,136.9979,10831
28444,136.9979,10831
28475,136.9979,10831
28550,136.9979,10831
17053,136.9759,10887
17059,136.9759,10887
17060,136.9759,10887
17070,136.9759,10887
17251,136.9759,10887
18715,136.9759,10887
18763,136.9759,10887
17072,136.9758,10894
20798,136.9758,10894
21188,136.9758,10894
21207,136.9758,10894
21522,136.9758,10894
21640,136.9758,10894
21967,136.9758,10894
23171,136.9758,10894
23936,136.9758,10894
23977,136.9758,10894
11051,136.9648,10904
26282,136.9648,10904
11725,136.9206,10906
17337,136.9206,10906
11118,136.7991,10908
18109,136.4454,10909
19215,136.4454,10909
23438,136.4454,10909
27772,136.4454,10909
27932,136.4454,10909
14535,136.4344,10914
12304,136.41230000000002,10915
15138,136.41230000000002,10915
15222,136.41230000000002,10915
17303,136.41230000000002,10915
15239,136.4123,10919
11621,136.1803,10920
15730,135.8709,10921
17708,135.8708,10922
27284,135.8708,10922
14314,135.8598,10924
16296,135.8598,10924
29243,135.8598,10924
11114,135.7936,10927
13860,135.7383,10928
18707,135.6499,10929
14370,135.42880000000002,10930
15124,135.2963,10931
12064,135.2741,10932
14502,135.0974,10933
11699,135.0863,10934
19098,135.0753,10935
11023,135.0752,10936
11304,135.04209999999998,10937
17360,135.00900000000001,10938
18637,134.7438,10939
13338,134.7437,10940
23475,134.7437,10940
26376,134.7327,10942
13785,134.62220000000002,10943
14176,134.3349,10944
24236,134.3349,10944
24508,134.3349,10944
24964,134.3349,10944
25896,134.3349,10944
14274,134.3239,10949
11731,134.2023,10950
21991,134.2023,10950
13121,133.9813,10952
14016,133.7714,10953
22205,133.1304,10954
12793,133.1194,10955
23522,133.1194,10955
19375,133.1083,10957
20144,133.1083,10957
23029,133.1083,10957
14724,133.0531,10960
28616,132.6,10961
11791,132.5779,10962
11792,132.5779,10962
12506,132.5779,10962
12525,132.5779,10962
13568,132.5779,10962
13573,132.5779,10962
13672,132.5779,10962
15105,132.5779,10962
15109,132.5779,10962
15113,132.5779,10962
15356,132.5779,10962
18521,132.5779,10962
18583,132.5779,10962
18588,132.5779,10962
18590,132.5779,10962
18591,132.5779,10962
18602,132.5779,10962
18612,132.5779,10962
18676,132.5779,10962
18690,132.5779,10962
18752,132.5779,10962
18765,132.5779,10962
18786,132.5779,10962
18799,132.5779,10962
18807,132.5779,10962
18809,132.5779,10962
18822,132.5779,10962
18828,132.5779,10962
18830,132.5779,10962
18834,132.5779,10962
18891,132.5779,10962
18987,132.5779,10962
18992,132.5779,10962
18995,132.5779,10962
19012,132.5779,10962
19025,132.5779,10962
19168,132.5779,10962
19226,132.5779,10962
19234,132.5779,10962
19235,132.5779,10962
19236,132.5779,10962
19245,132.5779,10962
19660,132.5779,10962
19668,132.5779,10962
19688,132.5779,10962
19700,132.5779,10962
19712,132.5779,10962
19728,132.5779,10962
19734,132.5779,10962
19777,132.5779,10962
19806,132.5779,10962
19834,132.5779,10962
19840,132.5779,10962
19850,132.5779,10962
19853,132.5779,10962
19868,132.5779,10962
19888,132.5779,10962
19890,132.5779,10962
19893,132.5779,10962
20022,132.5779,10962
20115,132.5779,10962
20116,132.5779,10962
20120,132.5779,10962
20125,132.5779,10962
20129,132.5779,10962
20203,132.5779,10962
20271,132.5779,10962
20292,132.5779,10962
20294,132.5779,10962
20307,132.5779,10962
20311,132.5779,10962
20328,132.5779,10962
20344,132.5779,10962
20351,132.5779,10962
20378,132.5779,10962
20741,132.5779,10962
21233,132.5779,10962
21234,132.5779,10962
21240,132.5779,10962
26668,132.5779,10962
27283,132.5779,10962
27725,132.5779,10962
27734,132.5779,10962
28027,132.5779,10962
28045,132.5779,10962
28121,132.5779,10962
28460,132.5779,10962
28466,132.5779,10962
28476,132.5779,10962
28495,132.5779,10962
28539,132.5779,10962
28546,132.5779,10962
28581,132.5779,10962
28600,132.5779,10962
28722,132.5779,10962
29351,132.5779,10962
11691,132.5559,11058
16208,132.5558,11059
19383,132.5558,11059
20138,132.5558,11059
20504,132.5558,11059
20597,132.5558,11059
20916,132.5558,11059
20937,132.5558,11059
21513,132.5558,11059
21786,132.5558,11059
22305,132.5558,11059
22738,132.5558,11059
22813,132.5558,11059
23062,132.5558,11059
23188,132.5558,11059
23333,132.5558,11059
23693,132.5558,11059
12964,132.5449,11075
17879,132.5448,11076
18271,132.5448,11076
20746,132.5448,11076
12204,132.5227,11079
12138,132.5006,11080
17495,132.5006,11080
14371,132.4454,11082
14641,132.4454,11082
14765,132.4454,11082
11981,132.3348,11085
17347,132.29070000000002,11086
12262,131.9923,11087
12545,131.9923,11087
19583,131.9923,11087
19618,131.9923,11087
20421,131.4619,11091
13624,131.45090000000002,11092
12329,131.4509,11093
12563,131.4509,11093
15721,131.4509,11093
11369,131.45080000000002,11096
19486,131.4508,11097
26059,131.4508,11097
26396,131.4508,11097
26809,131.4508,11097
27059,131.4508,11097
27480,131.4508,11097
14199,131.4288,11103
19610,131.4288,11103
19817,131.4287,11105
16331,131.252,11106
11965,131.20780000000002,11107
18978,131.1967,11108
25237,130.8983,11109
12997,130.589,11110
12140,130.5779,11111
14521,130.3459,11112
14557,130.3459,11112
17306,130.3459,11112
28866,130.3458,11115
11720,130.3348,11116
12357,130.3238,11117
16016,130.3127,11118
12862,129.9259,11119
12603,129.7823,11120
14208,129.7602,11121
14837,129.2298,11122
15635,129.2298,11122
19385,129.2298,11122
11059,129.20770000000002,11125
14986,129.1856,11126
11843,129.0198,11127
19584,128.99779999999998,11128
12311,128.6552,11129
15593,128.4673,11130
15735,128.4563,11131
11747,128.1359,11132
13389,128.1248,11133
18257,128.1248,11133
19071,128.1248,11133
16649,128.1138,11136
15606,128.1027,11137
15426,128.0917,11138
19377,128.0916,11139
18314,127.88170000000001,11140
18345,127.59440000000001,11141
14542,127.35130000000001,11142
14809,127.35130000000001,11142
14836,127.35130000000001,11142
11045,127.0309,11145
11361,127.0309,11145
12244,127.0309,11145
12249,127.0309,11145
14057,127.0309,11145
14067,127.0309,11145
14227,127.0309,11145
15057,127.0308,11152
15610,127.0308,11152
15650,127.0308,11152
15670,127.0308,11152
16198,127.0308,11152
17204,127.0308,11152
20570,127.0308,11152
21524,127.0308,11152
25346,127.0308,11152
26104,127.0308,11152
26472,127.0308,11152
13198,127.0198,11163
18875,127.0198,11163
19587,127.0198,11163
11865,126.9867,11166
13815,126.5778,11167
15274,126.4783,11168
15383,126.4783,11168
16233,126.4783,11168
18732,126.4783,11168
21792,126.4783,11168
25520,126.4783,11168
25810,126.4783,11168
26852,126.4783,11168
27112,126.4783,11168
12865,126.2242,11177
13614,126.2021,11178
13668,126.2021,11178
15153,125.93690000000001,11180
15794,125.93690000000001,11180
18530,125.9369,11182
25812,125.9369,11182
17067,125.92589999999998,11184
17296,125.92589999999998,11184
11013,125.92580000000001,11186
11141,125.92580000000001,11186
11192,125.92580000000001,11186
11236,125.92580000000001,11186
11255,125.92580000000001,11186
13809,125.9258,11191
14717,125.9258,11191
27007,125.9258,11191
27935,125.9258,11191
20745,125.91480000000001,11195
12740,125.9148,11196
15581,125.90379999999999,11197
17710,125.90379999999999,11197
11115,125.64959999999999,11199
11646,125.3955,11200
11672,125.3955,11200
21445,125.3844,11202
29049,125.3733,11203
11974,125.3623,11204
11068,125.2629,11205
16486,125.1303,11206
17657,125.1303,11206
19026,125.1303,11206
11669,125.0971,11209
14545,124.8208,11210
11146,124.7878,11211
20087,124.5998,11212
19619,124.58879999999999,11213
19624,124.58879999999999,11213
16489,124.5667,11215
15018,124.2684,11216
19569,124.0253,11217
17494,123.7159,11218
11658,123.7158,11219
14551,123.7158,11219
15544,123.7048,11221
16300,123.7048,11221
16314,123.7048,11221
23550,123.7048,11221
28272,123.7048,11221
13290,123.63850000000001,11226
14582,123.52799999999999,11227
17194,123.1523,11228
23247,122.5998,11229
12627,122.58879999999999,11230
11685,122.5666,11231
12564,122.3788,11232
12502,122.0584,11233
17729,122.0583,11234
18885,122.0583,11234
21080,122.0583,11234
22483,122.0583,11234
25633,122.0583,11234
26781,122.0583,11234
27461,122.0583,11234
27815,122.0583,11234
11071,121.8042,11242
11728,121.5169,11243
11735,121.5169,11243
11783,121.5169,11243
11787,121.5169,11243
11884,121.5169,11243
11891,121.5169,11243
11950,121.5169,11243
11970,121.5169,11243
15154,121.5169,11243
24665,121.5169,11243
28890,121.5169,11243
17226,121.51689999999999,11254
13781,121.5059,11255
11113,121.4175,11256
11153,121.29589999999999,11257
14315,121.2296,11258
19581,120.9534,11259
19629,120.9313,11260
19200,120.71029999999999,11261
11941,120.40090000000001,11262
13732,120.4009,11263
13409,120.3898,11264
21317,120.3898,11264
16166,120.2793,11266
16178,120.2793,11266
18325,120.2793,11266
16964,119.9367,11269
11980,119.8484,11270
12085,119.8484,11270
12927,119.8484,11270
12940,119.8484,11270
12956,119.8484,11270
12963,119.8484,11270
26907,119.8483,11276
28543,119.8483,11276
13544,119.8263,11278
14938,119.30690000000001,11279
25839,119.2737,11280
13791,119.1743,11281
15103,119.1743,11281
11187,118.7655,11283
11879,118.6992,11284
15694,118.6439,11285
14197,118.3234,11286
12757,118.1908,11287
12897,118.1908,11287
12966,118.1908,11287
13153,118.1908,11287
13336,118.1908,11287
13388,118.1908,11287
13416,118.1908,11287
13463,118.1908,11287
13833,118.1908,11287
13913,118.1908,11287
14001,118.1908,11287
14361,118.1908,11287
14768,118.1908,11287
16353,118.1908,11287
17289,118.1798,11301
23024,118.1798,11301
18054,118.1577,11303
21136,118.1577,11303
23020,118.1577,11303
23470,118.1577,11303
14059,117.9588,11307
16622,117.7489,11308
16634,117.7488,11309
16679,117.7488,11309
14692,117.4174,11311
14992,117.4174,11311
17628,117.3952,11313
12044,117.0748,11314
12920,117.0748,11314
12943,117.0748,11314
16189,117.06370000000001,11317
11067,116.8538,11318
11194,116.8538,11318
11195,116.8538,11318
17066,116.8538,11318
13694,116.6438,11322
15681,116.6438,11322
24899,116.5223,11324
11982,116.3124,11325
11721,116.3123,11326
12746,116.2903,11327
14184,116.2903,11327
13613,116.26820000000001,11329
13197,116.2351,11330
13199,116.235,11331
19567,115.98089999999999,11332
14663,115.9698,11333
16680,115.8704,11334
20218,115.6825,11335
15572,115.52780000000001,11336
16771,115.52780000000001,11336
19101,115.38419999999999,11338
11081,115.2074,11339
14034,115.1853,11340
17686,115.17420000000001,11341
12055,115.1301,11342
12043,114.8869,11343
14552,114.8869,11343
14955,114.8869,11343
12310,114.8759,11346
12718,114.8758,11347
20530,114.8758,11347
21456,114.8758,11347
29315,114.8758,11347
21135,114.8648,11351
16171,114.7653,11352
16071,114.4229,11353
16097,114.4229,11353
15864,114.4228,11355
16597,114.3565,11356
21964,114.3565,11356
14621,114.3454,11358
15273,114.3454,11358
15382,114.3454,11358
15946,114.3454,11358
18384,114.3454,11358
18507,114.3454,11358
20103,114.3454,11358
23552,114.3454,11358
25054,114.3454,11358
27413,114.3454,11358
28287,114.3454,11358
19379,114.3233,11369
28855,114.3233,11369
17076,114.32329999999999,11371
15034,114.3123,11372
11962,113.7819,11373
12643,113.7709,11374
24911,113.7708,11375
25223,113.7708,11375
27999,113.7708,11375
28879,113.7708,11375
29100,113.7708,11375
12139,113.7377,11380
11102,113.7157,11381
15806,113.6493,11382
16167,113.3399,11383
16640,113.3399,11383
11165,113.2515,11385
11173,113.2515,11385
29079,113.2404,11387
12309,112.9973,11388
14332,112.9864,11389
16401,112.9863,11390
16506,112.7543,11391
11793,112.66590000000001,11392
12610,112.6548,11393
26178,112.6548,11393
18506,112.6438,11395
20927,112.6437,11396
15571,112.5444,11397
11517,112.4449,11398
16593,112.4448,11399
15216,112.4227,11400
16608,112.23490000000001,11401
16633,112.23490000000001,11401
14805,112.1133,11403
16192,112.1023,11404
22882,112.1023,11404
11814,111.8923,11406
13503,111.8813,11407
18811,111.5609,11408
18391,111.5608,11409
18449,111.53880000000001,11410
19648,111.42830000000001,11411
20212,111.3177,11412
12983,111.0083,11413
13164,111.0083,11413
13759,111.0083,11413
14445,111.0083,11413
22176,111.0083,11413
11662,110.7984,11418
11670,110.7984,11418
11703,110.7984,11418
11718,110.7984,11418
17063,110.77629999999999,11422
17282,110.77629999999999,11422
17297,110.77629999999999,11422
11643,110.7431,11425
13498,110.5995,11426
24287,110.5995,11426
24629,110.5995,11426
24657,110.5995,11426
24678,110.5995,11426
24974,110.5995,11426
25200,110.5995,11426
25329,110.5995,11426
25330,110.5995,11426
25333,110.5995,11426
28406,110.5995,11426
12625,110.4558,11437
21296,110.4558,11437
21320,110.4558,11437
21421,110.4558,11437
21499,110.4558,11437
21675,110.4558,11437
21706,110.4558,11437
21719,110.4558,11437
21936,110.4558,11437
17327,110.43379999999999,11446
18199,110.43379999999999,11446
19104,110.43379999999999,11446
13390,110.4337,11449
14842,110.4337,11449
15174,110.3895,11451
24732,110.0249,11452
24765,110.0249,11452
12424,109.9144,11454
12426,109.9144,11454
14060,109.9144,11454
14309,109.9144,11454
21952,109.9144,11454
21965,109.9144,11454
21990,109.9144,11454
13623,109.6161,11461
12372,109.4282,11462
21395,109.3619,11463
29341,109.3619,11463
11842,109.36189999999999,11465
13609,109.3509,11466
15206,109.3509,11466
15238,109.3509,11466
15758,109.3509,11466
15783,109.3509,11466
15798,109.3509,11466
15804,109.3509,11466
17503,109.3509,11466
18256,109.3509,11466
12726,109.3508,11475
14749,109.3508,11475
14932,109.3508,11475
15160,109.3508,11475
15190,109.3508,11475
16236,109.3508,11475
16368,109.3508,11475
16922,109.3508,11475
17016,109.3508,11475
17130,109.3508,11475
19208,109.3508,11475
21082,109.3508,11475
21549,109.3508,11475
22475,109.3508,11475
22539,109.3508,11475
23971,109.3508,11475
24574,109.3508,11475
25209,109.3508,11475
14683,109.3399,11493
19796,109.3287,11494
17509,109.0857,11495
19862,108.8205,11496
23357,108.8204,11497
11198,108.8094,11498
19969,108.78729999999999,11499
11268,108.56630000000001,11500
11687,108.2679,11501
11710,108.2679,11501
19961,108.2569,11503
18466,108.2459,11504
13586,108.24589999999999,11505
16705,108.2458,11506
17250,108.2458,11506
17631,108.2458,11506
18326,108.2458,11506
23091,108.2458,11506
29260,108.2458,11506
29370,108.2458,11506
16579,108.2348,11513
19220,107.8702,11514
16619,107.826,11515
12134,107.6823,11516
15147,107.6823,11516
17316,107.6823,11516
15102,107.5718,11519
16321,107.4613,11520
16188,107.1298,11521
16200,107.1298,11521
17052,107.0967,11523
26689,107.0966,11524
27202,107.0966,11524
11458,107.0636,11526
15641,106.9088,11527
19574,106.8978,11528
12888,106.5883,11529
12899,106.5883,11529
13216,106.5883,11529
14249,106.5883,11529
14252,106.5883,11529
14395,106.5883,11529
14460,106.5883,11529
15076,106.5883,11529
18129,106.5883,11529
20478,106.5883,11529
15277,106.5662,11539
11674,106.3784,11540
11702,106.3784,11540
11716,106.3784,11540
11806,106.3784,11540
11819,106.3784,11540
12993,106.3563,11545
24265,106.1574,11546
24408,106.1574,11546
24416,106.1574,11546
24438,106.1574,11546
24622,106.1574,11546
24740,106.1574,11546
24826,106.1574,11546
24830,106.1574,11546
24985,106.1574,11546
25153,106.1574,11546
25172,106.1574,11546
25201,106.1574,11546
25277,106.1574,11546
20280,106.0138,11559
14704,106.0137,11560
14936,106.0137,11560
17100,106.0137,11560
16615,105.9032,11563
16247,105.8812,11564
12359,105.7928,11565
24823,105.6049,11566
25438,105.6049,11566
17287,105.26230000000001,11568
19589,105.26230000000001,11568
15709,104.9529,11570
13040,104.9419,11571
19252,104.9419,11571
21312,104.9419,11571
21736,104.9419,11571
25662,104.9419,11571
25663,104.9419,11571
16387,104.9308,11577
16933,104.9308,11577
16935,104.9308,11577
13330,104.91980000000001,11580
13034,104.65459999999999,11581
13510,104.4004,11582
13549,104.4004,11582
13673,104.4004,11582
15112,104.4004,11582
15115,104.4004,11582
18687,104.4004,11582
18770,104.4004,11582
18823,104.4004,11582
18837,104.4004,11582
18915,104.4004,11582
18921,104.4004,11582
18983,104.4004,11582
18984,104.4004,11582
18985,104.4004,11582
19005,104.4004,11582
19635,104.4004,11582
19692,104.4004,11582
19695,104.4004,11582
19742,104.4004,11582
19767,104.4004,11582
19776,104.4004,11582
19858,104.4004,11582
19980,104.4004,11582
20025,104.4004,11582
20272,104.4004,11582
20288,104.4004,11582
20313,104.4004,11582
20383,104.4004,11582
26158,104.4004,11582
27428,104.4004,11582
27436,104.4004,11582
27562,104.4004,11582
28000,104.4004,11582
28141,104.4004,11582
28332,104.4004,11582
28346,104.4004,11582
28976,104.4004,11582
11771,104.40039999999999,11619
17322,104.3894,11620
18191,104.3894,11620
18195,104.3894,11620
18270,104.3894,11620
18289,104.3894,11620
19600,104.3783,11625
21735,104.3783,11625
22087,104.3783,11625
22122,104.3783,11625
22191,104.3783,11625
22222,104.3783,11625
22269,104.3783,11625
22757,104.3783,11625
22762,104.3783,11625
23000,104.3783,11625
23577,104.3783,11625
23686,104.3783,11625
23705,104.3783,11625
21252,104.3673,11638
15310,104.3563,11639
11308,104.15740000000001,11640
16012,104.1574,11641
18541,104.1574,11641
12369,104.1243,11643
17292,104.1132,11644
17300,104.1132,11644
12334,104.10210000000001,11646
11074,104.0801,11647
11680,103.848,11648
11684,103.848,11648
11692,103.848,11648
11704,103.848,11648
11714,103.848,11648
11828,103.848,11648
12068,103.8479,11654
14384,103.8369,11655
15814,103.8369,11655
15835,103.8369,11655
15912,103.8369,11655
17018,103.8369,11655
21360,103.8369,11655
21362,103.8369,11655
21690,103.8369,11655
22310,103.8369,11655
22560,103.8369,11655
24041,103.8369,11655
24128,103.8369,11655
28932,103.8369,11655
23387,103.8258,11668
11161,103.81479999999999,11669
14684,103.3618,11670
17751,103.3065,11671
17843,103.3065,11671
18014,103.3065,11671
20604,103.3065,11671
23549,103.3065,11671
23702,103.3065,11671
24225,103.3065,11671
15053,103.2954,11678
15442,103.2954,11678
26046,103.2954,11678
26550,103.2954,11678
12565,103.2733,11682
20532,103.2733,11682
20542,103.2733,11682
21298,103.2733,11682
23260,103.2733,11682
26256,103.2733,11682
26260,103.2733,11682
26266,103.2733,11682
26733,103.2733,11682
27229,103.2733,11682
27603,103.2733,11682
27635,103.2733,11682
16700,102.7319,11694
16706,102.7319,11694
17068,102.7319,11694
17245,102.7319,11694
17252,102.7319,11694
17290,102.7319,11694
26216,102.7319,11694
27939,102.7319,11694
23949,102.7208,11702
28381,102.7208,11702
14658,102.56620000000001,11704
16195,102.1904,11705
19457,102.1904,11705
21839,102.1904,11705
29216,102.1904,11705
11848,101.9584,11709
12065,101.9584,11709
12087,101.9584,11709
12101,101.9584,11709
12137,101.9584,11709
17760,101.9363,11714
17881,101.9363,11714
17338,101.8369,11716
25174,101.7484,11717
12432,101.6269,11718
16243,101.6269,11718
18821,101.6269,11718
28304,101.6269,11718
19920,101.6158,11722
18686,101.60480000000001,11723
19001,101.60480000000001,11723
13151,101.6048,11725
14028,101.6048,11725
14329,101.6048,11725
20232,101.6048,11725
21023,101.6048,11725
22920,101.6048,11725
22981,101.6048,11725
23200,101.6048,11725
21702,101.5937,11733
13124,101.5717,11734
29763,101.5473,11735
12038,101.38390000000001,11736
24652,101.1959,11737
24687,101.1959,11737
24776,101.1959,11737
25165,101.1959,11737
11649,100.86449999999999,11741
11667,100.86449999999999,11741
11676,100.86449999999999,11741
16704,100.8424,11744
16710,100.8424,11744
17062,100.8424,11744
17234,100.8424,11744
19578,100.8424,11744
26882,100.8423,11749
11957,100.8313,11750
12924,100.4998,11751
16032,100.4998,11751
19571,100.4998,11751
22100,100.4998,11751
22924,100.4998,11751
15148,100.27879999999999,11756
15231,100.27879999999999,11756
15099,100.0909,11758
25103,100.0909,11758
14466,99.9694,11760
14829,99.9694,11760
15779,99.9694,11760
16193,99.9694,11760
14237,99.72630000000001,11764
14669,99.72630000000001,11764
17074,99.72630000000001,11764
17284,99.72630000000001,11764
13962,99.68209999999999,11768
11466,99.6601,11769
11853,99.428,11770
11855,99.428,11770
11985,99.428,11770
12051,99.428,11770
12115,99.428,11770
12425,99.4279,11775
15683,99.4279,11775
13683,99.4169,11777
13837,99.4169,11777
14482,99.4169,11777
14511,99.4169,11777
14571,99.4169,11777
14691,99.4169,11777
15011,99.4169,11777
15306,99.4169,11777
15415,99.4169,11777
15487,99.4169,11777
15672,99.4169,11777
15741,99.4169,11777
15745,99.4169,11777
15759,99.4169,11777
15894,99.4169,11777
15963,99.4169,11777
16013,99.4169,11777
16018,99.4169,11777
16099,99.4169,11777
16355,99.4169,11777
16843,99.4169,11777
16982,99.4169,11777
17486,99.4169,11777
18083,99.4169,11777
18184,99.4169,11777
18975,99.4169,11777
19373,99.4169,11777
21254,99.4169,11777
21853,99.4169,11777
22127,99.4169,11777
22144,99.4169,11777
22264,99.4169,11777
22285,99.4169,11777
22827,99.4169,11777
23485,99.4169,11777
23487,99.4169,11777
23494,99.4169,11777
24576,99.4169,11777
24721,99.4169,11777
25328,99.4169,11777
25569,99.4169,11777
25621,99.4169,11777
26348,99.4169,11777
27184,99.4169,11777
27844,99.4169,11777
29045,99.4169,11777
15883,99.3948,11823
15988,99.3506,11824
19585,98.8534,11825
17786,98.8533,11826
21497,98.8533,11826
25904,98.8533,11826
25957,98.8533,11826
26017,98.8533,11826
26071,98.8533,11826
26335,98.8533,11826
26457,98.8533,11826
26473,98.8533,11826
26498,98.8533,11826
26515,98.8533,11826
18927,98.6213,11837
13150,98.6103,11838
11648,98.334,11839
11689,98.334,11839
11706,98.334,11839
11544,98.3229,11842
11594,98.3229,11842
24843,98.3229,11842
25317,98.3229,11842
25807,98.3229,11842
26035,98.3229,11842
26036,98.3229,11842
26314,98.3229,11842
26775,98.3229,11842
27396,98.3229,11842
29443,98.3229,11842
29472,98.3229,11842
18330,98.31190000000001,11854
18719,98.31190000000001,11854
20796,98.3119,11856
20897,98.3119,11856
22708,98.3119,11856
23441,98.3119,11856
23773,98.3119,11856
23950,98.3119,11856
24013,98.3119,11856
24215,98.3119,11856
25668,98.3119,11856
26175,98.3119,11856
26416,98.3119,11856
26732,98.3119,11856
26783,98.3119,11856
26784,98.3119,11856
26793,98.3119,11856
26803,98.3119,11856
26871,98.3119,11856
27109,98.3119,11856
27293,98.3119,11856
27435,98.3119,11856
27528,98.3119,11856
27620,98.3119,11856
28454,98.3119,11856
29133,98.3119,11856
11098,98.3009,11880
15461,98.3009,11880
11973,98.30080000000001,11882
12366,98.30080000000001,11882
13023,98.3008,11884
15607,97.7483,11885
28622,97.7483,11885
29246,97.7483,11885
28075,97.7041,11888
16341,97.5163,11889
14857,97.2069,11890
19520,97.2069,11890
12554,97.20689999999999,11892
11166,97.1959,11893
14679,97.1959,11893
16358,97.1849,11895
17810,97.17370000000001,11896
18306,96.9859,11897
14723,96.76490000000001,11898
11801,96.4445,11899
11822,96.4445,11899
11840,96.4445,11899
12057,96.4445,11899
12062,96.4445,11899
12182,96.4114,11904
18717,96.36710000000001,11905
16697,96.2235,11906
18755,96.0909,11907
18871,96.0909,11907
18883,96.0909,11907
12527,96.0908,11910
13757,96.0908,11910
14135,96.0908,11910
13294,96.0798,11913
14887,96.0798,11913
16556,96.0798,11913
16934,96.0798,11913
17802,96.0798,11913
17852,96.0798,11913
19554,96.0798,11913
19946,96.0798,11913
25207,96.0798,11913
26044,96.0798,11913
13262,96.07979999999999,11923
12293,95.8698,11924
15186,95.8698,11924
12259,95.8588,11926
12550,95.8588,11926
12491,95.6709,11928
14178,95.6709,11928
24298,95.6709,11928
24517,95.6709,11928
24767,95.6709,11928
22842,95.5383,11933
16117,95.5273,11934
25811,95.5273,11934
17057,95.3284,11936
17061,95.3284,11936
17236,95.3284,11936
17239,95.3284,11936
17244,95.3284,11936
17291,95.3284,11936
18720,95.3284,11936
18727,95.3284,11936
12633,95.31739999999999,11944
12776,95.31739999999999,11944
13127,95.31739999999999,11944
11367,95.3173,11947
14052,95.3173,11947
14053,95.3173,11947
14213,95.3173,11947
15126,95.3173,11947
16601,95.3173,11947
19512,95.3173,11947
12864,95.2953,11954
13534,95.2953,11954
18711,95.2621,11956
18194,94.9859,11957
18261,94.9859,11957
14870,94.9748,11959
15479,94.9748,11959
12529,94.4554,11961
12908,94.4554,11961
13162,94.4554,11961
13207,94.4554,11961
13218,94.4554,11961
13322,94.4554,11961
13891,94.4554,11961
13919,94.4554,11961
13928,94.4554,11961
13937,94.4554,11961
13940,94.4554,11961
13991,94.4554,11961
14002,94.4554,11961
14090,94.4554,11961
14114,94.4554,11961
14151,94.4554,11961
14257,94.4554,11961
14269,94.4554,11961
14352,94.4554,11961
14360,94.4554,11961
14368,94.4554,11961
14409,94.4554,11961
14736,94.4554,11961
14841,94.4554,11961
14844,94.4554,11961
15074,94.4554,11961
18128,94.4554,11961
19059,94.4554,11961
20479,94.4554,11961
21975,94.4554,11961
22715,94.4554,11961
23103,94.4554,11961
11119,94.1682,11993
11293,94.16810000000001,11994
11846,93.91399999999999,11995
11851,93.91399999999999,11995
11858,93.91399999999999,11995
12063,93.91399999999999,11995
12066,93.91399999999999,11995
12070,93.91399999999999,11995
12135,93.91399999999999,11995
11430,93.9029,12002
11562,93.9029,12002
12224,93.9029,12002
17953,93.8919,12005
20938,93.8919,12005
22102,93.8919,12005
22108,93.8919,12005
22192,93.8919,12005
23067,93.8919,12005
23864,93.8919,12005
17323,93.8809,12012
18247,93.8809,12012
18290,93.8809,12012
13386,93.8808,12015
19066,93.8808,12015
20605,93.8808,12015
27561,93.8808,12015
27563,93.8808,12015
27657,93.8808,12015
27735,93.8808,12015
27747,93.8808,12015
22038,93.8698,12023
13753,93.8366,12024
14000,93.8366,12024
14241,93.8366,12024
16334,93.8366,12024
18317,93.6377,12028
19223,93.5273,12029
12303,93.3394,12030
13042,93.3394,12030
17492,93.3394,12030
22314,93.3394,12030
27677,93.3394,12030
28048,93.3394,12030
28917,93.3394,12030
12503,93.3283,12037
27399,93.3283,12037
16038,93.0963,12039
17054,92.798,12040
17058,92.798,12040
17230,92.798,12040
17231,92.798,12040
17235,92.798,12040
17243,92.798,12040
17253,92.798,12040
19579,92.798,12040
13138,92.787,12048
11139,92.7869,12049
11377,92.7869,12049
12024,92.7869,12049
12091,92.7869,12049
12098,92.7869,12049
12471,92.7869,12049
12582,92.7869,12049
12708,92.7869,12049
12751,92.7869,12049
12955,92.7869,12049
12961,92.7869,12049
12962,92.7869,12049
12973,92.7869,12049
14231,92.7869,12049
15714,92.7869,12049
15919,92.7869,12049
15930,92.7869,12049
16182,92.7869,12049
16423,92.7869,12049
16508,92.7869,12049
16539,92.7869,12049
17227,92.7869,12049
17281,92.7869,12049
19304,92.7869,12049
19606,92.7869,12049
19925,92.7869,12049
22697,92.7869,12049
23929,92.7869,12049
26972,92.7869,12049
27323,92.7869,12049
27326,92.7869,12049
27388,92.7869,12049
27538,92.7869,12049
28641,92.7869,12049
29418,92.7869,12049
13547,92.76480000000001,12084
13612,92.76480000000001,12084
13665,92.76480000000001,12084
17723,92.7538,12087
18573,92.53280000000001,12088
21732,92.2344,12089
21816,92.2344,12089
27975,92.2344,12089
19973,92.2013,12092
17105,92.2012,12093
12465,92.1792,12094
14517,91.6819,12095
18029,91.6819,12095
19261,91.6819,12095
19332,91.6819,12095
19935,91.6819,12095
20055,91.6819,12095
23771,91.6598,12101
26257,91.6598,12101
11867,91.63770000000001,12103
11876,91.63770000000001,12103
11878,91.63770000000001,12103
11887,91.63770000000001,12103
12148,91.63770000000001,12103
12149,91.63770000000001,12103
12194,91.63770000000001,12103
12509,91.5493,12110
23801,91.262,12111
24442,91.262,12111
24812,91.262,12111
25183,91.262,12111
28059,91.1294,12115
11948,90.8974,12116
13952,90.8974,12116
13956,90.8974,12116
14061,90.8974,12116
14212,90.8974,12116
14221,90.8974,12116
14222,90.8974,12116
18156,90.8973,12123
18165,90.8973,12123
19572,90.88629999999999,12125
11518,90.831,12126
18925,90.8089,12127
16256,90.5659,12128
14479,90.5658,12129
16165,90.40010000000001,12130
16625,90.40010000000001,12130
16665,90.40010000000001,12130
11436,90.3449,12133
12126,90.3449,12133
17346,90.0134,12135
12938,90.0133,12136
12946,90.0133,12136
12953,90.0133,12136
13244,90.0133,12136
13272,90.0133,12136
13291,90.0133,12136
13307,90.0133,12136
13422,90.0133,12136
13480,90.0133,12136
14247,90.0133,12136
14254,90.0133,12136
14294,90.0133,12136
14333,90.0133,12136
14388,90.0133,12136
21308,90.0133,12136
22978,90.0133,12136
21068,90.0023,12152
22985,90.0023,12152
14317,89.7924,12154
14665,89.7924,12154
14677,89.7924,12154
15123,89.7924,12154
15125,89.7924,12154
15131,89.7924,12154
16739,89.7924,12154
11012,89.79230000000001,12161
11049,89.79230000000001,12161
11188,89.79230000000001,12161
11066,89.7923,12164
11169,89.7923,12164
11182,89.7923,12164
11229,89.7923,12164
11256,89.7923,12164
11260,89.7923,12164
15812,89.7813,12170
15599,89.7703,12171
12035,89.77029999999999,12172
17807,89.7702,12173
13312,89.4608,12174
13344,89.4608,12174
13437,89.4608,12174
13727,89.4608,12174
14258,89.4608,12174
14435,89.4608,12174
14519,89.4608,12174
14687,89.4608,12174
14835,89.4608,12174
15010,89.4608,12174
16227,89.4608,12174
17217,89.4608,12174
20021,89.4608,12174
25230,89.4608,12174
17324,89.4388,12188
17333,89.4388,12188
12875,89.4387,12190
15068,89.4387,12190
25264,89.0299,12192
20601,88.9194,12193
20602,88.9194,12193
22511,88.9194,12193
24886,88.9194,12193
26832,88.9194,12193
12008,88.6763,12198
19525,88.63210000000001,12199
22014,88.62100000000001,12200
16168,88.5216,12201
15612,88.3669,12202
17757,88.3669,12202
25869,88.3669,12202
25877,88.3669,12202
11370,88.36689999999999,12206
13642,88.36689999999999,12206
19062,88.3448,12208
11125,88.05760000000001,12209
17530,87.8144,12210
18472,87.8144,12210
24279,87.8144,12210
25211,87.8144,12210
25216,87.8144,12210
26424,87.8144,12210
26780,87.8144,12210
12319,87.81439999999999,12217
13802,87.8033,12218
19100,87.5824,12219
16190,87.5713,12220
12336,87.273,12221
14516,87.273,12221
14699,87.2729,12223
15111,87.2729,12223
17993,87.2729,12223
18517,87.2729,12223
18520,87.2729,12223
18575,87.2729,12223
18576,87.2729,12223
18585,87.2729,12223
18599,87.2729,12223
18659,87.2729,12223
18678,87.2729,12223
18683,87.2729,12223
18688,87.2729,12223
18689,87.2729,12223
18757,87.2729,12223
18772,87.2729,12223
18773,87.2729,12223
18787,87.2729,12223
18797,87.2729,12223
18820,87.2729,12223
18825,87.2729,12223
18833,87.2729,12223
18835,87.2729,12223
18872,87.2729,12223
18889,87.2729,12223
18890,87.2729,12223
18913,87.2729,12223
18918,87.2729,12223
18940,87.2729,12223
18945,87.2729,12223
18952,87.2729,12223
18966,87.2729,12223
18981,87.2729,12223
19009,87.2729,12223
19010,87.2729,12223
19011,87.2729,12223
19019,87.2729,12223
19136,87.2729,12223
19152,87.2729,12223
19155,87.2729,12223
19219,87.2729,12223
19230,87.2729,12223
19239,87.2729,12223
19397,87.2729,12223
19528,87.2729,12223
19637,87.2729,12223
19649,87.2729,12223
19654,87.2729,12223
19664,87.2729,12223
19669,87.2729,12223
19684,87.2729,12223
19685,87.2729,12223
19707,87.2729,12223
19711,87.2729,12223
19713,87.2729,12223
19720,87.2729,12223
19731,87.2729,12223
19732,87.2729,12223
19741,87.2729,12223
19754,87.2729,12223
19756,87.2729,12223
19758,87.2729,12223
19759,87.2729,12223
19799,87.2729,12223
19810,87.2729,12223
19818,87.2729,12223
19835,87.2729,12223
19861,87.2729,12223
19876,87.2729,12223
19881,87.2729,12223
19886,87.2729,12223
19887,87.2729,12223
20014,87.2729,12223
20017,87.2729,12223
20020,87.2729,12223
20027,87.2729,12223
20071,87.2729,12223
20112,87.2729,12223
20114,87.2729,12223
20117,87.2729,12223
20128,87.2729,12223
20270,87.2729,12223
20286,87.2729,12223
20325,87.2729,12223
20332,87.2729,12223
20342,87.2729,12223
20352,87.2729,12223
20353,87.2729,12223
20355,87.2729,12223
20356,87.2729,12223
20359,87.2729,12223
20360,87.2729,12223
20364,87.2729,12223
20739,87.2729,12223
20743,87.2729,12223
20754,87.2729,12223
21241,87.2729,12223
21242,87.2729,12223
21378,87.2729,12223
22002,87.2729,12223
22063,87.2729,12223
22169,87.2729,12223
26141,87.2729,12223
26145,87.2729,12223
26147,87.2729,12223
26149,87.2729,12223
26156,87.2729,12223
26441,87.2729,12223
26446,87.2729,12223
26592,87.2729,12223
26665,87.2729,12223
26756,87.2729,12223
26765,87.2729,12223
26766,87.2729,12223
26968,87.2729,12223
27148,87.2729,12223
27347,87.2729,12223
27358,87.2729,12223
27364,87.2729,12223
27369,87.2729,12223
27378,87.2729,12223
27384,87.2729,12223
27437,87.2729,12223
27441,87.2729,12223
27519,87.2729,12223
27520,87.2729,12223
27738,87.2729,12223
28021,87.2729,12223
28101,87.2729,12223
28302,87.2729,12223
28359,87.2729,12223
28498,87.2729,12223
28514,87.2729,12223
28542,87.2729,12223
28608,87.2729,12223
28668,87.2729,12223
28725,87.2729,12223
28743,87.2729,12223
28810,87.2729,12223
28986,87.2729,12223
28992,87.2729,12223
28996,87.2729,12223
29012,87.2729,12223
29104,87.2729,12223
29197,87.2729,12223
29323,87.2729,12223
11138,87.2619,12369
14233,87.2619,12369
17073,87.2619,12369
19915,87.2619,12369
25326,87.2619,12369
28636,87.2619,12369
13539,87.2509,12375
15024,87.2509,12375
15039,87.2509,12375
15253,87.2509,12375
15263,87.2509,12375
17311,87.2509,12375
17314,87.2509,12375
15636,87.2508,12382
17703,87.2508,12382
17850,87.2508,12382
17883,87.2508,12382
19356,87.2508,12382
19514,87.2508,12382
19836,87.2508,12382
20137,87.2508,12382
20169,87.2508,12382
20572,87.2508,12382
20871,87.2508,12382
20881,87.2508,12382
20900,87.2508,12382
20908,87.2508,12382
21116,87.2508,12382
21536,87.2508,12382
21762,87.2508,12382
22023,87.2508,12382
22215,87.2508,12382
22825,87.2508,12382
22970,87.2508,12382
22979,87.2508,12382
23517,87.2508,12382
23620,87.2508,12382
23625,87.2508,12382
23877,87.2508,12382
17709,87.2398,12408
15701,87.1403,12409
11376,86.7204,12410
11440,86.7204,12410
12716,86.7204,12410
13587,86.7204,12410
13589,86.7204,12410
20397,86.7204,12410
20414,86.7204,12410
20689,86.7204,12410
21270,86.7204,12410
21299,86.7204,12410
21420,86.7204,12410
21473,86.7204,12410
21753,86.7204,12410
21765,86.7204,12410
26367,86.7204,12410
29421,86.7204,12410
18294,86.4774,12426
18745,86.4774,12426
19085,86.4774,12426
19086,86.4774,12426
19092,86.4774,12426
16184,86.411,12431
16694,86.411,12431
12320,86.14590000000001,12433
12596,86.1459,12434
12626,86.1459,12434
12664,86.1459,12434
13582,86.1459,12434
20704,86.1458,12438
20729,86.1458,12438
20759,86.1458,12438
21628,86.1458,12438
21802,86.1458,12438
22625,86.1458,12438
23749,86.1458,12438
24076,86.1458,12438
25808,86.1458,12438
26839,86.1458,12438
26841,86.1458,12438
26909,86.1458,12438
27113,86.1458,12438
27194,86.1458,12438
27408,86.1458,12438
29434,86.1458,12438
20697,86.1016,12454
21142,86.1016,12454
21236,86.1016,12454
21701,86.1016,12454
21780,86.1016,12454
23261,86.1016,12454
17706,86.0906,12460
11204,85.38340000000001,12461
11206,85.38340000000001,12461
11207,85.38340000000001,12461
11213,85.38340000000001,12461
11228,85.38340000000001,12461
11280,85.38340000000001,12461
11288,85.38340000000001,12461
11305,85.38340000000001,12461
11310,85.38340000000001,12461
11311,85.38340000000001,12461
11508,85.38340000000001,12461
11633,85.38340000000001,12461
11636,85.38340000000001,12461
11638,85.38340000000001,12461
11656,85.38340000000001,12461
11362,85.3834,12476
11366,85.3834,12476
11737,85.3834,12476
11746,85.3834,12476
11770,85.3834,12476
11794,85.3834,12476
11800,85.3834,12476
11883,85.3834,12476
12247,85.3834,12476
12587,85.3834,12476
13969,85.3834,12476
13972,85.3834,12476
14068,85.3834,12476
14232,85.3834,12476
14321,85.3834,12476
15128,85.3834,12476
15441,85.3834,12476
16602,85.3834,12476
17075,85.3834,12476
17186,85.3834,12476
17228,85.3834,12476
18172,85.3834,12476
19750,85.3613,12498
19870,85.3613,12498
12792,85.0519,12500
12948,85.0519,12500
13030,85.0519,12500
13053,85.0519,12500
13313,85.0519,12500
13372,85.0519,12500
13874,85.0519,12500
13929,85.0519,12500
14111,85.0519,12500
18150,85.0519,12500
18151,85.0519,12500
18152,85.0519,12500
20517,85.0519,12500
21464,85.0519,12500
22018,85.0519,12500
14396,85.0408,12515
15470,85.0408,12515
17485,85.0408,12515
22771,85.0408,12515
25733,85.0408,12515
26076,85.0408,12515
15736,85.0187,12521
16050,85.0187,12521
16285,85.0187,12521
20085,84.81989999999999,12524
11763,84.69839999999999,12525
15690,84.60990000000001,12526
11234,84.2784,12527
16618,84.14580000000001,12528
16674,84.14580000000001,12528
16695,84.14580000000001,12528
12822,83.9469,12531
12845,83.9469,12531
12937,83.9469,12531
13054,83.9469,12531
13445,83.9469,12531
13465,83.9469,12531
13476,83.9469,12531
13479,83.9469,12531
13699,83.9469,12531
14373,83.9469,12531
14828,83.9469,12531
15824,83.9469,12531
18138,83.9469,12531
19662,83.9469,12531
21904,83.9469,12531
21981,83.9469,12531
22947,83.9469,12531
23528,83.9469,12531
16800,83.80330000000001,12549
14172,83.6928,12550
16611,83.4607,12551
12294,83.4055,12552
20255,83.4054,12553
22424,83.4054,12553
22527,83.4054,12553
24861,83.4054,12553
24862,83.4054,12553
25300,83.4054,12553
25772,83.4054,12553
25792,83.4054,12553
26879,83.4054,12553
27659,83.4054,12553
27751,83.4054,12553
28055,83.4054,12553
18451,83.3944,12565
24455,83.3944,12565
25768,83.3944,12565
26998,83.3944,12565
27395,83.3944,12565
27652,83.3944,12565
27858,83.3944,12565
28032,83.3944,12565
12376,83.39439999999999,12573
12392,83.39439999999999,12573
12540,83.39439999999999,12573
12551,83.39439999999999,12573
17087,83.1071,12577
11785,82.85300000000001,12578
11795,82.85300000000001,12578
11960,82.85300000000001,12578
11978,82.85300000000001,12578
11371,82.853,12582
14072,82.853,12582
14228,82.853,12582
14229,82.853,12582
15075,82.853,12582
17301,82.853,12582
12019,82.8529,12588
12407,82.8529,12588
12415,82.8529,12588
12421,82.8529,12588
12428,82.8529,12588
12433,82.8529,12588
12434,82.8529,12588
12569,82.8529,12588
12758,82.8529,12588
13147,82.8529,12588
13168,82.8529,12588
13681,82.8529,12588
13703,82.8529,12588
13717,82.8529,12588
13723,82.8529,12588
13764,82.8529,12588
13813,82.8529,12588
14549,82.8529,12588
14688,82.8529,12588
15703,82.8529,12588
15708,82.8529,12588
16577,82.8529,12588
16578,82.8529,12588
16592,82.8529,12588
17081,82.8529,12588
17205,82.8529,12588
18896,82.8529,12588
18898,82.8529,12588
19191,82.8529,12588
19470,82.8529,12588
19672,82.8529,12588
20559,82.8529,12588
20619,82.8529,12588
20630,82.8529,12588
20801,82.8529,12588
21170,82.8529,12588
21184,82.8529,12588
21204,82.8529,12588
21212,82.8529,12588
21220,82.8529,12588
21405,82.8529,12588
21406,82.8529,12588
21554,82.8529,12588
21564,82.8529,12588
21884,82.8529,12588
21896,82.8529,12588
21898,82.8529,12588
21977,82.8529,12588
21993,82.8529,12588
22001,82.8529,12588
22209,82.8529,12588
22846,82.8529,12588
26785,82.8529,12588
27146,82.8529,12588
27685,82.8529,12588
27686,82.8529,12588
28303,82.8529,12588
28632,82.8529,12588
28977,82.8529,12588
29036,82.8529,12588
12306,82.84190000000001,12648
21372,82.8308,12649
17522,82.8198,12650
19570,82.80879999999999,12651
12034,82.3668,12652
12665,82.3668,12652
12715,82.3668,12652
12393,82.3004,12655
20433,82.2783,12656
20513,82.2783,12656
20515,82.2783,12656
20778,82.2783,12656
21154,82.2783,12656
21159,82.2783,12656
21430,82.2783,12656
21757,82.2783,12656
21790,82.2783,12656
22073,82.2783,12656
23256,82.2783,12656
25012,82.2783,12656
19630,82.2673,12668
19954,82.2673,12668
20222,82.2673,12668
23732,82.2673,12668
18293,82.0353,12672
15859,81.9248,12673
11202,81.74789999999999,12674
12659,81.7369,12675
20471,81.7369,12675
22345,81.7369,12675
12012,81.7259,12678
15240,81.7259,12678
12848,81.7258,12680
17636,81.7258,12680
17804,81.7258,12680
17837,81.7258,12680
17961,81.7258,12680
17991,81.7258,12680
20457,81.7258,12680
20696,81.7258,12680
21635,81.7258,12680
22071,81.7258,12680
22341,81.7258,12680
22734,81.7258,12680
23327,81.7258,12680
25253,81.7258,12680
28347,81.7258,12680
29118,81.7258,12680
29339,81.7258,12680
16621,81.6154,12697
12476,81.5159,12698
16030,81.2618,12699
11225,80.9413,12700
16487,80.9303,12701
13201,80.8419,12702
14854,80.62089999999999,12703
15019,80.62089999999999,12703
16257,80.6208,12705
16301,80.6208,12705
17106,80.6208,12705
19937,80.6208,12705
21547,80.6208,12705
21870,80.6208,12705
27850,80.6208,12705
20510,80.5877,12712
20772,80.5877,12712
21163,80.5877,12712
12168,80.5325,12715
14530,80.5104,12716
15686,80.2009,12717
11744,79.8695,12718
11789,79.8695,12718
11859,79.8695,12718
11961,79.8695,12718
18266,79.8474,12722
17776,79.8363,12723
11320,79.7921,12724
11874,79.7921,12724
16179,79.73689999999999,12726
18287,79.73689999999999,12726
12528,79.5269,12728
12744,79.5269,12728
12796,79.5269,12728
12890,79.5269,12728
12905,79.5269,12728
12909,79.5269,12728
12977,79.5269,12728
13098,79.5269,12728
13166,79.5269,12728
13193,79.5269,12728
13195,79.5269,12728
13227,79.5269,12728
13295,79.5269,12728
13305,79.5269,12728
13306,79.5269,12728
13335,79.5269,12728
13347,79.5269,12728
13363,79.5269,12728
13368,79.5269,12728
13371,79.5269,12728
13375,79.5269,12728
13381,79.5269,12728
13469,79.5269,12728
13739,79.5269,12728
13748,79.5269,12728
13750,79.5269,12728
13863,79.5269,12728
13880,79.5269,12728
13881,79.5269,12728
13914,79.5269,12728
14076,79.5269,12728
14152,79.5269,12728
14166,79.5269,12728
14243,79.5269,12728
14246,79.5269,12728
14251,79.5269,12728
14273,79.5269,12728
14376,79.5269,12728
14711,79.5269,12728
14872,79.5269,12728
15049,79.5269,12728
15820,79.5269,12728
18145,79.5269,12728
19826,79.5269,12728
20300,79.5269,12728
20492,79.5269,12728
22107,79.5269,12728
22949,79.5269,12728
11133,79.5158,12776
20631,79.5158,12776
12454,79.5048,12778
13215,79.5048,12778
13321,79.5048,12778
13334,79.5048,12778
13373,79.5048,12778
13858,79.5048,12778
14136,79.5048,12778
14168,79.5048,12778
14339,79.5048,12778
14350,79.5048,12778
15069,79.5048,12778
17210,79.5048,12778
19047,79.5048,12778
19693,79.5048,12778
20330,79.5048,12778
21745,79.5048,12778
22714,79.5048,12778
22142,79.4937,12795
22161,79.4937,12795
22742,79.4937,12795
22807,79.4937,12795
15224,79.4717,12799
12818,79.0959,12800
12851,79.0959,12800
13608,79.0959,12800
14179,79.0959,12800
14204,79.0959,12800
23729,79.0959,12800
23787,79.0959,12800
23791,79.0959,12800
23795,79.0959,12800
23800,79.0959,12800
23804,79.0959,12800
24237,79.0959,12800
24261,79.0959,12800
24264,79.0959,12800
24288,79.0959,12800
24318,79.0959,12800
24350,79.0959,12800
24407,79.0959,12800
24409,79.0959,12800
24411,79.0959,12800
24419,79.0959,12800
24426,79.0959,12800
24439,79.0959,12800
24448,79.0959,12800
24497,79.0959,12800
24500,79.0959,12800
24515,79.0959,12800
24616,79.0959,12800
24635,79.0959,12800
24651,79.0959,12800
24672,79.0959,12800
24679,79.0959,12800
24726,79.0959,12800
24727,79.0959,12800
24736,79.0959,12800
24766,79.0959,12800
24777,79.0959,12800
24813,79.0959,12800
24932,79.0959,12800
24943,79.0959,12800
24952,79.0959,12800
24954,79.0959,12800
24961,79.0959,12800
24965,79.0959,12800
24973,79.0959,12800
25065,79.0959,12800
25067,79.0959,12800
25069,79.0959,12800
25102,79.0959,12800
25158,79.0959,12800
25159,79.0959,12800
25167,79.0959,12800
25179,79.0959,12800
25187,79.0959,12800
25261,79.0959,12800
25274,79.0959,12800
25373,79.0959,12800
25374,79.0959,12800
25422,79.0959,12800
25424,79.0959,12800
25431,79.0959,12800
25439,79.0959,12800
25441,79.0959,12800
25764,79.0959,12800
25899,79.0959,12800
27889,79.0959,12800
28385,79.0959,12800
28398,79.0959,12800
28402,79.0959,12800
16626,79.0849,12869
12519,78.9855,12870
20096,78.9633,12871
14981,78.7534,12872
14983,78.7534,12872
14988,78.7534,12872
13640,78.7313,12875
15811,78.6318,12876
16614,78.6318,12876
22855,78.4108,12878
14954,78.3998,12879
16919,78.3998,12879
11210,78.1898,12881
15261,78.1678,12882
13776,77.9799,12883
15807,77.9799,12883
11434,77.8584,12885
16175,77.6263,12886
15615,77.6152,12887
15720,77.5932,12888
14086,77.51580000000001,12889
11836,77.339,12890
11860,77.339,12890
11871,77.339,12890
11940,77.339,12890
11949,77.339,12890
12493,77.339,12890
12743,77.339,12890
13512,77.339,12890
13531,77.339,12890
13550,77.339,12890
15096,77.339,12890
15104,77.339,12890
15107,77.339,12890
15110,77.339,12890
15352,77.339,12890
15682,77.339,12890
15705,77.339,12890
16586,77.339,12890
18522,77.339,12890
18577,77.339,12890
18579,77.339,12890
18587,77.339,12890
18593,77.339,12890
18601,77.339,12890
18660,77.339,12890
18669,77.339,12890
18671,77.339,12890
18681,77.339,12890
18682,77.339,12890
18754,77.339,12890
18764,77.339,12890
18771,77.339,12890
18775,77.339,12890
18791,77.339,12890
18814,77.339,12890
18815,77.339,12890
18843,77.339,12890
18845,77.339,12890
18847,77.339,12890
18851,77.339,12890
18853,77.339,12890
18870,77.339,12890
18874,77.339,12890
18877,77.339,12890
18879,77.339,12890
18880,77.339,12890
18886,77.339,12890
18892,77.339,12890
18893,77.339,12890
18912,77.339,12890
18935,77.339,12890
18937,77.339,12890
18938,77.339,12890
18939,77.339,12890
18946,77.339,12890
18964,77.339,12890
18969,77.339,12890
18988,77.339,12890
18991,77.339,12890
18996,77.339,12890
18997,77.339,12890
19006,77.339,12890
19007,77.339,12890
19017,77.339,12890
19022,77.339,12890
19107,77.339,12890
19126,77.339,12890
19132,77.339,12890
19134,77.339,12890
19135,77.339,12890
19138,77.339,12890
19139,77.339,12890
19151,77.339,12890
19153,77.339,12890
19154,77.339,12890
19166,77.339,12890
19227,77.339,12890
19231,77.339,12890
19233,77.339,12890
19237,77.339,12890
19238,77.339,12890
19242,77.339,12890
19243,77.339,12890
19246,77.339,12890
19398,77.339,12890
19540,77.339,12890
19551,77.339,12890
19552,77.339,12890
19634,77.339,12890
19663,77.339,12890
19665,77.339,12890
19686,77.339,12890
19694,77.339,12890
19702,77.339,12890
19703,77.339,12890
19727,77.339,12890
19733,77.339,12890
19755,77.339,12890
19778,77.339,12890
19779,77.339,12890
19800,77.339,12890
19805,77.339,12890
19809,77.339,12890
19811,77.339,12890
19825,77.339,12890
19832,77.339,12890
19833,77.339,12890
19846,77.339,12890
19852,77.339,12890
19857,77.339,12890
19859,77.339,12890
19863,77.339,12890
19864,77.339,12890
19866,77.339,12890
19871,77.339,12890
19877,77.339,12890
19878,77.339,12890
19879,77.339,12890
19880,77.339,12890
19894,77.339,12890
19896,77.339,12890
19996,77.339,12890
20008,77.339,12890
20010,77.339,12890
20018,77.339,12890
20107,77.339,12890
20113,77.339,12890
20119,77.339,12890
20121,77.339,12890
20124,77.339,12890
20126,77.339,12890
20127,77.339,12890
20139,77.339,12890
20185,77.339,12890
20274,77.339,12890
20278,77.339,12890
20285,77.339,12890
20289,77.339,12890
20293,77.339,12890
20298,77.339,12890
20301,77.339,12890
20305,77.339,12890
20306,77.339,12890
20308,77.339,12890
20322,77.339,12890
20327,77.339,12890
20329,77.339,12890
20333,77.339,12890
20334,77.339,12890
20335,77.339,12890
20336,77.339,12890
20343,77.339,12890
20349,77.339,12890
20357,77.339,12890
20361,77.339,12890
20362,77.339,12890
20365,77.339,12890
20366,77.339,12890
20368,77.339,12890
20381,77.339,12890
20396,77.339,12890
20497,77.339,12890
20747,77.339,12890
20752,77.339,12890
20757,77.339,12890
21237,77.339,12890
21377,77.339,12890
21381,77.339,12890
21382,77.339,12890
21383,77.339,12890
22017,77.339,12890
22028,77.339,12890
22064,77.339,12890
22065,77.339,12890
22147,77.339,12890
22148,77.339,12890
22150,77.339,12890
22155,77.339,12890
22156,77.339,12890
22403,77.339,12890
22574,77.339,12890
26137,77.339,12890
26146,77.339,12890
26151,77.339,12890
26157,77.339,12890
26159,77.339,12890
26164,77.339,12890
26425,77.339,12890
26426,77.339,12890
26428,77.339,12890
26430,77.339,12890
26434,77.339,12890
26590,77.339,12890
26659,77.339,12890
26670,77.339,12890
26671,77.339,12890
26741,77.339,12890
26742,77.339,12890
26770,77.339,12890
26771,77.339,12890
26773,77.339,12890
27282,77.339,12890
27344,77.339,12890
27345,77.339,12890
27350,77.339,12890
27357,77.339,12890
27360,77.339,12890
27361,77.339,12890
27367,77.339,12890
27380,77.339,12890
27400,77.339,12890
27401,77.339,12890
27415,77.339,12890
27419,77.339,12890
27420,77.339,12890
27502,77.339,12890
27522,77.339,12890
27656,77.339,12890
27724,77.339,12890
27731,77.339,12890
27739,77.339,12890
27756,77.339,12890
27758,77.339,12890
28025,77.339,12890
28034,77.339,12890
28035,77.339,12890
28046,77.339,12890
28342,77.339,12890
28442,77.339,12890
28447,77.339,12890
28452,77.339,12890
28456,77.339,12890
28457,77.339,12890
28462,77.339,12890
28464,77.339,12890
28496,77.339,12890
28551,77.339,12890
28567,77.339,12890
28575,77.339,12890
28589,77.339,12890
28640,77.339,12890
28737,77.339,12890
28767,77.339,12890
28771,77.339,12890
28817,77.339,12890
28964,77.339,12890
29005,77.339,12890
29021,77.339,12890
29037,77.339,12890
29071,77.339,12890
29124,77.339,12890
14864,77.3169,13141
16434,77.3169,13141
16568,77.3169,13141
17638,77.3169,13141
17643,77.3169,13141
17711,77.3169,13141
17713,77.3169,13141
17721,77.3169,13141
17749,77.3169,13141
17771,77.3169,13141
17846,77.3169,13141
17878,77.3169,13141
17930,77.3169,13141
17997,77.3169,13141
18264,77.3169,13141
19345,77.3169,13141
19349,77.3169,13141
19411,77.3169,13141
20132,77.3169,13141
20135,77.3169,13141
20229,77.3169,13141
20233,77.3169,13141
20248,77.3169,13141
20252,77.3169,13141
20408,77.3169,13141
20438,77.3169,13141
20583,77.3169,13141
20591,77.3169,13141
20595,77.3169,13141
20849,77.3169,13141
20889,77.3169,13141
20903,77.3169,13141
20904,77.3169,13141
20909,77.3169,13141
20924,77.3169,13141
20972,77.3169,13141
21025,77.3169,13141
21069,77.3169,13141
21134,77.3169,13141
21145,77.3169,13141
21198,77.3169,13141
21249,77.3169,13141
21261,77.3169,13141
21302,77.3169,13141
21325,77.3169,13141
21350,77.3169,13141
21457,77.3169,13141
21514,77.3169,13141
21519,77.3169,13141
21535,77.3169,13141
21591,77.3169,13141
21738,77.3169,13141
21775,77.3169,13141
21900,77.3169,13141
21917,77.3169,13141
22035,77.3169,13141
22057,77.3169,13141
22084,77.3169,13141
22098,77.3169,13141
22103,77.3169,13141
22162,77.3169,13141
22166,77.3169,13141
22333,77.3169,13141
22351,77.3169,13141
22367,77.3169,13141
22369,77.3169,13141
22723,77.3169,13141
22724,77.3169,13141
22729,77.3169,13141
22731,77.3169,13141
22756,77.3169,13141
22761,77.3169,13141
22763,77.3169,13141
22767,77.3169,13141
22776,77.3169,13141
22783,77.3169,13141
22792,77.3169,13141
22793,77.3169,13141
22819,77.3169,13141
22837,77.3169,13141
22861,77.3169,13141
22890,77.3169,13141
22891,77.3169,13141
22967,77.3169,13141
22977,77.3169,13141
22982,77.3169,13141
22989,77.3169,13141
23031,77.3169,13141
23050,77.3169,13141
23053,77.3169,13141
23055,77.3169,13141
23065,77.3169,13141
23069,77.3169,13141
23093,77.3169,13141
23133,77.3169,13141
23157,77.3169,13141
23194,77.3169,13141
23203,77.3169,13141
23205,77.3169,13141
23206,77.3169,13141
23240,77.3169,13141
23241,77.3169,13141
23285,77.3169,13141
23298,77.3169,13141
23354,77.3169,13141
23367,77.3169,13141
23380,77.3169,13141
23388,77.3169,13141
23405,77.3169,13141
23457,77.3169,13141
23468,77.3169,13141
23477,77.3169,13141
23495,77.3169,13141
23496,77.3169,13141
23514,77.3169,13141
23580,77.3169,13141
23581,77.3169,13141
23590,77.3169,13141
23628,77.3169,13141
23639,77.3169,13141
23674,77.3169,13141
23694,77.3169,13141
23697,77.3169,13141
23728,77.3169,13141
23734,77.3169,13141
23782,77.3169,13141
23812,77.3169,13141
23824,77.3169,13141
23831,77.3169,13141
23862,77.3169,13141
23863,77.3169,13141
23889,77.3169,13141
23894,77.3169,13141
24226,77.3169,13141
24540,77.3169,13141
24545,77.3169,13141
24554,77.3169,13141
24557,77.3169,13141
25013,77.3169,13141
28759,77.3169,13141
28941,77.3169,13141
29119,77.3169,13141
29121,77.3169,13141
29188,77.3169,13141
29312,77.3169,13141
17835,77.3059,13286
16683,77.2064,13287
12036,76.8528,13288
20411,76.7644,13289
20705,76.7644,13289
11475,76.7533,13291
21058,76.7533,13291
21098,76.7533,13291
24845,76.7533,13291
25302,76.7533,13291
25790,76.7533,13291
26819,76.7533,13291
27787,76.7533,13291
28898,76.7533,13291
29884,76.2853,13300
11374,76.2119,13301
11386,76.2119,13301
11389,76.2119,13301
12400,76.2119,13301
12555,76.2119,13301
12663,76.2119,13301
12723,76.2119,13301
13775,76.2119,13301
17180,76.2119,13301
17507,76.2119,13301
17570,76.2119,13301
17698,76.2119,13301
20105,76.2119,13301
20398,76.2119,13301
20477,76.2119,13301
20506,76.2119,13301
20524,76.2119,13301
20538,76.2119,13301
20633,76.2119,13301
20688,76.2119,13301
20730,76.2119,13301
21164,76.2119,13301
21262,76.2119,13301
21286,76.2119,13301
21303,76.2119,13301
21316,76.2119,13301
21324,76.2119,13301
21433,76.2119,13301
21493,76.2119,13301
21616,76.2119,13301
21625,76.2119,13301
21696,76.2119,13301
21712,76.2119,13301
21750,76.2119,13301
21918,76.2119,13301
22011,76.2119,13301
22338,76.2119,13301
22342,76.2119,13301
22661,76.2119,13301
22696,76.2119,13301
22698,76.2119,13301
22703,76.2119,13301
22870,76.2119,13301
22922,76.2119,13301
23237,76.2119,13301
23275,76.2119,13301
23439,76.2119,13301
23754,76.2119,13301
23761,76.2119,13301
23766,76.2119,13301
23918,76.2119,13301
23931,76.2119,13301
23963,76.2119,13301
23972,76.2119,13301
23980,76.2119,13301
24012,76.2119,13301
24075,76.2119,13301
24589,76.2119,13301
24719,76.2119,13301
25688,76.2119,13301
25697,76.2119,13301
25698,76.2119,13301
26128,76.2119,13301
26248,76.2119,13301
26251,76.2119,13301
26259,76.2119,13301
26262,76.2119,13301
26391,76.2119,13301
26415,76.2119,13301
26553,76.2119,13301
26554,76.2119,13301
26573,76.2119,13301
26577,76.2119,13301
26580,76.2119,13301
26597,76.2119,13301
26674,76.2119,13301
26675,76.2119,13301
26696,76.2119,13301
26702,76.2119,13301
26709,76.2119,13301
26715,76.2119,13301
26716,76.2119,13301
26720,76.2119,13301
26737,76.2119,13301
26777,76.2119,13301
26800,76.2119,13301
26807,76.2119,13301
26835,76.2119,13301
26883,76.2119,13301
26943,76.2119,13301
27015,76.2119,13301
27065,76.2119,13301
27070,76.2119,13301
27098,76.2119,13301
27155,76.2119,13301
27238,76.2119,13301
27247,76.2119,13301
27301,76.2119,13301
27307,76.2119,13301
27310,76.2119,13301
27314,76.2119,13301
27315,76.2119,13301
27328,76.2119,13301
27381,76.2119,13301
27383,76.2119,13301
27385,76.2119,13301
27412,76.2119,13301
27458,76.2119,13301
27579,76.2119,13301
27618,76.2119,13301
27637,76.2119,13301
28053,76.2119,13301
28374,76.2119,13301
28450,76.2119,13301
28465,76.2119,13301
28558,76.2119,13301
28754,76.2119,13301
28945,76.2119,13301
29240,76.2119,13301
29406,76.2119,13301
29435,76.2119,13301
29441,76.2119,13301
15212,76.20089999999999,13423
13676,76.10140000000001,13424
15119,76.10140000000001,13424
16632,76.10140000000001,13424
16681,76.10140000000001,13424
12344,75.9136,13428
12345,75.9136,13428
14536,75.6815,13430
15286,75.6815,13430
15633,75.6815,13430
15958,75.6815,13430
16044,75.6815,13430
16986,75.6815,13430
17172,75.6815,13430
17367,75.6815,13430
17394,75.6815,13430
17466,75.6815,13430
17682,75.6815,13430
18071,75.6815,13430
18094,75.6815,13430
18359,75.6815,13430
18454,75.6815,13430
19641,75.6815,13430
20098,75.6815,13430
20309,75.6815,13430
20500,75.6815,13430
20958,75.6815,13430
20981,75.6815,13430
21837,75.6815,13430
22388,75.6815,13430
23803,75.6815,13430
23948,75.6815,13430
24073,75.6815,13430
24322,75.6815,13430
24627,75.6815,13430
25070,75.6815,13430
25101,75.6815,13430
25125,75.6815,13430
27042,75.6815,13430
27196,75.6815,13430
28348,75.6815,13430
29213,75.6815,13430
12836,75.64840000000001,13465
19608,75.63730000000001,13466
11184,75.4163,13467
11348,75.1069,13468
11349,75.1069,13468
16760,75.1069,13468
16954,75.1069,13468
16975,75.1069,13468
17273,75.1069,13468
17276,75.1069,13468
17435,75.1069,13468
18082,75.1069,13468
18776,75.1069,13468
19281,75.1069,13468
19676,75.1069,13468
20417,75.1069,13468
22383,75.1069,13468
22492,75.1069,13468
22795,75.1069,13468
23595,75.1069,13468
24714,75.1069,13468
26185,75.1069,13468
28718,75.1069,13468
15823,75.0958,13488
14463,75.0627,13489
14488,75.0627,13489
15375,75.0627,13489
16795,75.0627,13489
17695,75.0627,13489
17699,75.0627,13489
17863,75.0627,13489
18076,75.0627,13489
18341,75.0627,13489
18665,75.0627,13489
19761,75.0627,13489
20101,75.0627,13489
20314,75.0627,13489
23094,75.0627,13489
23307,75.0627,13489
23798,75.0627,13489
24220,75.0627,13489
24370,75.0627,13489
24975,75.0627,13489
25090,75.0627,13489
25256,75.0627,13489
26242,75.0627,13489
26810,75.0627,13489
27972,75.0627,13489
27996,75.0627,13489
28052,75.0627,13489
29002,75.0627,13489
23797,74.687,13516
24450,74.687,13516
25182,74.687,13516
25293,74.687,13516
28384,74.687,13516
16610,74.67590000000001,13521
16699,74.67590000000001,13521
20918,74.5765,13523
20925,74.5765,13523
22551,74.5765,13523
23956,74.5765,13523
24531,74.5765,13523
25304,74.5765,13523
26409,74.5765,13523
26906,74.5765,13523
27168,74.5765,13523
27219,74.5765,13523
27728,74.5765,13523
28570,74.5765,13523
29074,74.5765,13523
29075,74.5765,13523
29164,74.5765,13523
12568,74.54339999999999,13538
12590,74.54339999999999,13538
12611,74.54339999999999,13538
12403,74.3334,13541
13523,74.3224,13542
14860,74.3223,13543
17785,74.3223,13543
18743,74.2671,13545
23002,74.256,13546
15810,74.22290000000001,13547
16606,74.22290000000001,13547
22706,74.0019,13549
25676,74.0019,13549
25692,74.0019,13549
27466,74.0019,13549
13301,73.9908,13553
13901,73.9908,13553
14782,73.9908,13553
14786,73.9908,13553
17224,73.9908,13553
16443,73.9798,13558
26194,73.9687,13559
15604,73.75880000000001,13560
16682,73.571,13561
20104,73.5157,13562
16055,73.4162,13563
18154,73.4162,13563
13996,73.2174,13565
15237,73.2174,13565
15583,73.2174,13565
15594,73.2174,13565
15803,73.2174,13565
12324,73.2173,13570
16605,73.2173,13570
13289,73.2064,13572
13303,73.2063,13573
16667,72.9191,13574
12045,72.8969,13575
18206,72.8859,13576
18211,72.8859,13576
13331,72.8858,13578
13659,72.8858,13578
14035,72.8858,13578
14408,72.8858,13578
19014,72.8748,13582
19150,72.8748,13582
22076,72.8748,13582
22743,72.8748,13582
23349,72.8748,13582
11953,72.10130000000001,13587
11972,72.10130000000001,13587
18265,71.803,13589
18267,71.803,13589
20501,71.8029,13591
20502,71.8029,13591
21468,71.8029,13591
21633,71.8029,13591
23250,71.8029,13591
13046,71.7919,13596
13149,71.7919,13596
13995,71.7919,13596
15445,71.7919,13596
15658,71.7919,13596
15673,71.7919,13596
15679,71.7919,13596
16040,71.7919,13596
16041,71.7919,13596
16186,71.7919,13596
16397,71.7919,13596
16456,71.7919,13596
16941,71.7919,13596
17089,71.7919,13596
17090,71.7919,13596
17788,71.7919,13596
17791,71.7919,13596
17797,71.7919,13596
17806,71.7919,13596
17854,71.7919,13596
17887,71.7919,13596
17936,71.7919,13596
18030,71.7919,13596
18048,71.7919,13596
18622,71.7919,13596
19042,71.7919,13596
19061,71.7919,13596
19063,71.7919,13596
19068,71.7919,13596
19075,71.7919,13596
20063,71.7919,13596
20369,71.7919,13596
20505,71.7919,13596
20531,71.7919,13596
20551,71.7919,13596
20557,71.7919,13596
20565,71.7919,13596
21419,71.7919,13596
21714,71.7919,13596
21800,71.7919,13596
21908,71.7919,13596
24747,71.7919,13596
24749,71.7919,13596
24926,71.7919,13596
24929,71.7919,13596
24930,71.7919,13596
25005,71.7919,13596
25341,71.7919,13596
25348,71.7919,13596
25838,71.7919,13596
25841,71.7919,13596
25846,71.7919,13596
25859,71.7919,13596
25862,71.7919,13596
25871,71.7919,13596
25882,71.7919,13596
25902,71.7919,13596
25934,71.7919,13596
25988,71.7919,13596
26047,71.7919,13596
26067,71.7919,13596
26078,71.7919,13596
26079,71.7919,13596
26081,71.7919,13596
26087,71.7919,13596
26092,71.7919,13596
26109,71.7919,13596
26119,71.7919,13596
26122,71.7919,13596
26123,71.7919,13596
26124,71.7919,13596
26197,71.7919,13596
26340,71.7919,13596
26346,71.7919,13596
26459,71.7919,13596
26469,71.7919,13596
26493,71.7919,13596
26497,71.7919,13596
26506,71.7919,13596
26535,71.7919,13596
26688,71.7919,13596
19106,71.7698,13677
18090,71.7256,13678
12601,71.7146,13679
12730,71.7146,13679
16627,71.6925,13681
18300,71.6925,13681
17483,71.27250000000001,13683
14405,71.2394,13684
14407,71.2394,13684
14469,71.2394,13684
14500,71.2394,13684
14623,71.2394,13684
14743,71.2394,13684
14917,71.2394,13684
15248,71.2394,13684
15272,71.2394,13684
15539,71.2394,13684
15773,71.2394,13684
15817,71.2394,13684
16073,71.2394,13684
16152,71.2394,13684
16336,71.2394,13684
16385,71.2394,13684
16714,71.2394,13684
16746,71.2394,13684
16781,71.2394,13684
16863,71.2394,13684
16918,71.2394,13684
16971,71.2394,13684
17349,71.2394,13684
17448,71.2394,13684
17569,71.2394,13684
18101,71.2394,13684
18112,71.2394,13684
18455,71.2394,13684
18550,71.2394,13684
18911,71.2394,13684
19639,71.2394,13684
20528,71.2394,13684
20679,71.2394,13684
20813,71.2394,13684
21759,71.2394,13684
21815,71.2394,13684
22944,71.2394,13684
22956,71.2394,13684
23010,71.2394,13684
23513,71.2394,13684
23559,71.2394,13684
23641,71.2394,13684
23879,71.2394,13684
24469,71.2394,13684
25124,71.2394,13684
25850,71.2394,13684
26085,71.2394,13684
26682,71.2394,13684
26699,71.2394,13684
27215,71.2394,13684
27595,71.2394,13684
27596,71.2394,13684
27708,71.2394,13684
27970,71.2394,13684
28010,71.2394,13684
28028,71.2394,13684
28267,71.2394,13684
28276,71.2394,13684
28290,71.2394,13684
28934,71.2394,13684
29031,71.2394,13684
11231,71.0074,13745
21213,71.0073,13746
16282,70.9963,13747
19726,70.9853,13748
12326,70.69800000000001,13749
14008,70.68690000000001,13750
14009,70.68690000000001,13750
15141,70.68690000000001,13750
15149,70.68690000000001,13750
15602,70.68690000000001,13750
15718,70.68690000000001,13750
15728,70.68690000000001,13750
18192,70.68690000000001,13750
14718,70.6869,13758
14812,70.6869,13758
14815,70.6869,13758
14816,70.6869,13758
14817,70.6869,13758
14962,70.6869,13758
15628,70.6869,13758
16258,70.6869,13758
16266,70.6869,13758
16281,70.6869,13758
16283,70.6869,13758
16312,70.6869,13758
16395,70.6869,13758
16468,70.6869,13758
16469,70.6869,13758
16936,70.6869,13758
17935,70.6869,13758
17955,70.6869,13758
18003,70.6869,13758
18022,70.6869,13758
18034,70.6869,13758
18035,70.6869,13758
18062,70.6869,13758
19176,70.6869,13758
19249,70.6869,13758
19279,70.6869,13758
19334,70.6869,13758
19369,70.6869,13758
19430,70.6869,13758
19445,70.6869,13758
19466,70.6869,13758
19522,70.6869,13758
19909,70.6869,13758
19921,70.6869,13758
19929,70.6869,13758
20725,70.6869,13758
20800,70.6869,13758
21829,70.6869,13758
28609,70.6869,13758
28682,70.6869,13758
28796,70.6869,13758
28806,70.6869,13758
28811,70.6869,13758
28863,70.6869,13758
28867,70.6869,13758
28965,70.6869,13758
28970,70.6869,13758
28972,70.6869,13758
28978,70.6869,13758
28983,70.6869,13758
28991,70.6869,13758
29014,70.6869,13758
29018,70.6869,13758
29022,70.6869,13758
29077,70.6869,13758
29078,70.6869,13758
29215,70.6869,13758
29217,70.6869,13758
29227,70.6869,13758
29233,70.6869,13758
19103,70.6206,13818
14018,70.5764,13819
11951,70.1897,13820
25912,70.1344,13821
29050,70.1344,13821
29253,70.1344,13821
29262,70.1344,13821
29273,70.1344,13821
29325,70.1344,13821
29353,70.1344,13821
19591,70.0792,13828
18407,69.8913,13829
11921,69.8803,13830
20084,69.7808,13831
11902,69.6593,13832
11473,69.5929,13833
26213,69.5929,13833
26355,69.5929,13833
26365,69.5929,13833
28335,69.5929,13833
28969,69.5929,13833
29422,69.5929,13833
19490,69.5819,13840
22707,69.5819,13840
23228,69.5819,13840
23624,69.5819,13840
16563,69.5598,13844
12235,69.3499,13845
15809,69.162,13846
11911,69.0184,13847
13045,68.8084,13848
13136,68.8084,13848
14014,68.8084,13848
15136,68.8084,13848
15140,68.8084,13848
15584,68.8084,13848
15766,68.8084,13848
17304,68.8084,13848
12015,68.4769,13856
17212,68.4769,13856
21573,68.4769,13856
26739,68.4769,13856
14505,68.4658,13860
14903,68.4658,13860
15512,68.4658,13860
15541,68.4658,13860
15634,68.4658,13860
15895,68.4658,13860
15962,68.4658,13860
16002,68.4658,13860
16036,68.4658,13860
16043,68.4658,13860
16130,68.4658,13860
16264,68.4658,13860
16749,68.4658,13860
22097,68.4658,13860
24595,68.4658,13860
24906,68.4658,13860
25814,68.4658,13860
28292,68.4658,13860
11503,68.26700000000001,13878
19582,68.2338,13879
19617,68.2338,13879
19622,68.2338,13879
14019,68.046,13882
14123,68.0459,13883
12370,67.99080000000001,13884
13848,67.9023,13885
14825,67.9023,13885
16825,67.9023,13885
22217,67.9023,13885
12504,67.4934,13889
24440,67.4934,13889
24510,67.4934,13889
24993,67.4934,13889
28379,67.4934,13889
18677,67.3609,13894
19232,67.3608,13895
14698,67.3498,13896
18319,66.8194,13897
18443,66.8194,13897
18741,66.8194,13897
18748,66.8194,13897
20231,66.8194,13897
20243,66.8194,13897
20254,66.8194,13897
20266,66.8194,13897
20976,66.8194,13897
21063,66.8194,13897
21094,66.8194,13897
21117,66.8194,13897
21127,66.8194,13897
21664,66.8194,13897
21684,66.8194,13897
21737,66.8194,13897
21913,66.8194,13897
22419,66.8194,13897
22431,66.8194,13897
22556,66.8194,13897
24453,66.8194,13897
25027,66.8194,13897
25128,66.8194,13897
25129,66.8194,13897
25139,66.8194,13897
25263,66.8194,13897
25268,66.8194,13897
25310,66.8194,13897
25526,66.8194,13897
25650,66.8194,13897
25678,66.8194,13897
25719,66.8194,13897
25773,66.8194,13897
25788,66.8194,13897
25791,66.8194,13897
25802,66.8194,13897
26268,66.8194,13897
26272,66.8194,13897
26273,66.8194,13897
26378,66.8194,13897
26392,66.8194,13897
26421,66.8194,13897
26787,66.8194,13897
26847,66.8194,13897
26875,66.8194,13897
26951,66.8194,13897
27023,66.8194,13897
27157,66.8194,13897
27173,66.8194,13897
27409,66.8194,13897
27422,66.8194,13897
27474,66.8194,13897
27509,66.8194,13897
27564,66.8194,13897
27640,66.8194,13897
27664,66.8194,13897
27684,66.8194,13897
27736,66.8194,13897
27755,66.8194,13897
27830,66.8194,13897
27837,66.8194,13897
27841,66.8194,13897
27912,66.8194,13897
27922,66.8194,13897
28082,66.8194,13897
28084,66.8194,13897
28146,66.8194,13897
28225,66.8194,13897
28226,66.8194,13897
28227,66.8194,13897
28236,66.8194,13897
28410,66.8194,13897
28426,66.8194,13897
28439,66.8194,13897
28468,66.8194,13897
28469,66.8194,13897
28526,66.8194,13897
28738,66.8194,13897
28899,66.8194,13897
29429,66.8194,13897
29470,66.8194,13897
19575,66.3553,13978
13037,66.278,13979
13044,66.278,13979
13157,66.278,13979
13522,66.278,13979
13982,66.278,13979
14015,66.278,13979
15139,66.278,13979
15233,66.278,13979
15234,66.278,13979
15592,66.278,13979
15731,66.278,13979
15796,66.278,13979
12728,66.2779,13991
12731,66.2779,13991
13787,66.2779,13991
15294,66.2779,13991
15366,66.2779,13991
15853,66.2779,13991
16017,66.2779,13991
16382,66.2779,13991
16736,66.2779,13991
16767,66.2779,13991
16891,66.2779,13991
16923,66.2779,13991
16990,66.2779,13991
17138,66.2779,13991
17161,66.2779,13991
17266,66.2779,13991
17438,66.2779,13991
17459,66.2779,13991
17589,66.2779,13991
18100,66.2779,13991
18509,66.2779,13991
18910,66.2779,13991
18933,66.2779,13991
19221,66.2779,13991
19633,66.2779,13991
20095,66.2779,13991
20155,66.2779,13991
20406,66.2779,13991
21075,66.2779,13991
21412,66.2779,13991
21450,66.2779,13991
21796,66.2779,13991
22027,66.2779,13991
22629,66.2779,13991
22914,66.2779,13991
23008,66.2779,13991
23208,66.2779,13991
23309,66.2779,13991
23350,66.2779,13991
23537,66.2779,13991
23654,66.2779,13991
23682,66.2779,13991
24124,66.2779,13991
24146,66.2779,13991
24195,66.2779,13991
24682,66.2779,13991
24771,66.2779,13991
25335,66.2779,13991
25347,66.2779,13991
25355,66.2779,13991
25677,66.2779,13991
25885,66.2779,13991
25953,66.2779,13991
26073,66.2779,13991
26236,66.2779,13991
26452,66.2779,13991
26464,66.2779,13991
26505,66.2779,13991
26893,66.2779,13991
27028,66.2779,13991
28214,66.2779,13991
28337,66.2779,13991
28356,66.2779,13991
28872,66.2779,13991
28894,66.2779,13991
29214,66.2779,13991
17988,66.2116,14057
15617,66.2006,14058
16463,66.2006,14058
14074,66.1674,14060
30025,66.0833,14061
13780,65.7365,14062
28590,65.7254,14063
20251,65.7144,14064
23823,65.7144,14064
19597,65.7033,14066
19603,65.7033,14066
30098,65.589,14068
12417,65.4934,14069
22213,65.4934,14069
18705,65.4824,14071
18932,65.4824,14071
19090,65.4824,14071
18604,65.4713,14074
19651,65.4713,14074
23366,65.4713,14074
13535,65.416,14077
12466,65.1729,14078
12467,65.1729,14078
16379,65.1729,14078
16383,65.1729,14078
16735,65.1729,14078
16748,65.1729,14078
16911,65.1729,14078
17035,65.1729,14078
17122,65.1729,14078
17437,65.1729,14078
17489,65.1729,14078
17519,65.1729,14078
18064,65.1729,14078
18074,65.1729,14078
18095,65.1729,14078
18114,65.1729,14078
18410,65.1729,14078
18636,65.1729,14078
18658,65.1729,14078
18666,65.1729,14078
19185,65.1729,14078
19367,65.1729,14078
19444,65.1729,14078
19464,65.1729,14078
19677,65.1729,14078
19752,65.1729,14078
20050,65.1729,14078
20081,65.1729,14078
20317,65.1729,14078
20946,65.1729,14078
21007,65.1729,14078
21550,65.1729,14078
21661,65.1729,14078
21834,65.1729,14078
22385,65.1729,14078
22421,65.1729,14078
22476,65.1729,14078
22497,65.1729,14078
22514,65.1729,14078
22564,65.1729,14078
22622,65.1729,14078
22916,65.1729,14078
22919,65.1729,14078
22928,65.1729,14078
22941,65.1729,14078
22963,65.1729,14078
23783,65.1729,14078
23893,65.1729,14078
23989,65.1729,14078
24151,65.1729,14078
24570,65.1729,14078
24591,65.1729,14078
24663,65.1729,14078
24729,65.1729,14078
25245,65.1729,14078
25782,65.1729,14078
26411,65.1729,14078
26461,65.1729,14078
26495,65.1729,14078
26915,65.1729,14078
27718,65.1729,14078
27971,65.1729,14078
27976,65.1729,14078
12399,65.1508,14141
12562,65.1508,14141
13597,65.1508,14141
22360,65.1398,14144
24555,65.1398,14144
22683,64.6094,14146
23919,64.6094,14146
26413,64.6094,14146
26414,64.6094,14146
26578,64.6094,14146
26612,64.6094,14146
26637,64.6094,14146
26713,64.6094,14146
26721,64.6094,14146
26812,64.6094,14146
26813,64.6094,14146
27115,64.6094,14146
27189,64.6094,14146
27233,64.6094,14146
27456,64.6094,14146
27457,64.6094,14146
27481,64.6094,14146
27529,64.6094,14146
28565,64.6094,14146
28566,64.6094,14146
16343,64.3663,14166
12201,64.289,14167
11121,64.2669,14168
29886,64.242,14169
11757,64.14529999999999,14170
11758,64.14529999999999,14170
22701,64.0679,14172
24694,64.0679,14172
25266,64.0679,14172
26999,64.0679,14172
12982,64.0569,14176
11079,64.03490000000001,14177
13495,64.0348,14178
19573,63.824799999999996,14179
14124,63.637,14180
14999,63.5486,14181
24314,63.0845,14182
24638,63.0845,14182
24728,63.0845,14182
25440,63.0845,14182
19632,62.9629,14186
21223,62.9629,14186
21998,62.9629,14186
12788,62.9519,14189
12797,62.9519,14189
12844,62.9519,14189
12910,62.9519,14189
12965,62.9519,14189
12974,62.9519,14189
13070,62.9519,14189
13074,62.9519,14189
13094,62.9519,14189
13188,62.9519,14189
13192,62.9519,14189
13194,62.9519,14189
13196,62.9519,14189
13223,62.9519,14189
13228,62.9519,14189
13235,62.9519,14189
13242,62.9519,14189
13282,62.9519,14189
13302,62.9519,14189
13317,62.9519,14189
13332,62.9519,14189
13352,62.9519,14189
13360,62.9519,14189
13364,62.9519,14189
13374,62.9519,14189
13392,62.9519,14189
13413,62.9519,14189
13432,62.9519,14189
13439,62.9519,14189
13444,62.9519,14189
13457,62.9519,14189
13459,62.9519,14189
13470,62.9519,14189
13475,62.9519,14189
13483,62.9519,14189
13490,62.9519,14189
13654,62.9519,14189
13656,62.9519,14189
13740,62.9519,14189
13754,62.9519,14189
13850,62.9519,14189
13867,62.9519,14189
13921,62.9519,14189
13922,62.9519,14189
13923,62.9519,14189
13926,62.9519,14189
13933,62.9519,14189
13935,62.9519,14189
13942,62.9519,14189
13945,62.9519,14189
13951,62.9519,14189
13980,62.9519,14189
14004,62.9519,14189
14029,62.9519,14189
14043,62.9519,14189
14075,62.9519,14189
14092,62.9519,14189
14097,62.9519,14189
14144,62.9519,14189
14245,62.9519,14189
14248,62.9519,14189
14266,62.9519,14189
14280,62.9519,14189
14295,62.9519,14189
14331,62.9519,14189
14349,62.9519,14189
14351,62.9519,14189
14383,62.9519,14189
14410,62.9519,14189
14515,62.9519,14189
14781,62.9519,14189
14849,62.9519,14189
14972,62.9519,14189
14980,62.9519,14189
15250,62.9519,14189
15278,62.9519,14189
15279,62.9519,14189
15838,62.9519,14189
16333,62.9519,14189
16604,62.9519,14189
17197,62.9519,14189
18124,62.9519,14189
18986,62.9519,14189
19050,62.9519,14189
20299,62.9519,14189
20341,62.9519,14189
20547,62.9519,14189
21295,62.9519,14189
21431,62.9519,14189
21656,62.9519,14189
21973,62.9519,14189
22003,62.9519,14189
22020,62.9519,14189
22080,62.9519,14189
22363,62.9519,14189
22366,62.9519,14189
23527,62.9519,14189
23563,62.9519,14189
17712,62.9408,14287
18411,62.9408,14287
20240,62.9408,14287
21124,62.9408,14287
21531,62.9408,14287
22818,62.9408,14287
23004,62.9408,14287
23301,62.9408,14287
28404,62.9298,14295
12095,62.9077,14296
17702,62.719800000000006,14297
20764,62.719800000000006,14297
18728,62.66460000000001,14299
11024,62.4436,14300
26412,61.7806,14301
11467,61.73650000000001,14302
11966,61.6149,14303
11284,61.305400000000006,14304
12828,60.7529,14305
13502,60.7529,14305
14508,60.7529,14305
15317,60.7529,14305
16371,60.7529,14305
16647,60.7529,14305
16774,60.7529,14305
16780,60.7529,14305
16796,60.7529,14305
16801,60.7529,14305
16806,60.7529,14305
16857,60.7529,14305
17019,60.7529,14305
17407,60.7529,14305
17457,60.7529,14305
17528,60.7529,14305
17607,60.7529,14305
18063,60.7529,14305
18498,60.7529,14305
18534,60.7529,14305
18536,60.7529,14305
18760,60.7529,14305
19216,60.7529,14305
19222,60.7529,14305
20499,60.7529,14305
21446,60.7529,14305
25196,60.7529,14305
25265,60.7529,14305
27243,60.7529,14305
27643,60.7529,14305
27793,60.7529,14305
27959,60.7529,14305
28289,60.7529,14305
28912,60.7529,14305
29288,60.7529,14305
29333,60.7529,14305
12029,60.7419,14341
14493,60.7308,14342
14568,60.7308,14342
14869,60.7308,14342
15292,60.7308,14342
20519,60.7308,14342
17325,60.7088,14347
16930,60.13420000000001,14348
19000,59.95740000000001,14349
15611,59.9463,14350
25950,59.9463,14350
11230,59.9131,14352
22744,59.9021,14353
11405,59.659,14354
11407,59.659,14354
11437,59.659,14354
11471,59.659,14354
11476,59.659,14354
11478,59.659,14354
11487,59.659,14354
11490,59.659,14354
11543,59.659,14354
11545,59.659,14354
11551,59.659,14354
11560,59.659,14354
11563,59.659,14354
11567,59.659,14354
25740,59.659,14354
26368,59.659,14354
26369,59.659,14354
28331,59.659,14354
28333,59.659,14354
28334,59.659,14354
28343,59.659,14354
28344,59.659,14354
28777,59.659,14354
28782,59.659,14354
29283,59.659,14354
29327,59.659,14354
29329,59.659,14354
29402,59.659,14354
29405,59.659,14354
29408,59.659,14354
29413,59.659,14354
29419,59.659,14354
29420,59.659,14354
19521,59.6479,14387
20794,59.6479,14387
22804,59.6479,14387
23946,59.6479,14387
24080,59.6479,14387
24086,59.6479,14387
24543,59.6479,14387
25632,59.6479,14387
26361,59.6479,14387
26850,59.6479,14387
27804,59.6479,14387
29162,59.6479,14387
12365,59.6369,14399
12629,59.6369,14399
16543,59.6258,14401
26453,59.6148,14402
12787,59.1839,14403
13810,59.0844,14404
16398,59.0844,14404
16471,59.0844,14404
19505,59.0844,14404
28985,59.0844,14404
12597,58.7971,14409
15448,58.487700000000004,14410
16571,58.476600000000005,14411
19625,58.310900000000004,14412
18018,57.4269,14413
18081,57.4269,14413
18535,57.4269,14413
18600,57.4269,14413
20898,57.4269,14413
12592,57.4159,14418
17083,57.4158,14419
25254,57.4158,14419
26239,57.4158,14419
11927,57.393699999999995,14422
17313,57.3717,14423
15241,57.360600000000005,14424
15712,56.9849,14425
16035,56.863400000000006,14426
15359,56.8633,14427
18178,56.8633,14427
23048,56.8633,14427
26069,56.8633,14427
29047,56.8633,14427
12205,56.653400000000005,14432
12040,56.6534,14433
12092,56.6534,14433
12954,56.6534,14433
12960,56.6534,14433
13599,56.6313,14437
15324,56.2887,14438
11220,55.5042,14439
11627,55.5042,14439
11655,55.5042,14439
11880,55.5042,14439
11889,55.5042,14439
12144,55.5042,14439
12185,55.5042,14439
12978,55.5042,14439
16581,55.5042,14439
18149,55.5042,14439
22849,55.5042,14439
11585,55.239,14450
12257,55.239,14450
12258,55.239,14450
12268,55.239,14450
12273,55.239,14450
12278,55.239,14450
12322,55.239,14450
12331,55.239,14450
12377,55.239,14450
12379,55.239,14450
12389,55.239,14450
12396,55.239,14450
12458,55.239,14450
12469,55.239,14450
12470,55.239,14450
12472,55.239,14450
12477,55.239,14450
12482,55.239,14450
12635,55.239,14450
12639,55.239,14450
28594,55.239,14450
28595,55.239,14450
29284,55.239,14450
29322,55.239,14450
29328,55.239,14450
29337,55.239,14450
11474,55.2169,14476
11596,55.2169,14476
12557,55.2169,14476
12591,55.2169,14476
12600,55.2169,14476
12661,55.2169,14476
12714,55.2169,14476
12720,55.2169,14476
12734,55.2169,14476
12748,55.2169,14476
12812,55.2169,14476
13593,55.2169,14476
13598,55.2169,14476
20267,55.2169,14476
20370,55.2169,14476
20410,55.2169,14476
20413,55.2169,14476
20435,55.2169,14476
20458,55.2169,14476
20469,55.2169,14476
20474,55.2169,14476
20486,55.2169,14476
20489,55.2169,14476
20490,55.2169,14476
20507,55.2169,14476
20514,55.2169,14476
20518,55.2169,14476
20635,55.2169,14476
20692,55.2169,14476
20770,55.2169,14476
21003,55.2169,14476
21157,55.2169,14476
21158,55.2169,14476
21244,55.2169,14476
21321,55.2169,14476
21328,55.2169,14476
21337,55.2169,14476
21397,55.2169,14476
21415,55.2169,14476
21443,55.2169,14476
21452,55.2169,14476
21458,55.2169,14476
21462,55.2169,14476
21472,55.2169,14476
21502,55.2169,14476
21503,55.2169,14476
21624,55.2169,14476
21634,55.2169,14476
21694,55.2169,14476
21705,55.2169,14476
21708,55.2169,14476
21729,55.2169,14476
21743,55.2169,14476
21744,55.2169,14476
21751,55.2169,14476
21760,55.2169,14476
21763,55.2169,14476
21774,55.2169,14476
21782,55.2169,14476
21783,55.2169,14476
21784,55.2169,14476
21805,55.2169,14476
21809,55.2169,14476
21933,55.2169,14476
22010,55.2169,14476
22022,55.2169,14476
22051,55.2169,14476
22337,55.2169,14476
22347,55.2169,14476
22356,55.2169,14476
22357,55.2169,14476
23248,55.2169,14476
23249,55.2169,14476
23259,55.2169,14476
23262,55.2169,14476
23271,55.2169,14476
23274,55.2169,14476
24268,55.2169,14476
24876,55.2169,14476
25001,55.2169,14476
25543,55.2169,14476
26366,55.2169,14476
26564,55.2169,14476
28100,55.2169,14476
28943,55.2169,14476
28960,55.2169,14476
29120,55.2169,14476
29122,55.2169,14476
29193,55.2169,14476
29296,55.2169,14476
29321,55.2169,14476
23215,55.2058,14567
23083,55.1395,14568
19972,54.918499999999995,14569
15449,54.7638,14570
15045,54.6754,14571
16194,54.6754,14571
16304,54.6754,14571
16320,54.6754,14571
16462,54.6754,14571
17817,54.6754,14571
17851,54.6754,14571
18037,54.6754,14571
19908,54.6754,14571
21515,54.6754,14571
25003,54.6754,14571
25258,54.6754,14571
25351,54.6754,14571
25894,54.6754,14571
25932,54.6754,14571
25933,54.6754,14571
26008,54.6754,14571
26062,54.6754,14571
26064,54.6754,14571
26065,54.6754,14571
26088,54.6754,14571
26244,54.6754,14571
26332,54.6754,14571
26345,54.6754,14571
26477,54.6754,14571
26478,54.6754,14571
26501,54.6754,14571
26508,54.6754,14571
26523,54.6754,14571
26525,54.6754,14571
26639,54.6754,14571
11258,54.39919999999999,14602
23150,54.3881,14603
12932,54.123,14604
12893,54.1229,14605
12894,54.1229,14605
13028,54.1229,14605
14695,54.1229,14605
21565,54.1229,14605
22843,54.1229,14605
11342,54.1119,14611
11383,54.1119,14611
11384,54.1119,14611
11390,54.1119,14611
12636,54.1119,14611
12870,54.1119,14611
12872,54.1119,14611
13569,54.1119,14611
13696,54.1119,14611
13826,54.1119,14611
14153,54.1119,14611
14550,54.1119,14611
14785,54.1119,14611
14964,54.1119,14611
14968,54.1119,14611
16279,54.1119,14611
16652,54.1119,14611
16883,54.1119,14611
18630,54.1119,14611
19045,54.1119,14611
19072,54.1119,14611
19183,54.1119,14611
19762,54.1119,14611
19939,54.1119,14611
21086,54.1119,14611
21120,54.1119,14611
21129,54.1119,14611
21680,54.1119,14611
21821,54.1119,14611
21842,54.1119,14611
22496,54.1119,14611
22507,54.1119,14611
22545,54.1119,14611
22553,54.1119,14611
22569,54.1119,14611
22588,54.1119,14611
22796,54.1119,14611
23548,54.1119,14611
24133,54.1119,14611
24216,54.1119,14611
24243,54.1119,14611
25503,54.1119,14611
25670,54.1119,14611
25820,54.1119,14611
26208,54.1119,14611
26233,54.1119,14611
27805,54.1119,14611
27816,54.1119,14611
27840,54.1119,14611
28677,54.1119,14611
28886,54.1119,14611
28910,54.1119,14611
12871,54.1008,14663
13493,54.1008,14663
13509,54.1008,14663
11143,53.6588,14666
11159,53.6588,14666
11174,53.6588,14666
19953,53.5373,14669
11043,53.0179,14670
19488,53.0069,14671
20057,53.0069,14671
20932,53.0069,14671
23631,53.0069,14671
24130,53.0069,14671
25627,53.0069,14671
25699,53.0069,14671
26900,53.0069,14671
27782,53.0069,14671
28338,53.0069,14671
29331,53.0069,14671
29347,53.0069,14671
23913,52.9958,14683
26552,52.9958,14683
27390,52.9958,14683
27530,52.9958,14683
29428,52.9958,14683
11863,52.9738,14688
11864,52.9738,14688
11882,52.9738,14688
11926,52.9738,14688
11928,52.9738,14688
12197,52.9738,14688
17211,52.9737,14694
11463,52.9517,14695
11749,52.9517,14695
11753,52.951699999999995,14697
11314,52.520700000000005,14698
20655,52.3991,14699
16437,52.222300000000004,14700
16449,52.222300000000004,14700
16454,52.222300000000004,14700
16459,52.222300000000004,14700
16460,52.222300000000004,14700
16511,52.222300000000004,14700
17110,52.222300000000004,14700
19087,52.156000000000006,14707
14177,51.7472,14708
23790,51.7472,14708
24435,51.7472,14708
24737,51.7472,14708
25160,51.7472,14708
19962,51.6588,14713
12878,51.3494,14714
13061,51.3494,14714
13191,51.3494,14714
13245,51.3494,14714
13441,51.3494,14714
13761,51.3494,14714
13989,51.3494,14714
14293,51.3494,14714
14369,51.3494,14714
15000,51.3494,14714
15249,51.3494,14714
17189,51.3494,14714
17355,51.3494,14714
17375,51.3494,14714
19823,51.3494,14714
20771,51.3494,14714
12093,51.1395,14730
11163,51.1284,14731
11183,51.1284,14731
11190,51.1284,14731
11221,51.1284,14731
19781,51.1173,14735
11755,51.1063,14736
12778,50.7748,14737
13033,50.7748,14737
13300,50.7748,14737
13755,50.7748,14737
13857,50.7748,14737
14296,50.7748,14737
14358,50.7748,14737
15173,50.7748,14737
15260,50.7748,14737
17208,50.7748,14737
18221,50.7748,14737
18253,50.7748,14737
18258,50.7748,14737
19055,50.7748,14737
20202,50.7748,14737
24294,50.3659,14752
24313,50.3659,14752
24389,50.3659,14752
24401,50.3659,14752
25149,50.3659,14752
25154,50.3659,14752
28412,50.3659,14752
12602,50.0124,14759
12654,50.0124,14759
12729,50.0124,14759
13412,50.0124,14759
19388,49.9681,14763
19449,49.9681,14763
22037,49.9681,14763
22105,49.9681,14763
22364,49.9681,14763
23126,49.9681,14763
23184,49.9681,14763
23199,49.9681,14763
23353,49.9681,14763
12660,49.7029,14772
12737,49.7029,14772
13578,49.7029,14772
13594,49.7029,14772
13601,49.7029,14772
13610,49.7029,14772
20522,49.7029,14772
21287,49.7029,14772
21353,49.7029,14772
21474,49.7029,14772
21693,49.7029,14772
21717,49.7029,14772
21801,49.7029,14772
22007,49.7029,14772
23251,49.7029,14772
28950,49.7029,14772
16464,49.691900000000004,14788
16542,49.691900000000004,14788
16574,49.691900000000004,14788
24260,49.6919,14791
16926,49.6698,14792
16738,49.669799999999995,14793
12896,49.6256,14794
13458,49.6256,14794
18187,49.6256,14794
21580,49.6256,14794
11279,49.2499,14798
11283,49.2499,14798
11313,49.2499,14798
11318,49.2499,14798
11322,49.2499,14798
11504,49.2499,14798
11521,49.2499,14798
11532,49.2499,14798
11620,49.2499,14798
15052,49.2499,14798
12824,49.2167,14808
23714,49.2167,14808
24968,49.2167,14808
20224,49.128299999999996,14811
23745,48.8631,14812
23955,48.8631,14812
24016,48.8631,14812
26557,48.8631,14812
26794,48.8631,14812
26804,48.8631,14812
19976,48.6643,14818
12046,48.608999999999995,14819
12047,48.608999999999995,14819
12099,48.608999999999995,14819
12957,48.608999999999995,14819
12985,48.608999999999995,14819
11127,48.598,14824
11424,48.5979,14825
11441,48.5979,14825
11579,48.5979,14825
12227,48.5979,14825
12269,48.5979,14825
12313,48.5979,14825
12375,48.5979,14825
28784,48.5979,14825
13507,48.5869,14833
13516,48.5869,14833
17318,48.5869,14833
19509,48.5869,14833
21074,48.5869,14833
22823,48.5869,14833
23490,48.5869,14833
23491,48.5869,14833
23689,48.5869,14833
21703,48.5758,14842
27835,48.0233,14843
15822,47.7471,14844
16173,47.7471,14844
20731,47.4819,14846
25696,47.4819,14846
25915,47.4819,14846
26712,47.4819,14846
26881,47.4819,14846
27135,47.4819,14846
27153,47.4819,14846
27304,47.4819,14846
27318,47.4819,14846
27330,47.4819,14846
27610,47.4819,14846
27630,47.4819,14846
28430,47.4819,14846
28435,47.4819,14846
28455,47.4819,14846
12567,47.481899999999996,14861
12593,47.481899999999996,14861
12598,47.481899999999996,14861
12733,47.481899999999996,14861
11866,47.4598,14865
11877,47.4598,14865
11923,47.4598,14865
11938,47.4598,14865
12150,47.4598,14865
12157,47.4598,14865
11122,47.4378,14871
19391,47.4377,14872
20594,47.4377,14872
20873,47.4377,14872
20963,47.4377,14872
21521,47.4377,14872
21678,47.4377,14872
23291,47.4377,14872
23599,47.4377,14872
23670,47.4377,14872
23692,47.4377,14872
23736,47.4377,14872
24391,47.3382,14883
24398,47.3382,14883
24821,47.3382,14883
24992,47.3382,14883
11269,46.7195,14887
11294,46.7195,14887
11306,46.7195,14887
11309,46.7195,14887
11312,46.7195,14887
11315,46.7195,14887
11524,46.7195,14887
11635,46.7195,14887
11644,46.7195,14887
11936,46.7194,14896
12408,46.7194,14896
12420,46.7194,14896
12436,46.7194,14896
12497,46.7194,14896
13017,46.7194,14896
13167,46.7194,14896
13773,46.7194,14896
14537,46.7194,14896
14543,46.7194,14896
14696,46.7194,14896
14703,46.7194,14896
15698,46.7194,14896
16583,46.7194,14896
19265,46.7194,14896
19266,46.7194,14896
19267,46.7194,14896
19650,46.7194,14896
19674,46.7194,14896
21172,46.7194,14896
21174,46.7194,14896
21190,46.7194,14896
21224,46.7194,14896
21407,46.7194,14896
21566,46.7194,14896
21883,46.7194,14896
21961,46.7194,14896
22006,46.7194,14896
22204,46.7194,14896
22208,46.7194,14896
22214,46.7194,14896
27149,46.7194,14896
27496,46.7194,14896
27704,46.7194,14896
15791,46.6974,14930
14898,46.3548,14931
15854,46.3548,14931
21726,46.3548,14931
23458,46.3548,14931
22704,46.3327,14935
26403,46.3327,14935
27010,46.3327,14935
27016,46.3327,14935
19627,46.1338,14939
25900,45.957,14940
11181,45.6145,14941
11186,45.6145,14941
11157,45.614399999999996,14943
11193,45.614399999999996,14943
15031,45.6034,14945
15217,45.592400000000005,14946
11149,45.5924,14947
11913,45.5924,14947
17331,45.2609,14949
12595,44.4984,14950
14859,44.4874,14951
15020,44.4874,14951
15465,44.4542,14953
17823,44.4542,14953
20928,44.4542,14953
21972,44.4542,14953
22326,44.4542,14953
22746,44.4542,14953
21533,44.4431,14959
25416,44.4431,14959
25855,44.4431,14959
26009,44.4431,14959
26105,44.4431,14959
11140,44.189,14964
11514,44.189,14964
12028,44.189,14964
12416,44.189,14964
12427,44.189,14964
12498,44.189,14964
13818,44.189,14964
14710,44.189,14964
14810,44.189,14964
19268,44.189,14964
21177,44.189,14964
21178,44.189,14964
21185,44.189,14964
21209,44.189,14964
21210,44.189,14964
21563,44.189,14964
21880,44.189,14964
21887,44.189,14964
21890,44.189,14964
21960,44.189,14964
21963,44.189,14964
21997,44.189,14964
22212,44.189,14964
22844,44.189,14964
22848,44.189,14964
22852,44.189,14964
22853,44.189,14964
27144,44.189,14964
29372,44.189,14964
29378,44.189,14964
11418,44.1779,14994
12741,44.1779,14994
12799,44.1779,14994
12800,44.1779,14994
12802,44.1779,14994
12809,44.1779,14994
12831,44.1779,14994
12832,44.1779,14994
12835,44.1779,14994
12840,44.1779,14994
13494,44.1779,14994
13497,44.1779,14994
13500,44.1779,14994
13501,44.1779,14994
13574,44.1779,14994
13677,44.1779,14994
13684,44.1779,14994
13796,44.1779,14994
14375,44.1779,14994
14390,44.1779,14994
14397,44.1779,14994
14402,44.1779,14994
14467,44.1779,14994
14483,44.1779,14994
14487,44.1779,14994
14489,44.1779,14994
14490,44.1779,14994
14503,44.1779,14994
14506,44.1779,14994
14507,44.1779,14994
14512,44.1779,14994
14544,44.1779,14994
14563,44.1779,14994
14570,44.1779,14994
14573,44.1779,14994
14588,44.1779,14994
14595,44.1779,14994
14600,44.1779,14994
14608,44.1779,14994
14612,44.1779,14994
14618,44.1779,14994
14619,44.1779,14994
14624,44.1779,14994
14637,44.1779,14994
14659,44.1779,14994
14693,44.1779,14994
14758,44.1779,14994
14761,44.1779,14994
14807,44.1779,14994
14826,44.1779,14994
14850,44.1779,14994
14856,44.1779,14994
14908,44.1779,14994
14924,44.1779,14994
14959,44.1779,14994
14963,44.1779,14994
14971,44.1779,14994
15012,44.1779,14994
15091,44.1779,14994
15158,44.1779,14994
15165,44.1779,14994
15168,44.1779,14994
15257,44.1779,14994
15270,44.1779,14994
15271,44.1779,14994
15281,44.1779,14994
15285,44.1779,14994
15293,44.1779,14994
15297,44.1779,14994
15307,44.1779,14994
15318,44.1779,14994
15327,44.1779,14994
15330,44.1779,14994
15332,44.1779,14994
15335,44.1779,14994
15358,44.1779,14994
15361,44.1779,14994
15373,44.1779,14994
15390,44.1779,14994
15392,44.1779,14994
15397,44.1779,14994
15401,44.1779,14994
15403,44.1779,14994
15407,44.1779,14994
15408,44.1779,14994
15430,44.1779,14994
15469,44.1779,14994
15485,44.1779,14994
15486,44.1779,14994
15495,44.1779,14994
15496,44.1779,14994
15504,44.1779,14994
15508,44.1779,14994
15509,44.1779,14994
15510,44.1779,14994
15513,44.1779,14994
15545,44.1779,14994
15546,44.1779,14994
15563,44.1779,14994
15608,44.1779,14994
15629,44.1779,14994
15740,44.1779,14994
15742,44.1779,14994
15743,44.1779,14994
15747,44.1779,14994
15772,44.1779,14994
15777,44.1779,14994
15825,44.1779,14994
15837,44.1779,14994
15848,44.1779,14994
15871,44.1779,14994
15877,44.1779,14994
15884,44.1779,14994
15887,44.1779,14994
15891,44.1779,14994
15910,44.1779,14994
15936,44.1779,14994
15939,44.1779,14994
15951,44.1779,14994
15955,44.1779,14994
15970,44.1779,14994
15971,44.1779,14994
15973,44.1779,14994
15977,44.1779,14994
16006,44.1779,14994
16037,44.1779,14994
16048,44.1779,14994
16049,44.1779,14994
16057,44.1779,14994
16070,44.1779,14994
16074,44.1779,14994
16082,44.1779,14994
16091,44.1779,14994
16107,44.1779,14994
16153,44.1779,14994
16212,44.1779,14994
16239,44.1779,14994
16248,44.1779,14994
16367,44.1779,14994
16477,44.1779,14994
16485,44.1779,14994
16498,44.1779,14994
16502,44.1779,14994
16505,44.1779,14994
16642,44.1779,14994
16655,44.1779,14994
16719,44.1779,14994
16720,44.1779,14994
16724,44.1779,14994
16787,44.1779,14994
16788,44.1779,14994
16814,44.1779,14994
16862,44.1779,14994
16875,44.1779,14994
16877,44.1779,14994
16884,44.1779,14994
16885,44.1779,14994
16901,44.1779,14994
16957,44.1779,14994
16963,44.1779,14994
16965,44.1779,14994
16980,44.1779,14994
16991,44.1779,14994
16994,44.1779,14994
17044,44.1779,14994
17117,44.1779,14994
17146,44.1779,14994
17158,44.1779,14994
17162,44.1779,14994
17260,44.1779,14994
17342,44.1779,14994
17343,44.1779,14994
17359,44.1779,14994
17366,44.1779,14994
17378,44.1779,14994
17380,44.1779,14994
17390,44.1779,14994
17397,44.1779,14994
17418,44.1779,14994
17419,44.1779,14994
17428,44.1779,14994
17451,44.1779,14994
17471,44.1779,14994
17516,44.1779,14994
17517,44.1779,14994
17549,44.1779,14994
17554,44.1779,14994
17560,44.1779,14994
17577,44.1779,14994
17583,44.1779,14994
17584,44.1779,14994
17598,44.1779,14994
17605,44.1779,14994
17610,44.1779,14994
17611,44.1779,14994
17618,44.1779,14994
17653,44.1779,14994
17665,44.1779,14994
17674,44.1779,14994
17679,44.1779,14994
17687,44.1779,14994
17696,44.1779,14994
17872,44.1779,14994
18058,44.1779,14994
18097,44.1779,14994
18105,44.1779,14994
18170,44.1779,14994
18223,44.1779,14994
18235,44.1779,14994
18323,44.1779,14994
18340,44.1779,14994
18342,44.1779,14994
18343,44.1779,14994
18347,44.1779,14994
18349,44.1779,14994
18358,44.1779,14994
18365,44.1779,14994
18417,44.1779,14994
18419,44.1779,14994
18474,44.1779,14994
18500,44.1779,14994
18529,44.1779,14994
18574,44.1779,14994
18640,44.1779,14994
18662,44.1779,14994
18751,44.1779,14994
18778,44.1779,14994
19077,44.1779,14994
19082,44.1779,14994
19180,44.1779,14994
19182,44.1779,14994
19273,44.1779,14994
19277,44.1779,14994
19303,44.1779,14994
19926,44.1779,14994
20070,44.1779,14994
20083,44.1779,14994
20100,44.1779,14994
20102,44.1779,14994
20273,44.1779,14994
20316,44.1779,14994
20441,44.1779,14994
20691,44.1779,14994
20783,44.1779,14994
20792,44.1779,14994
21009,44.1779,14994
21043,44.1779,14994
21085,44.1779,14994
21109,44.1779,14994
21131,44.1779,14994
21208,44.1779,14994
21232,44.1779,14994
21276,44.1779,14994
21339,44.1779,14994
21366,44.1779,14994
21370,44.1779,14994
21375,44.1779,14994
21480,44.1779,14994
21577,44.1779,14994
21663,44.1779,14994
21691,44.1779,14994
21803,44.1779,14994
21832,44.1779,14994
21844,44.1779,14994
21846,44.1779,14994
21849,44.1779,14994
21861,44.1779,14994
21863,44.1779,14994
21914,44.1779,14994
21916,44.1779,14994
22026,44.1779,14994
22143,44.1779,14994
22315,44.1779,14994
22332,44.1779,14994
22353,44.1779,14994
22354,44.1779,14994
22371,44.1779,14994
22384,44.1779,14994
22389,44.1779,14994
22453,44.1779,14994
22482,44.1779,14994
22528,44.1779,14994
22657,44.1779,14994
22670,44.1779,14994
22831,44.1779,14994
22869,44.1779,14994
22911,44.1779,14994
22948,44.1779,14994
22952,44.1779,14994
22957,44.1779,14994
22962,44.1779,14994
22969,44.1779,14994
23084,44.1779,14994
23087,44.1779,14994
23123,44.1779,14994
23128,44.1779,14994
23134,44.1779,14994
23196,44.1779,14994
23219,44.1779,14994
23235,44.1779,14994
23244,44.1779,14994
23245,44.1779,14994
23253,44.1779,14994
23255,44.1779,14994
23284,44.1779,14994
23317,44.1779,14994
23329,44.1779,14994
23401,44.1779,14994
23419,44.1779,14994
23426,44.1779,14994
23428,44.1779,14994
23459,44.1779,14994
23530,44.1779,14994
23536,44.1779,14994
23551,44.1779,14994
23567,44.1779,14994
23569,44.1779,14994
23576,44.1779,14994
23644,44.1779,14994
23650,44.1779,14994
23679,44.1779,14994
23719,44.1779,14994
23743,44.1779,14994
23943,44.1779,14994
23968,44.1779,14994
23978,44.1779,14994
23985,44.1779,14994
23997,44.1779,14994
24079,44.1779,14994
24082,44.1779,14994
24085,44.1779,14994
24094,44.1779,14994
24106,44.1779,14994
24113,44.1779,14994
24144,44.1779,14994
24196,44.1779,14994
24256,44.1779,14994
24470,44.1779,14994
24581,44.1779,14994
24594,44.1779,14994
24603,44.1779,14994
24610,44.1779,14994
24639,44.1779,14994
24647,44.1779,14994
24730,44.1779,14994
24748,44.1779,14994
24755,44.1779,14994
24853,44.1779,14994
24858,44.1779,14994
24859,44.1779,14994
24869,44.1779,14994
24880,44.1779,14994
24890,44.1779,14994
24947,44.1779,14994
25110,44.1779,14994
25116,44.1779,14994
25122,44.1779,14994
25123,44.1779,14994
25134,44.1779,14994
25136,44.1779,14994
25143,44.1779,14994
25147,44.1779,14994
25217,44.1779,14994
25219,44.1779,14994
25227,44.1779,14994
25236,44.1779,14994
25248,44.1779,14994
25251,44.1779,14994
25295,44.1779,14994
25324,44.1779,14994
25332,44.1779,14994
25469,44.1779,14994
25471,44.1779,14994
25475,44.1779,14994
25494,44.1779,14994
25495,44.1779,14994
25515,44.1779,14994
25517,44.1779,14994
25518,44.1779,14994
25519,44.1779,14994
25535,44.1779,14994
25579,44.1779,14994
25580,44.1779,14994
25620,44.1779,14994
25630,44.1779,14994
25638,44.1779,14994
25643,44.1779,14994
25652,44.1779,14994
25654,44.1779,14994
25666,44.1779,14994
25679,44.1779,14994
25781,44.1779,14994
25800,44.1779,14994
25815,44.1779,14994
25824,44.1779,14994
25873,44.1779,14994
25884,44.1779,14994
26099,44.1779,14994
26132,44.1779,14994
26136,44.1779,14994
26377,44.1779,14994
26397,44.1779,14994
26456,44.1779,14994
26686,44.1779,14994
26701,44.1779,14994
26891,44.1779,14994
27208,44.1779,14994
27329,44.1779,14994
27335,44.1779,14994
27580,44.1779,14994
27594,44.1779,14994
27632,44.1779,14994
27700,44.1779,14994
27705,44.1779,14994
27720,44.1779,14994
27779,44.1779,14994
27803,44.1779,14994
27812,44.1779,14994
27829,44.1779,14994
27849,44.1779,14994
27851,44.1779,14994
27857,44.1779,14994
27886,44.1779,14994
27914,44.1779,14994
27915,44.1779,14994
27916,44.1779,14994
27954,44.1779,14994
27966,44.1779,14994
27968,44.1779,14994
27981,44.1779,14994
28001,44.1779,14994
28002,44.1779,14994
28007,44.1779,14994
28020,44.1779,14994
28023,44.1779,14994
28029,44.1779,14994
28043,44.1779,14994
28060,44.1779,14994
28079,44.1779,14994
28080,44.1779,14994
28090,44.1779,14994
28122,44.1779,14994
28140,44.1779,14994
28174,44.1779,14994
28187,44.1779,14994
28213,44.1779,14994
28219,44.1779,14994
28263,44.1779,14994
28265,44.1779,14994
28275,44.1779,14994
28278,44.1779,14994
28283,44.1779,14994
28291,44.1779,14994
28349,44.1779,14994
28537,44.1779,14994
28576,44.1779,14994
28578,44.1779,14994
28721,44.1779,14994
28873,44.1779,14994
28875,44.1779,14994
28881,44.1779,14994
28887,44.1779,14994
28888,44.1779,14994
28897,44.1779,14994
28915,44.1779,14994
29030,44.1779,14994
29040,44.1779,14994
29209,44.1779,14994
29229,44.1779,14994
29231,44.1779,14994
29266,44.1779,14994
29338,44.1779,14994
15232,44.1669,15466
15603,44.1669,15466
15605,44.1669,15466
15715,44.1669,15466
11218,43.736000000000004,15470
11219,43.736000000000004,15470
11232,43.736000000000004,15470
11527,43.736000000000004,15470
11634,43.736000000000004,15470
11637,43.736000000000004,15470
17880,43.702799999999996,15476
21238,43.702799999999996,15476
12617,43.6144,15478
12722,43.6144,15478
20443,43.6144,15478
20690,43.6144,15478
20789,43.6144,15478
21280,43.6144,15478
21935,43.6144,15478
23006,43.6144,15478
23272,43.6144,15478
23273,43.6144,15478
27887,43.6144,15478
19626,43.603300000000004,15489
19952,43.603300000000004,15489
18292,43.371300000000005,15491
18730,43.371300000000005,15491
13737,43.3713,15493
22839,43.3713,15493
18020,43.3381,15495
15021,43.073,15496
15264,43.073,15496
17319,43.073,15496
17650,43.0729,15499
17719,43.0729,15499
17740,43.0729,15499
18006,43.0729,15499
18007,43.0729,15499
18619,43.0729,15499
19177,43.0729,15499
19469,43.0729,15499
19484,43.0729,15499
19489,43.0729,15499
19495,43.0729,15499
19519,43.0729,15499
20064,43.0729,15499
20131,43.0729,15499
20161,43.0729,15499
20574,43.0729,15499
20803,43.0729,15499
20867,43.0729,15499
20915,43.0729,15499
20940,43.0729,15499
20954,43.0729,15499
20957,43.0729,15499
20959,43.0729,15499
20964,43.0729,15499
20969,43.0729,15499
20971,43.0729,15499
21026,43.0729,15499
21083,43.0729,15499
21523,43.0729,15499
21820,43.0729,15499
22185,43.0729,15499
22358,43.0729,15499
22659,43.0729,15499
22688,43.0729,15499
22705,43.0729,15499
22725,43.0729,15499
22806,43.0729,15499
22809,43.0729,15499
22821,43.0729,15499
22835,43.0729,15499
22867,43.0729,15499
23140,43.0729,15499
23197,43.0729,15499
23218,43.0729,15499
23221,43.0729,15499
23288,43.0729,15499
23596,43.0729,15499
23602,43.0729,15499
23610,43.0729,15499
23626,43.0729,15499
23627,43.0729,15499
23633,43.0729,15499
23690,43.0729,15499
23712,43.0729,15499
23757,43.0729,15499
23772,43.0729,15499
23786,43.0729,15499
23843,43.0729,15499
23897,43.0729,15499
23937,43.0729,15499
23941,43.0729,15499
23947,43.0729,15499
23952,43.0729,15499
23957,43.0729,15499
23959,43.0729,15499
23965,43.0729,15499
23975,43.0729,15499
24014,43.0729,15499
24074,43.0729,15499
24087,43.0729,15499
24139,43.0729,15499
24147,43.0729,15499
24180,43.0729,15499
24532,43.0729,15499
24539,43.0729,15499
24547,43.0729,15499
24548,43.0729,15499
24552,43.0729,15499
24564,43.0729,15499
24579,43.0729,15499
24692,43.0729,15499
25474,43.0729,15499
25499,43.0729,15499
25505,43.0729,15499
25512,43.0729,15499
25523,43.0729,15499
25537,43.0729,15499
25545,43.0729,15499
25592,43.0729,15499
25631,43.0729,15499
25669,43.0729,15499
25682,43.0729,15499
25690,43.0729,15499
26037,43.0729,15499
26179,43.0729,15499
26186,43.0729,15499
26217,43.0729,15499
26364,43.0729,15499
26401,43.0729,15499
26408,43.0729,15499
26559,43.0729,15499
26836,43.0729,15499
26849,43.0729,15499
26877,43.0729,15499
26888,43.0729,15499
26897,43.0729,15499
26970,43.0729,15499
26973,43.0729,15499
26993,43.0729,15499
27002,43.0729,15499
27152,43.0729,15499
27220,43.0729,15499
27372,43.0729,15499
27373,43.0729,15499
27482,43.0729,15499
27491,43.0729,15499
27683,43.0729,15499
27785,43.0729,15499
27925,43.0729,15499
27938,43.0729,15499
27940,43.0729,15499
27955,43.0729,15499
27958,43.0729,15499
27990,43.0729,15499
28883,43.0729,15499
28891,43.0729,15499
29052,43.0729,15499
29053,43.0729,15499
29073,43.0729,15499
29161,43.0729,15499
29199,43.0729,15499
29226,43.0729,15499
29263,43.0729,15499
29268,43.0729,15499
29271,43.0729,15499
29272,43.0729,15499
29324,43.0729,15499
29330,43.0729,15499
29348,43.0729,15499
29349,43.0729,15499
17886,43.0619,15639
16729,43.006699999999995,15640
16927,43.006699999999995,15640
18216,43.006699999999995,15640
12823,42.9624,15643
13611,42.9624,15643
14173,42.9624,15643
14174,42.9624,15643
14422,42.9624,15643
15098,42.9624,15643
23793,42.9624,15643
24262,42.9624,15643
24292,42.9624,15643
24297,42.9624,15643
24299,42.9624,15643
24316,42.9624,15643
24320,42.9624,15643
24396,42.9624,15643
24397,42.9624,15643
24412,42.9624,15643
24449,42.9624,15643
24451,42.9624,15643
24513,42.9624,15643
24516,42.9624,15643
24519,42.9624,15643
24624,42.9624,15643
24626,42.9624,15643
24642,42.9624,15643
24658,42.9624,15643
24686,42.9624,15643
24725,42.9624,15643
24820,42.9624,15643
24935,42.9624,15643
24936,42.9624,15643
24938,42.9624,15643
24946,42.9624,15643
24950,42.9624,15643
24970,42.9624,15643
24983,42.9624,15643
25023,42.9624,15643
25045,42.9624,15643
25071,42.9624,15643
25168,42.9624,15643
25276,42.9624,15643
25280,42.9624,15643
25283,42.9624,15643
25291,42.9624,15643
25378,42.9624,15643
25434,42.9624,15643
25624,42.9624,15643
25763,42.9624,15643
25898,42.9624,15643
27903,42.9624,15643
28373,42.9624,15643
28378,42.9624,15643
28440,42.9624,15643
11248,42.5094,15695
11350,42.5094,15695
11373,42.5094,15695
11397,42.5094,15695
11411,42.5094,15695
12638,42.5094,15695
16058,42.2663,15701
12594,41.967999999999996,15702
14853,41.9569,15703
16403,41.9569,15703
16450,41.9569,15703
16535,41.9569,15703
20147,41.9569,15703
27216,41.9569,15703
28638,41.9569,15703
28813,41.9569,15703
28975,41.9569,15703
28979,41.9569,15703
29218,41.9569,15703
29250,41.9569,15703
16413,41.9127,15715
16943,41.9127,15715
17763,41.9127,15715
19056,41.9127,15715
24743,41.9127,15715
25870,41.9127,15715
25914,41.9127,15715
26526,41.9127,15715
15713,41.537000000000006,15723
16346,41.4928,15724
27451,41.3602,15725
11130,41.2055,15726
11205,41.2055,15726
11209,41.2055,15726
11226,41.2055,15726
11321,41.2055,15726
11533,41.2055,15726
13825,41.2055,15726
14707,41.2055,15726
18897,41.2055,15726
19673,41.2055,15726
21171,41.2055,15726
21978,41.2055,15726
21995,41.2055,15726
22840,41.2055,15726
22847,41.2055,15726
26769,41.2055,15726
27497,41.2055,15726
15437,41.183400000000006,15743
15464,41.183400000000006,15743
19729,41.183400000000006,15743
19751,41.183400000000006,15743
19757,41.183400000000006,15743
14820,41.1834,15748
15242,41.1834,15748
17092,41.1834,15748
17759,41.1834,15748
17800,41.1834,15748
17816,41.1834,15748
17842,41.1834,15748
17938,41.1834,15748
17939,41.1834,15748
18015,41.1834,15748
18025,41.1834,15748
18623,41.1834,15748
19354,41.1834,15748
19456,41.1834,15748
20250,41.1834,15748
20282,41.1834,15748
20868,41.1834,15748
20902,41.1834,15748
20929,41.1834,15748
20943,41.1834,15748
20947,41.1834,15748
20951,41.1834,15748
20952,41.1834,15748
21028,41.1834,15748
21079,41.1834,15748
21111,41.1834,15748
21137,41.1834,15748
21543,41.1834,15748
21739,41.1834,15748
22040,41.1834,15748
22060,41.1834,15748
22138,41.1834,15748
22145,41.1834,15748
22146,41.1834,15748
22158,41.1834,15748
22160,41.1834,15748
22163,41.1834,15748
22184,41.1834,15748
22190,41.1834,15748
22211,41.1834,15748
22228,41.1834,15748
22242,41.1834,15748
22304,41.1834,15748
22547,41.1834,15748
22548,41.1834,15748
22721,41.1834,15748
22759,41.1834,15748
22775,41.1834,15748
22781,41.1834,15748
22786,41.1834,15748
22865,41.1834,15748
23001,41.1834,15748
23027,41.1834,15748
23044,41.1834,15748
23046,41.1834,15748
23063,41.1834,15748
23068,41.1834,15748
23072,41.1834,15748
23089,41.1834,15748
23090,41.1834,15748
23109,41.1834,15748
23152,41.1834,15748
23182,41.1834,15748
23282,41.1834,15748
23294,41.1834,15748
23297,41.1834,15748
23303,41.1834,15748
23304,41.1834,15748
23381,41.1834,15748
23389,41.1834,15748
23501,41.1834,15748
23578,41.1834,15748
23588,41.1834,15748
23785,41.1834,15748
23820,41.1834,15748
23822,41.1834,15748
23875,41.1834,15748
24222,41.1834,15748
24541,41.1834,15748
24546,41.1834,15748
24550,41.1834,15748
17705,41.17229999999999,15829
14635,41.1171,15830
12838,40.8408,15831
12876,40.8408,15831
12879,40.8408,15831
12952,40.8408,15831
13234,40.8408,15831
13485,40.8408,15831
13835,40.8408,15831
13943,40.8408,15831
14085,40.8408,15831
14534,40.8408,15831
14933,40.8408,15831
14943,40.8408,15831
15009,40.8408,15831
15243,40.8408,15831
16335,40.8408,15831
17222,40.8408,15831
17724,40.8408,15831
19822,40.8408,15831
21318,40.8408,15831
21453,40.8408,15831
22154,40.8408,15831
25173,40.8408,15831
25177,40.8408,15831
14811,40.8077,15854
19300,40.8077,15854
20580,40.8077,15854
21548,40.8077,15854
28980,40.8077,15854
12401,40.432,15859
12405,40.432,15859
12505,40.432,15859
13496,40.432,15859
14187,40.432,15859
14190,40.432,15859
14193,40.432,15859
15092,40.432,15859
23738,40.432,15859
23740,40.432,15859
23796,40.432,15859
23876,40.432,15859
24312,40.432,15859
24319,40.432,15859
24355,40.432,15859
24393,40.432,15859
24394,40.432,15859
24395,40.432,15859
24486,40.432,15859
24490,40.432,15859
24511,40.432,15859
24514,40.432,15859
24518,40.432,15859
24530,40.432,15859
24650,40.432,15859
24667,40.432,15859
24742,40.432,15859
24775,40.432,15859
24931,40.432,15859
24948,40.432,15859
24984,40.432,15859
24989,40.432,15859
25044,40.432,15859
25083,40.432,15859
25091,40.432,15859
25151,40.432,15859
25156,40.432,15859
25171,40.432,15859
25176,40.432,15859
25178,40.432,15859
25190,40.432,15859
25195,40.432,15859
25197,40.432,15859
25202,40.432,15859
25278,40.432,15859
25428,40.432,15859
25435,40.432,15859
25833,40.432,15859
28441,40.432,15859
20053,40.0784,15908
23748,40.0784,15908
23911,40.0784,15908
23927,40.0784,15908
23928,40.0784,15908
23934,40.0784,15908
23951,40.0784,15908
23964,40.0784,15908
23969,40.0784,15908
23970,40.0784,15908
23974,40.0784,15908
24070,40.0784,15908
26169,40.0784,15908
26184,40.0784,15908
26255,40.0784,15908
26258,40.0784,15908
26265,40.0784,15908
26389,40.0784,15908
26405,40.0784,15908
26418,40.0784,15908
26556,40.0784,15908
26583,40.0784,15908
26596,40.0784,15908
26628,40.0784,15908
26636,40.0784,15908
26714,40.0784,15908
26788,40.0784,15908
26838,40.0784,15908
26861,40.0784,15908
26908,40.0784,15908
26925,40.0784,15908
26927,40.0784,15908
27011,40.0784,15908
27012,40.0784,15908
27013,40.0784,15908
27046,40.0784,15908
27048,40.0784,15908
27052,40.0784,15908
27190,40.0784,15908
27197,40.0784,15908
27200,40.0784,15908
27244,40.0784,15908
27248,40.0784,15908
27302,40.0784,15908
27322,40.0784,15908
27336,40.0784,15908
27382,40.0784,15908
27386,40.0784,15908
27434,40.0784,15908
27609,40.0784,15908
27627,40.0784,15908
27629,40.0784,15908
27638,40.0784,15908
27930,40.0784,15908
28453,40.0784,15908
28467,40.0784,15908
28538,40.0784,15908
29394,40.0784,15908
29396,40.0784,15908
29409,40.0784,15908
29440,40.0784,15908
29446,40.0784,15908
17341,39.7358,15970
25818,39.7358,15970
17908,39.4706,15972
22498,39.4706,15972
24871,39.4706,15972
25262,39.4706,15972
27462,39.4706,15972
27680,39.4706,15972
19807,39.1944,15978
16733,38.9624,15979
16507,38.9292,15980
19333,38.9292,15980
25849,38.9292,15980
26118,38.9292,15980
26193,38.9292,15980
26287,38.9292,15980
26291,38.9292,15980
26470,38.9292,15980
29023,38.9292,15980
11511,38.675,15989
11935,38.675,15989
12406,38.675,15989
12419,38.675,15989
12422,38.675,15989
12429,38.675,15989
12739,38.675,15989
12767,38.675,15989
13695,38.675,15989
13817,38.675,15989
13819,38.675,15989
13831,38.675,15989
15355,38.675,15989
15689,38.675,15989
15704,38.675,15989
15706,38.675,15989
15707,38.675,15989
16582,38.675,15989
17219,38.675,15989
18901,38.675,15989
19666,38.675,15989
21175,38.675,15989
21176,38.675,15989
21186,38.675,15989
21409,38.675,15989
21879,38.675,15989
21953,38.675,15989
21954,38.675,15989
21962,38.675,15989
21988,38.675,15989
21989,38.675,15989
22210,38.675,15989
22841,38.675,15989
27145,38.675,15989
27495,38.675,15989
11426,38.664,16024
11435,38.664,16024
11438,38.664,16024
11442,38.664,16024
11477,38.664,16024
11486,38.664,16024
11497,38.664,16024
11552,38.664,16024
11554,38.664,16024
11555,38.664,16024
11559,38.664,16024
11565,38.664,16024
11569,38.664,16024
11573,38.664,16024
11574,38.664,16024
11580,38.664,16024
11595,38.664,16024
11597,38.664,16024
11600,38.664,16024
11602,38.664,16024
11608,38.664,16024
12127,38.664,16024
12223,38.664,16024
12233,38.664,16024
12234,38.664,16024
12236,38.664,16024
12238,38.664,16024
12274,38.664,16024
12312,38.664,16024
12368,38.664,16024
12374,38.664,16024
12387,38.664,16024
28582,38.664,16024
28585,38.664,16024
28591,38.664,16024
28592,38.664,16024
28593,38.664,16024
28783,38.664,16024
28785,38.664,16024
15579,38.653,16063
17874,38.6529,16064
17954,38.6529,16064
18016,38.6529,16064
18043,38.6529,16064
20235,38.6529,16064
20554,38.6529,16064
20563,38.6529,16064
20865,38.6529,16064
20893,38.6529,16064
20968,38.6529,16064
21046,38.6529,16064
21110,38.6529,16064
21118,38.6529,16064
21196,38.6529,16064
21248,38.6529,16064
21528,38.6529,16064
21539,38.6529,16064
21831,38.6529,16064
21872,38.6529,16064
22039,38.6529,16064
22056,38.6529,16064
22085,38.6529,16064
22110,38.6529,16064
22124,38.6529,16064
22125,38.6529,16064
22126,38.6529,16064
22223,38.6529,16064
22226,38.6529,16064
22227,38.6529,16064
22263,38.6529,16064
22286,38.6529,16064
22361,38.6529,16064
22362,38.6529,16064
22375,38.6529,16064
22549,38.6529,16064
22727,38.6529,16064
22735,38.6529,16064
22741,38.6529,16064
22799,38.6529,16064
22811,38.6529,16064
22826,38.6529,16064
22884,38.6529,16064
22984,38.6529,16064
22991,38.6529,16064
23045,38.6529,16064
23049,38.6529,16064
23051,38.6529,16064
23115,38.6529,16064
23153,38.6529,16064
23191,38.6529,16064
23198,38.6529,16064
23243,38.6529,16064
23289,38.6529,16064
23292,38.6529,16064
23295,38.6529,16064
23451,38.6529,16064
23461,38.6529,16064
23465,38.6529,16064
23489,38.6529,16064
23500,38.6529,16064
23555,38.6529,16064
23558,38.6529,16064
23564,38.6529,16064
23565,38.6529,16064
23579,38.6529,16064
23613,38.6529,16064
23617,38.6529,16064
23684,38.6529,16064
23703,38.6529,16064
23711,38.6529,16064
23713,38.6529,16064
23720,38.6529,16064
23727,38.6529,16064
23735,38.6529,16064
23737,38.6529,16064
23784,38.6529,16064
23869,38.6529,16064
23888,38.6529,16064
24227,38.6529,16064
17839,38.6419,16143
16187,38.5867,16144
15459,38.5866,16145
24263,38.5535,16146
24293,38.5535,16146
24317,38.5535,16146
24443,38.5535,16146
24509,38.5535,16146
24524,38.5535,16146
24617,38.5535,16146
24643,38.5535,16146
24656,38.5535,16146
24758,38.5535,16146
24769,38.5535,16146
24827,38.5535,16146
24829,38.5535,16146
24940,38.5535,16146
24969,38.5535,16146
24982,38.5535,16146
24991,38.5535,16146
24994,38.5535,16146
25082,38.5535,16146
25089,38.5535,16146
25152,38.5535,16146
25164,38.5535,16146
25260,38.5535,16146
25275,38.5535,16146
25836,38.5535,16146
25874,38.5535,16146
27893,38.5535,16146
28380,38.5535,16146
28422,38.5535,16146
28429,38.5535,16146
15639,38.1999,16176
15640,38.1999,16176
12666,38.188900000000004,16178
20756,38.1888,16179
17701,38.089400000000005,16180
11408,38.0894,16181
11542,38.0894,16181
24877,38.0894,16181
25581,38.0894,16181
26139,38.0894,16181
27676,38.0894,16181
27822,38.0894,16181
28037,38.0894,16181
11391,37.5479,16189
11404,37.5479,16189
19483,37.5479,16189
22584,37.5479,16189
22624,37.5479,16189
22868,37.5479,16189
23440,37.5479,16189
23973,37.5479,16189
23981,37.5479,16189
24722,37.5479,16189
25695,37.5479,16189
26253,37.5479,16189
26254,37.5479,16189
26371,37.5479,16189
26380,37.5479,16189
26383,37.5479,16189
26384,37.5479,16189
26394,37.5479,16189
26419,37.5479,16189
26584,37.5479,16189
26598,37.5479,16189
26704,37.5479,16189
26707,37.5479,16189
26722,37.5479,16189
26738,37.5479,16189
26778,37.5479,16189
26808,37.5479,16189
26840,37.5479,16189
26859,37.5479,16189
27018,37.5479,16189
27055,37.5479,16189
27066,37.5479,16189
27192,37.5479,16189
27236,37.5479,16189
27245,37.5479,16189
27311,37.5479,16189
27312,37.5479,16189
27313,37.5479,16189
27320,37.5479,16189
27327,37.5479,16189
27387,37.5479,16189
27391,37.5479,16189
27445,37.5479,16189
27608,37.5479,16189
27619,37.5479,16189
27626,37.5479,16189
27631,37.5479,16189
28423,37.5479,16189
28445,37.5479,16189
28461,37.5479,16189
28544,37.5479,16189
28710,37.5479,16189
29377,37.5479,16189
29424,37.5479,16189
29438,37.5479,16189
29442,37.5479,16189
24839,36.9402,16245
27397,36.9402,16245
27430,36.9402,16245
27475,36.9402,16245
27506,36.9402,16245
27565,36.9402,16245
28237,36.9402,16245
28908,36.9402,16245
18704,36.752399999999994,16253
17642,36.409800000000004,16254
12842,36.023,16255
12868,36.023,16255
12869,36.023,16255
14180,36.023,16255
14182,36.023,16255
14188,36.023,16255
14201,36.023,16255
14202,36.023,16255
14205,36.023,16255
23741,36.023,16255
23792,36.023,16255
23802,36.023,16255
23805,36.023,16255
24285,36.023,16255
24289,36.023,16255
24290,36.023,16255
24315,36.023,16255
24390,36.023,16255
24423,36.023,16255
24452,36.023,16255
24499,36.023,16255
24507,36.023,16255
24512,36.023,16255
24618,36.023,16255
24619,36.023,16255
24623,36.023,16255
24628,36.023,16255
24636,36.023,16255
24655,36.023,16255
24677,36.023,16255
24741,36.023,16255
24768,36.023,16255
24774,36.023,16255
24803,36.023,16255
24933,36.023,16255
24934,36.023,16255
24937,36.023,16255
24941,36.023,16255
24949,36.023,16255
24951,36.023,16255
24962,36.023,16255
24963,36.023,16255
24980,36.023,16255
24981,36.023,16255
24999,36.023,16255
25024,36.023,16255
25039,36.023,16255
25041,36.023,16255
25068,36.023,16255
25170,36.023,16255
25181,36.023,16255
25194,36.023,16255
25255,36.023,16255
25279,36.023,16255
25282,36.023,16255
25372,36.023,16255
25375,36.023,16255
25376,36.023,16255
25377,36.023,16255
25766,36.023,16255
25897,36.023,16255
28391,36.023,16255
28433,36.023,16255
15434,35.6695,16318
14862,35.6694,16319
14863,35.6694,16319
16292,35.6694,16319
17748,35.6694,16319
17805,35.6694,16319
17836,35.6694,16319
18618,35.6694,16319
19368,35.6694,16319
19371,35.6694,16319
19384,35.6694,16319
19590,35.6694,16319
20043,35.6694,16319
20143,35.6694,16319
20168,35.6694,16319
20176,35.6694,16319
20230,35.6694,16319
20234,35.6694,16319
20265,35.6694,16319
20799,35.6694,16319
20809,35.6694,16319
20906,35.6694,16319
20907,35.6694,16319
20950,35.6694,16319
21049,35.6694,16319
21101,35.6694,16319
21181,35.6694,16319
21182,35.6694,16319
21187,35.6694,16319
21255,35.6694,16319
21390,35.6694,16319
21819,35.6694,16319
21970,35.6694,16319
21971,35.6694,16319
22090,35.6694,16319
22101,35.6694,16319
22157,35.6694,16319
22159,35.6694,16319
22183,35.6694,16319
22187,35.6694,16319
22239,35.6694,16319
22240,35.6694,16319
22280,35.6694,16319
22365,35.6694,16319
22747,35.6694,16319
22752,35.6694,16319
22812,35.6694,16319
22894,35.6694,16319
22902,35.6694,16319
22968,35.6694,16319
23003,35.6694,16319
23005,35.6694,16319
23023,35.6694,16319
23037,35.6694,16319
23071,35.6694,16319
23088,35.6694,16319
23108,35.6694,16319
23130,35.6694,16319
23149,35.6694,16319
23192,35.6694,16319
23193,35.6694,16319
23202,35.6694,16319
23246,35.6694,16319
23335,35.6694,16319
23336,35.6694,16319
23361,35.6694,16319
23364,35.6694,16319
23448,35.6694,16319
23452,35.6694,16319
23472,35.6694,16319
23483,35.6694,16319
23502,35.6694,16319
23504,35.6694,16319
23598,35.6694,16319
23615,35.6694,16319
23722,35.6694,16319
23810,35.6694,16319
23825,35.6694,16319
23826,35.6694,16319
23890,35.6694,16319
24223,35.6694,16319
24533,35.6694,16319
13698,35.6584,16400
14989,35.6584,16400
15446,35.6584,16400
15450,35.6584,16400
16396,35.6584,16400
16399,35.6584,16400
17091,35.6584,16400
17102,35.6584,16400
17704,35.6584,16400
17707,35.6584,16400
17718,35.6584,16400
17745,35.6584,16400
17758,35.6584,16400
17838,35.6584,16400
17856,35.6584,16400
17882,35.6584,16400
17903,35.6584,16400
17967,35.6584,16400
18041,35.6584,16400
18044,35.6584,16400
18632,35.6584,16400
19064,35.6584,16400
19078,35.6584,16400
19081,35.6584,16400
19907,35.6584,16400
20585,35.6584,16400
20596,35.6584,16400
20599,35.6584,16400
21511,35.6584,16400
21520,35.6584,16400
21525,35.6584,16400
24925,35.6584,16400
25205,35.6584,16400
25259,35.6584,16400
25350,35.6584,16400
25360,35.6584,16400
25858,35.6584,16400
25880,35.6584,16400
25965,35.6584,16400
26000,35.6584,16400
26103,35.6584,16400
26108,35.6584,16400
26117,35.6584,16400
26181,35.6584,16400
26333,35.6584,16400
26458,35.6584,16400
26467,35.6584,16400
26479,35.6584,16400
26516,35.6584,16400
26518,35.6584,16400
26680,35.6584,16400
18299,35.6032,16451
13342,35.6031,16452
14327,35.6031,16452
18744,35.6031,16452
20354,35.6031,16452
14040,35.3269,16456
14393,35.3269,16456
14454,35.3269,16456
17215,35.3269,16456
18144,35.3269,16456
18146,35.3269,16456
19553,35.3269,16456
21471,35.3269,16456
23330,35.3269,16456
20533,35.2716,16465
21095,35.0617,16466
24375,35.0617,16466
24885,35.0617,16466
25487,35.0617,16466
27029,35.0617,16466
27160,35.0617,16466
27510,35.0617,16466
27679,35.0617,16466
15671,34.8628,16474
24043,34.5644,16475
24081,34.5644,16475
26168,34.5644,16475
26264,34.5644,16475
27072,34.5644,16475
27444,34.5644,16475
14715,34.5534,16481
14866,34.5534,16481
16183,34.5534,16481
16202,34.5534,16481
16330,34.5534,16481
16421,34.5534,16481
16545,34.5534,16481
16555,34.5534,16481
16557,34.5534,16481
16692,34.5534,16481
17084,34.5534,16481
17901,34.5534,16481
17992,34.5534,16481
18001,34.5534,16481
19250,34.5534,16481
19330,34.5534,16481
19342,34.5534,16481
19425,34.5534,16481
19498,34.5534,16481
19523,34.5534,16481
19914,34.5534,16481
20058,34.5534,16481
20578,34.5534,16481
20593,34.5534,16481
21840,34.5534,16481
28572,34.5534,16481
28637,34.5534,16481
28680,34.5534,16481
28791,34.5534,16481
28814,34.5534,16481
28815,34.5534,16481
28865,34.5534,16481
28987,34.5534,16481
28995,34.5534,16481
29024,34.5534,16481
29033,34.5534,16481
29046,34.5534,16481
29211,34.5534,16481
29244,34.5534,16481
12911,34.2219,16520
12951,34.2219,16520
13052,34.2219,16520
13146,34.2219,16520
13163,34.2219,16520
13211,34.2219,16520
13327,34.2219,16520
13339,34.2219,16520
13356,34.2219,16520
13376,34.2219,16520
13430,34.2219,16520
13471,34.2219,16520
13481,34.2219,16520
13652,34.2219,16520
13763,34.2219,16520
13843,34.2219,16520
13868,34.2219,16520
13934,34.2219,16520
13985,34.2219,16520
14093,34.2219,16520
14122,34.2219,16520
14250,34.2219,16520
14430,34.2219,16520
14444,34.2219,16520
15001,34.2219,16520
15245,34.2219,16520
15424,34.2219,16520
15813,34.2219,16520
15819,34.2219,16520
15821,34.2219,16520
16209,34.2219,16520
17330,34.2219,16520
18190,34.2219,16520
18197,34.2219,16520
18259,34.2219,16520
18274,34.2219,16520
18282,34.2219,16520
18291,34.2219,16520
20773,34.2219,16520
21742,34.2219,16520
22029,34.2219,16520
18793,33.6804,16561
20727,33.6804,16561
21070,33.6804,16561
21088,33.6804,16561
21123,33.6804,16561
22378,33.6804,16561
22489,33.6804,16561
22512,33.6804,16561
22562,33.6804,16561
24584,33.6804,16561
25521,33.6804,16561
25653,33.6804,16561
25671,33.6804,16561
25803,33.6804,16561
26450,33.6804,16561
26475,33.6804,16561
26476,33.6804,16561
26889,33.6804,16561
27000,33.6804,16561
27001,33.6804,16561
27394,33.6804,16561
27642,33.6804,16561
27732,33.6804,16561
27838,33.6804,16561
28056,33.6804,16561
28192,33.6804,16561
28235,33.6804,16561
28451,33.6804,16561
14821,33.139,16589
14865,33.139,16589
17737,33.139,16589
17822,33.139,16589
17826,33.139,16589
17899,33.139,16589
17931,33.139,16589
18624,33.139,16589
20140,33.139,16589
20174,33.139,16589
20428,33.139,16589
20805,33.139,16589
20965,33.139,16589
21221,33.139,16589
21391,33.139,16589
21392,33.139,16589
21526,33.139,16589
21529,33.139,16589
21551,33.139,16589
21871,33.139,16589
22077,33.139,16589
22081,33.139,16589
22086,33.139,16589
22123,33.139,16589
22237,33.139,16589
22244,33.139,16589
22277,33.139,16589
22279,33.139,16589
22376,33.139,16589
22546,33.139,16589
22720,33.139,16589
22726,33.139,16589
22736,33.139,16589
22740,33.139,16589
22750,33.139,16589
22764,33.139,16589
22766,33.139,16589
22769,33.139,16589
22774,33.139,16589
22779,33.139,16589
22838,33.139,16589
22863,33.139,16589
22883,33.139,16589
22980,33.139,16589
22990,33.139,16589
23025,33.139,16589
23030,33.139,16589
23043,33.139,16589
23052,33.139,16589
23054,33.139,16589
23061,33.139,16589
23064,33.139,16589
23076,33.139,16589
23092,33.139,16589
23124,33.139,16589
23131,33.139,16589
23201,33.139,16589
23207,33.139,16589
23212,33.139,16589
23286,33.139,16589
23299,33.139,16589
23337,33.139,16589
23360,33.139,16589
23400,33.139,16589
23402,33.139,16589
23406,33.139,16589
23464,33.139,16589
23466,33.139,16589
23467,33.139,16589
23469,33.139,16589
23481,33.139,16589
23482,33.139,16589
23497,33.139,16589
23512,33.139,16589
23556,33.139,16589
23561,33.139,16589
23594,33.139,16589
23638,33.139,16589
23669,33.139,16589
23672,33.139,16589
23675,33.139,16589
23677,33.139,16589
23678,33.139,16589
23685,33.139,16589
23687,33.139,16589
23691,33.139,16589
23698,33.139,16589
23700,33.139,16589
23710,33.139,16589
23717,33.139,16589
23808,33.139,16589
23809,33.139,16589
23814,33.139,16589
23817,33.139,16589
23839,33.139,16589
23891,33.139,16589
24259,33.139,16589
15026,33.128,16686
14977,33.1279,16687
14985,33.1279,16687
14994,33.1279,16687
16939,33.1279,16687
17746,33.1279,16687
17853,33.1279,16687
17884,33.1279,16687
17888,33.1279,16687
17895,33.1279,16687
18042,33.1279,16687
19074,33.1279,16687
19080,33.1279,16687
21544,33.1279,16687
24745,33.1279,16687
24750,33.1279,16687
25006,33.1279,16687
25337,33.1279,16687
25352,33.1279,16687
25852,33.1279,16687
25930,33.1279,16687
25967,33.1279,16687
25983,33.1279,16687
26063,33.1279,16687
26125,33.1279,16687
26196,33.1279,16687
26240,33.1279,16687
26278,33.1279,16687
26289,33.1279,16687
26337,33.1279,16687
26455,33.1279,16687
26492,33.1279,16687
26514,33.1279,16687
26519,33.1279,16687
26594,33.1279,16687
26677,33.1279,16687
26679,33.1279,16687
12443,33.0727,16723
12791,33.0727,16723
12877,33.0727,16723
13187,33.0727,16723
13266,33.0727,16723
13308,33.0727,16723
13310,33.0727,16723
13311,33.0727,16723
13924,33.0727,16723
14767,33.0727,16723
14935,33.0727,16723
14973,33.0727,16723
19044,33.0727,16723
19060,33.0727,16723
21345,33.0727,16723
12801,32.5754,16738
12814,32.5754,16738
13827,32.5754,16738
14142,32.5754,16738
14526,32.5754,16738
14958,32.5754,16738
17033,32.5754,16738
17179,32.5754,16738
17382,32.5754,16738
18348,32.5754,16738
18396,32.5754,16738
18546,32.5754,16738
18777,32.5754,16738
19189,32.5754,16738
19306,32.5754,16738
19372,32.5754,16738
19374,32.5754,16738
19376,32.5754,16738
19460,32.5754,16738
19462,32.5754,16738
21073,32.5754,16738
21097,32.5754,16738
22381,32.5754,16738
22390,32.5754,16738
22455,32.5754,16738
22533,32.5754,16738
22540,32.5754,16738
22550,32.5754,16738
22672,32.5754,16738
22820,32.5754,16738
22833,32.5754,16738
23424,32.5754,16738
23768,32.5754,16738
23769,32.5754,16738
23966,32.5754,16738
24095,32.5754,16738
24126,32.5754,16738
24154,32.5754,16738
24699,32.5754,16738
24715,32.5754,16738
24836,32.5754,16738
24840,32.5754,16738
24851,32.5754,16738
25570,32.5754,16738
26177,32.5754,16738
27033,32.5754,16738
27191,32.5754,16738
27942,32.5754,16738
27961,32.5754,16738
27978,32.5754,16738
27980,32.5754,16738
28015,32.5754,16738
28188,32.5754,16738
28256,32.5754,16738
28305,32.5754,16738
28322,32.5754,16738
28571,32.5754,16738
28716,32.5754,16738
28717,32.5754,16738
28900,32.5754,16738
28922,32.5754,16738
28933,32.5754,16738
29029,32.5754,16738
16306,32.332300000000004,16801
15855,32.3323,16802
17340,32.3323,16802
26527,32.3323,16802
11392,32.034,16805
11396,32.034,16805
22658,32.034,16805
22676,32.034,16805
22682,32.034,16805
22702,32.034,16805
22709,32.034,16805
23445,32.034,16805
23962,32.034,16805
24062,32.034,16805
26126,32.034,16805
26170,32.034,16805
26263,32.034,16805
26402,32.034,16805
26410,32.034,16805
26551,32.034,16805
26574,32.034,16805
26576,32.034,16805
26586,32.034,16805
26599,32.034,16805
26621,32.034,16805
26691,32.034,16805
26697,32.034,16805
26798,32.034,16805
26799,32.034,16805
26904,32.034,16805
26926,32.034,16805
26935,32.034,16805
26982,32.034,16805
27057,32.034,16805
27237,32.034,16805
27241,32.034,16805
27246,32.034,16805
27249,32.034,16805
27278,32.034,16805
27290,32.034,16805
27303,32.034,16805
27306,32.034,16805
27321,32.034,16805
27333,32.034,16805
27389,32.034,16805
27622,32.034,16805
27624,32.034,16805
27923,32.034,16805
28409,32.034,16805
28432,32.034,16805
28687,32.034,16805
29430,32.034,16805
29436,32.034,16805
16185,32.023,16854
13805,32.0229,16855
16315,32.0229,16855
16322,32.0229,16855
16440,32.0229,16855
16455,32.0229,16855
16544,32.0229,16855
17876,32.0229,16855
19259,32.0229,16855
19291,32.0229,16855
19331,32.0229,16855
19497,32.0229,16855
19913,32.0229,16855
19936,32.0229,16855
20133,32.0229,16855
20568,32.0229,16855
21864,32.0229,16855
24724,32.0229,16855
27217,32.0229,16855
28760,32.0229,16855
28860,32.0229,16855
28861,32.0229,16855
28864,32.0229,16855
28868,32.0229,16855
28984,32.0229,16855
28998,32.0229,16855
29009,32.0229,16855
29035,32.0229,16855
29127,32.0229,16855
29177,32.0229,16855
29205,32.0229,16855
29234,32.0229,16855
14615,32.0008,16886
14622,32.0008,16886
23229,31.4704,16888
23637,31.4704,16888
23915,31.4704,16888
26846,31.4704,16888
27177,31.4704,16888
27225,31.4704,16888
29093,31.4704,16888
28249,30.8958,16895
16716,30.8516,16896
28261,30.8516,16896
17907,30.6859,16898
18013,30.6859,16898
18333,30.6859,16898
18895,30.6859,16898
19347,30.6859,16898
20262,30.6859,16898
21084,30.6859,16898
21125,30.6859,16898
21911,30.6859,16898
22379,30.6859,16898
22397,30.6859,16898
24280,30.6859,16898
24373,30.6859,16898
24571,30.6859,16898
24578,30.6859,16898
24849,30.6859,16898
24856,30.6859,16898
24863,30.6859,16898
24866,30.6859,16898
24875,30.6859,16898
25212,30.6859,16898
25246,30.6859,16898
25472,30.6859,16898
25533,30.6859,16898
25664,30.6859,16898
25680,30.6859,16898
25691,30.6859,16898
25787,30.6859,16898
26144,30.6859,16898
26790,30.6859,16898
26821,30.6859,16898
26845,30.6859,16898
26912,30.6859,16898
27398,30.6859,16898
27432,30.6859,16898
27433,30.6859,16898
27438,30.6859,16898
27442,30.6859,16898
27478,30.6859,16898
27507,30.6859,16898
27548,30.6859,16898
27566,30.6859,16898
27658,30.6859,16898
27675,30.6859,16898
27828,30.6859,16898
27831,30.6859,16898
27843,30.6859,16898
27848,30.6859,16898
28049,30.6859,16898
28229,30.6859,16898
28745,30.6859,16898
28914,30.6859,16898
29386,30.6859,16898
29416,30.6859,16898
13688,30.1444,16952
13804,30.1444,16952
15609,30.1444,16952
15613,30.1444,16952
15616,30.1444,16952
16056,30.1444,16952
16265,30.1444,16952
16319,30.1444,16952
16418,30.1444,16952
16419,30.1444,16952
16472,30.1444,16952
16510,30.1444,16952
16536,30.1444,16952
17774,30.1444,16952
17951,30.1444,16952
17970,30.1444,16952
17994,30.1444,16952
17995,30.1444,16952
18002,30.1444,16952
19190,30.1444,16952
19251,30.1444,16952
19328,30.1444,16952
19392,30.1444,16952
19898,30.1444,16952
19900,30.1444,16952
20136,30.1444,16952
20566,30.1444,16952
20588,30.1444,16952
20806,30.1444,16952
21824,30.1444,16952
22794,30.1444,16952
24928,30.1444,16952
24953,30.1444,16952
25007,30.1444,16952
25208,30.1444,16952
25338,30.1444,16952
25353,30.1444,16952
25356,30.1444,16952
25358,30.1444,16952
25834,30.1444,16952
25835,30.1444,16952
25842,30.1444,16952
25843,30.1444,16952
25848,30.1444,16952
25853,30.1444,16952
25854,30.1444,16952
25860,30.1444,16952
25908,30.1444,16952
25929,30.1444,16952
25931,30.1444,16952
25954,30.1444,16952
25959,30.1444,16952
25966,30.1444,16952
26039,30.1444,16952
26045,30.1444,16952
26053,30.1444,16952
26171,30.1444,16952
26172,30.1444,16952
26195,30.1444,16952
26198,30.1444,16952
26237,30.1444,16952
26243,30.1444,16952
26246,30.1444,16952
26275,30.1444,16952
26284,30.1444,16952
26288,30.1444,16952
26323,30.1444,16952
26334,30.1444,16952
26336,30.1444,16952
26349,30.1444,16952
26451,30.1444,16952
26454,30.1444,16952
26462,30.1444,16952
26463,30.1444,16952
26465,30.1444,16952
26468,30.1444,16952
26494,30.1444,16952
26502,30.1444,16952
26507,30.1444,16952
26524,30.1444,16952
26531,30.1444,16952
26542,30.1444,16952
26555,30.1444,16952
26593,30.1444,16952
26605,30.1444,16952
26648,30.1444,16952
28623,30.1444,16952
28642,30.1444,16952
28679,30.1444,16952
28762,30.1444,16952
28764,30.1444,16952
28801,30.1444,16952
28803,30.1444,16952
28816,30.1444,16952
28971,30.1444,16952
28981,30.1444,16952
28982,30.1444,16952
29025,30.1444,16952
29172,30.1444,16952
29173,30.1444,16952
29210,30.1444,16952
29219,30.1444,16952
29224,30.1444,16952
29235,30.1444,16952
29245,30.1444,16952
29248,30.1444,16952
14638,29.8019,17058
14916,29.8019,17058
15013,29.8019,17058
15522,29.8019,17058
15911,29.8019,17058
16143,29.8019,17058
16191,29.8019,17058
16251,29.8019,17058
16369,29.8019,17058
17336,29.8019,17058
21227,29.8019,17058
23716,29.8019,17058
24599,29.8019,17058
25813,29.8019,17058
18304,29.3489,17072
11469,28.1554,17073
17905,28.1554,17073
18012,28.1554,17073
18444,28.1554,17073
18450,28.1554,17073
21005,28.1554,17073
21112,28.1554,17073
21119,28.1554,17073
22394,28.1554,17073
22425,28.1554,17073
22534,28.1554,17073
22561,28.1554,17073
24844,28.1554,17073
24855,28.1554,17073
25031,28.1554,17073
25144,28.1554,17073
25267,28.1554,17073
25296,28.1554,17073
25318,28.1554,17073
25524,28.1554,17073
25771,28.1554,17073
25789,28.1554,17073
26395,28.1554,17073
26483,28.1554,17073
26736,28.1554,17073
26776,28.1554,17073
26779,28.1554,17073
26791,28.1554,17073
26989,28.1554,17073
27178,28.1554,17073
27476,28.1554,17073
27505,28.1554,17073
27533,28.1554,17073
27740,28.1554,17073
27753,28.1554,17073
27794,28.1554,17073
27827,28.1554,17073
27911,28.1554,17073
28033,28.1554,17073
28054,28.1554,17073
28081,28.1554,17073
28230,28.1554,17073
29426,28.1554,17073
29437,28.1554,17073
29444,28.1554,17073
29451,28.1554,17073
20521,27.8681,17119
20769,27.8681,17119
12847,27.614,17121
13692,27.614,17121
14706,27.614,17121
14987,27.614,17121
15060,27.614,17121
15066,27.614,17121
15447,27.614,17121
15452,27.614,17121
15618,27.614,17121
15654,27.614,17121
16042,27.614,17121
16254,27.614,17121
16302,27.614,17121
16323,27.614,17121
16326,27.614,17121
16438,27.614,17121
16439,27.614,17121
16441,27.614,17121
16458,27.614,17121
16473,27.614,17121
16474,27.614,17121
16537,27.614,17121
16558,27.614,17121
17088,27.614,17121
17108,27.614,17121
17640,27.614,17121
17738,27.614,17121
17783,27.614,17121
17832,27.614,17121
17845,27.614,17121
17857,27.614,17121
17875,27.614,17121
18017,27.614,17121
18031,27.614,17121
18033,27.614,17121
18036,27.614,17121
18629,27.614,17121
18631,27.614,17121
19043,27.614,17121
19053,27.614,17121
19079,27.614,17121
19175,27.614,17121
19178,27.614,17121
19184,27.614,17121
19247,27.614,17121
19262,27.614,17121
19355,27.614,17121
19378,27.614,17121
19461,27.614,17121
19513,27.614,17121
19923,27.614,17121
19932,27.614,17121
20179,27.614,17121
20550,27.614,17121
20571,27.614,17121
20579,27.614,17121
20586,27.614,17121
20721,27.614,17121
20724,27.614,17121
20804,27.614,17121
21507,27.614,17121
21512,27.614,17121
21841,27.614,17121
21854,27.614,17121
21856,27.614,17121
22324,27.614,17121
22798,27.614,17121
25004,27.614,17121
25206,27.614,17121
25336,27.614,17121
25342,27.614,17121
25343,27.614,17121
25345,27.614,17121
25354,27.614,17121
25359,27.614,17121
25837,27.614,17121
25844,27.614,17121
25847,27.614,17121
25851,27.614,17121
25881,27.614,17121
25890,27.614,17121
25893,27.614,17121
25956,27.614,17121
25963,27.614,17121
25968,27.614,17121
26006,27.614,17121
26007,27.614,17121
26010,27.614,17121
26052,27.614,17121
26054,27.614,17121
26068,27.614,17121
26072,27.614,17121
26080,27.614,17121
26101,27.614,17121
26199,27.614,17121
26341,27.614,17121
26347,27.614,17121
26460,27.614,17121
26466,27.614,17121
26471,27.614,17121
26489,27.614,17121
26500,27.614,17121
26517,27.614,17121
26522,27.614,17121
26541,27.614,17121
26595,27.614,17121
26685,27.614,17121
26687,27.614,17121
27936,27.614,17121
28681,27.614,17121
28793,27.614,17121
28800,27.614,17121
28808,27.614,17121
28809,27.614,17121
28812,27.614,17121
28862,27.614,17121
28973,27.614,17121
28974,27.614,17121
28994,27.614,17121
29007,27.614,17121
29015,27.614,17121
29026,27.614,17121
29129,27.614,17121
29171,27.614,17121
29220,27.614,17121
29228,27.614,17121
29241,27.614,17121
29249,27.614,17121
29767,27.4401,17249
12457,26.8184,17250
12790,26.8184,17250
13200,26.8184,17250
13365,26.8184,17250
13379,26.8184,17250
13421,26.8184,17250
13752,26.8184,17250
13832,26.8184,17250
13875,26.8184,17250
13950,26.8184,17250
14145,26.8184,17250
14372,26.8184,17250
15065,26.8184,17250
15839,26.8184,17250
17190,26.8184,17250
18142,26.8184,17250
18298,26.8184,17250
18712,26.8184,17250
18714,26.8184,17250
18733,26.8184,17250
18734,26.8184,17250
18742,26.8184,17250
19088,26.8184,17250
19091,26.8184,17250
19097,26.8184,17250
21581,26.8184,17250
22079,26.8184,17250
22177,26.8184,17250
12604,26.4869,17278
20391,26.4869,17278
20491,26.4869,17278
20493,26.4869,17278
20534,26.4869,17278
20536,26.4869,17278
20537,26.4869,17278
20698,26.4869,17278
20733,26.4869,17278
20738,26.4869,17278
21290,26.4869,17278
21304,26.4869,17278
21307,26.4869,17278
21319,26.4869,17278
21338,26.4869,17278
21398,26.4869,17278
21451,26.4869,17278
21463,26.4869,17278
21467,26.4869,17278
21477,26.4869,17278
21495,26.4869,17278
21592,26.4869,17278
21687,26.4869,17278
21770,26.4869,17278
21772,26.4869,17278
21776,26.4869,17278
21799,26.4869,17278
21902,26.4869,17278
22021,26.4869,17278
22024,26.4869,17278
22047,26.4869,17278
22055,26.4869,17278
22068,26.4869,17278
23263,26.4869,17278
23519,26.4869,17278
24276,26.4869,17278
24483,26.4869,17278
25019,26.4869,17278
28779,26.4869,17278
28944,26.4869,17278
28946,26.4869,17278
29123,26.4869,17278
29189,26.4869,17278
29282,26.4869,17278
29304,26.4869,17278
29320,26.4869,17278
17731,26.2769,17324
18796,26.2769,17324
19350,26.2769,17324
19478,26.2769,17324
20454,26.2769,17324
20455,26.2769,17324
20603,26.2769,17324
20607,26.2769,17324
21045,26.2769,17324
21077,26.2769,17324
21078,26.2769,17324
21113,26.2769,17324
21676,26.2769,17324
22413,26.2769,17324
22420,26.2769,17324
22435,26.2769,17324
22485,26.2769,17324
22499,26.2769,17324
22513,26.2769,17324
22529,26.2769,17324
22542,26.2769,17324
22567,26.2769,17324
24696,26.2769,17324
24838,26.2769,17324
24842,26.2769,17324
24846,26.2769,17324
24854,26.2769,17324
24872,26.2769,17324
24878,26.2769,17324
24882,26.2769,17324
24884,26.2769,17324
24893,26.2769,17324
25028,26.2769,17324
25145,26.2769,17324
25210,26.2769,17324
25220,26.2769,17324
25269,26.2769,17324
25297,26.2769,17324
25530,26.2769,17324
25629,26.2769,17324
25667,26.2769,17324
25684,26.2769,17324
25754,26.2769,17324
25794,26.2769,17324
25806,26.2769,17324
26031,26.2769,17324
26212,26.2769,17324
26271,26.2769,17324
26358,26.2769,17324
26370,26.2769,17324
26385,26.2769,17324
26431,26.2769,17324
26480,26.2769,17324
26565,26.2769,17324
26851,26.2769,17324
26872,26.2769,17324
26874,26.2769,17324
26880,26.2769,17324
26894,26.2769,17324
26899,26.2769,17324
26969,26.2769,17324
26980,26.2769,17324
26990,26.2769,17324
27025,26.2769,17324
27172,26.2769,17324
27392,26.2769,17324
27410,26.2769,17324
27411,26.2769,17324
27426,26.2769,17324
27443,26.2769,17324
27463,26.2769,17324
27477,26.2769,17324
27479,26.2769,17324
27526,26.2769,17324
27532,26.2769,17324
27600,26.2769,17324
27644,26.2769,17324
27648,26.2769,17324
27650,26.2769,17324
27661,26.2769,17324
27674,26.2769,17324
27682,26.2769,17324
27737,26.2769,17324
27741,26.2769,17324
27748,26.2769,17324
27750,26.2769,17324
27754,26.2769,17324
27813,26.2769,17324
27826,26.2769,17324
27842,26.2769,17324
27847,26.2769,17324
27855,26.2769,17324
28231,26.2769,17324
28392,26.2769,17324
28408,26.2769,17324
28413,26.2769,17324
28561,26.2769,17324
28730,26.2769,17324
28746,26.2769,17324
28748,26.2769,17324
28753,26.2769,17324
28903,26.2769,17324
28907,26.2769,17324
28913,26.2769,17324
28918,26.2769,17324
29379,26.2769,17324
29383,26.2769,17324
29384,26.2769,17324
29393,26.2769,17324
29425,26.2769,17324
29439,26.2769,17324
29447,26.2769,17324
29471,26.2769,17324
19524,25.6581,17437
11354,25.3819,17438
20389,25.3377,17439
20464,25.3377,17439
20761,25.3377,17439
20774,25.3377,17439
20776,25.3377,17439
21245,25.3377,17439
21340,25.3377,17439
21444,25.3377,17439
21500,25.3377,17439
21718,25.3377,17439
21771,25.3377,17439
22069,25.3377,17439
23277,25.3377,17439
24267,25.3377,17439
27888,25.3377,17439
29302,25.3377,17439
27633,24.5973,17455
12445,24.2879,17456
12453,24.2879,17456
12455,24.2879,17456
12456,24.2879,17456
12531,24.2879,17456
12759,24.2879,17456
12775,24.2879,17456
12786,24.2879,17456
12794,24.2879,17456
12887,24.2879,17456
12889,24.2879,17456
12891,24.2879,17456
12900,24.2879,17456
12906,24.2879,17456
12925,24.2879,17456
12967,24.2879,17456
12968,24.2879,17456
12971,24.2879,17456
12976,24.2879,17456
13031,24.2879,17456
13073,24.2879,17456
13097,24.2879,17456
13186,24.2879,17456
13213,24.2879,17456
13219,24.2879,17456
13229,24.2879,17456
13232,24.2879,17456
13236,24.2879,17456
13240,24.2879,17456
13275,24.2879,17456
13276,24.2879,17456
13281,24.2879,17456
13293,24.2879,17456
13296,24.2879,17456
13297,24.2879,17456
13309,24.2879,17456
13320,24.2879,17456
13333,24.2879,17456
13349,24.2879,17456
13395,24.2879,17456
13448,24.2879,17456
13451,24.2879,17456
13467,24.2879,17456
13655,24.2879,17456
13731,24.2879,17456
13738,24.2879,17456
13749,24.2879,17456
13834,24.2879,17456
13859,24.2879,17456
13861,24.2879,17456
13864,24.2879,17456
13869,24.2879,17456
13876,24.2879,17456
13879,24.2879,17456
13888,24.2879,17456
13893,24.2879,17456
13899,24.2879,17456
13900,24.2879,17456
13902,24.2879,17456
13931,24.2879,17456
13932,24.2879,17456
13946,24.2879,17456
14021,24.2879,17456
14027,24.2879,17456
14042,24.2879,17456
14082,24.2879,17456
14094,24.2879,17456
14113,24.2879,17456
14271,24.2879,17456
14340,24.2879,17456
14391,24.2879,17456
14431,24.2879,17456
14432,24.2879,17456
14437,24.2879,17456
14443,24.2879,17456
14462,24.2879,17456
14532,24.2879,17456
14873,24.2879,17456
14889,24.2879,17456
14890,24.2879,17456
14996,24.2879,17456
15246,24.2879,17456
15259,24.2879,17456
15519,24.2879,17456
17200,24.2879,17456
17201,24.2879,17456
17223,24.2879,17456
17727,24.2879,17456
18159,24.2879,17456
19054,24.2879,17456
19827,24.2879,17456
19828,24.2879,17456
19847,24.2879,17456
20508,24.2879,17456
20632,24.2879,17456
21447,24.2879,17456
22179,24.2879,17456
22265,24.2879,17456
22923,24.2879,17456
23521,24.2879,17456
23570,24.2879,17456
25244,24.2327,17557
11553,23.7465,17558
11556,23.7465,17558
11557,23.7465,17558
11558,23.7465,17558
17906,23.7465,17558
18310,23.7465,17558
18367,23.7465,17558
18445,23.7465,17558
18446,23.7465,17558
18447,23.7465,17558
19346,23.7465,17558
19348,23.7465,17558
20065,23.7465,17558
20237,23.7465,17558
20257,23.7465,17558
20263,23.7465,17558
20268,23.7465,17558
20453,23.7465,17558
20460,23.7465,17558
20618,23.7465,17558
21081,23.7465,17558
21099,23.7465,17558
21121,23.7465,17558
21132,23.7465,17558
21133,23.7465,17558
21662,23.7465,17558
21677,23.7465,17558
22303,23.7465,17558
22417,23.7465,17558
22538,23.7465,17558
22552,23.7465,17558
24374,23.7465,17558
24454,23.7465,17558
24456,23.7465,17558
24704,23.7465,17558
24848,23.7465,17558
24867,23.7465,17558
24874,23.7465,17558
24879,23.7465,17558
25140,23.7465,17558
25509,23.7465,17558
25516,23.7465,17558
25529,23.7465,17558
25536,23.7465,17558
25541,23.7465,17558
25645,23.7465,17558
25685,23.7465,17558
25797,23.7465,17558
25809,23.7465,17558
26030,23.7465,17558
26034,23.7465,17558
26129,23.7465,17558
26130,23.7465,17558
26267,23.7465,17558
26274,23.7465,17558
26393,23.7465,17558
26448,23.7465,17558
26544,23.7465,17558
26857,23.7465,17558
26878,23.7465,17558
26981,23.7465,17558
27003,23.7465,17558
27030,23.7465,17558
27176,23.7465,17558
27417,23.7465,17558
27503,23.7465,17558
27567,23.7465,17558
27639,23.7465,17558
27647,23.7465,17558
27654,23.7465,17558
27655,23.7465,17558
27660,23.7465,17558
27665,23.7465,17558
27742,23.7465,17558
27749,23.7465,17558
27832,23.7465,17558
27833,23.7465,17558
27905,23.7465,17558
28050,23.7465,17558
28057,23.7465,17558
28058,23.7465,17558
28077,23.7465,17558
28228,23.7465,17558
28233,23.7465,17558
28238,23.7465,17558
28448,23.7465,17558
28459,23.7465,17558
28463,23.7465,17558
28473,23.7465,17558
28552,23.7465,17558
28892,23.7465,17558
28896,23.7465,17558
29376,23.7465,17558
29387,23.7465,17558
29423,23.7465,17558
29427,23.7465,17558
28124,23.4923,17654
14556,22.0669,17655
25644,20.9619,17656
27203,20.9619,17656
27853,20.9619,17656
28218,20.9619,17656
20467,19.0834,17660
21351,19.0834,17660
21578,19.0834,17660
21627,19.0834,17660
21730,19.0834,17660
21787,19.0834,17660
21811,19.0834,17660
24245,19.0834,17660
29116,19.0834,17660
13663,16.8292,17669
13682,16.8292,17669
14401,16.8292,17669
14499,16.8292,17669
14923,16.8292,17669
15301,16.8292,17669
15305,16.8292,17669
15405,16.8292,17669
15775,16.8292,17669
15875,16.8292,17669
16214,16.8292,17669
16374,16.8292,17669
18312,16.8292,17669
20781,16.8292,17669
21373,16.8292,17669
23078,16.8292,17669
23315,16.8292,17669
24141,16.8292,17669
24228,16.8292,17669
24659,16.8292,17669
24720,16.8292,17669
24896,16.8292,17669
25066,16.8292,17669
26095,16.8292,17669
26996,16.8292,17669
27588,16.8292,17669
27941,16.8292,17669
28089,16.8292,17669
28144,16.8292,17669
28893,16.8292,17669
28930,16.8292,17669
29176,16.8292,17669
11589,16.5529,17701
12558,16.5529,17701
12616,16.5529,17701
12628,16.5529,17701
12662,16.5529,17701
12719,16.5529,17701
12721,16.5529,17701
12724,16.5529,17701
12727,16.5529,17701
12732,16.5529,17701
12798,16.5529,17701
13410,16.5529,17701
13588,16.5529,17701
20390,16.5529,17701
20393,16.5529,17701
20409,16.5529,17701
20431,16.5529,17701
20432,16.5529,17701
20439,16.5529,17701
20466,16.5529,17701
20473,16.5529,17701
20475,16.5529,17701
20485,16.5529,17701
20488,16.5529,17701
20494,16.5529,17701
20503,16.5529,17701
20511,16.5529,17701
20516,16.5529,17701
20520,16.5529,17701
20523,16.5529,17701
20535,16.5529,17701
20539,16.5529,17701
20636,16.5529,17701
20643,16.5529,17701
20676,16.5529,17701
20695,16.5529,17701
20766,16.5529,17701
20779,16.5529,17701
20786,16.5529,17701
20790,16.5529,17701
21140,16.5529,17701
21243,16.5529,17701
21247,16.5529,17701
21250,16.5529,17701
21260,16.5529,17701
21273,16.5529,17701
21278,16.5529,17701
21285,16.5529,17701
21288,16.5529,17701
21292,16.5529,17701
21301,16.5529,17701
21322,16.5529,17701
21341,16.5529,17701
21346,16.5529,17701
21368,16.5529,17701
21413,16.5529,17701
21414,16.5529,17701
21432,16.5529,17701
21442,16.5529,17701
21449,16.5529,17701
21455,16.5529,17701
21459,16.5529,17701
21460,16.5529,17701
21492,16.5529,17701
21496,16.5529,17701
21579,16.5529,17701
21612,16.5529,17701
21617,16.5529,17701
21630,16.5529,17701
21632,16.5529,17701
21636,16.5529,17701
21657,16.5529,17701
21688,16.5529,17701
21689,16.5529,17701
21692,16.5529,17701
21697,16.5529,17701
21698,16.5529,17701
21707,16.5529,17701
21713,16.5529,17701
21715,16.5529,17701
21716,16.5529,17701
21720,16.5529,17701
21721,16.5529,17701
21722,16.5529,17701
21724,16.5529,17701
21731,16.5529,17701
21733,16.5529,17701
21734,16.5529,17701
21754,16.5529,17701
21755,16.5529,17701
21758,16.5529,17701
21773,16.5529,17701
21778,16.5529,17701
21779,16.5529,17701
21789,16.5529,17701
21804,16.5529,17701
21806,16.5529,17701
21814,16.5529,17701
21901,16.5529,17701
21905,16.5529,17701
21906,16.5529,17701
21907,16.5529,17701
21938,16.5529,17701
22012,16.5529,17701
22025,16.5529,17701
22034,16.5529,17701
22049,16.5529,17701
22052,16.5529,17701
22070,16.5529,17701
22331,16.5529,17701
22339,16.5529,17701
22340,16.5529,17701
22348,16.5529,17701
22350,16.5529,17701
23007,16.5529,17701
23011,16.5529,17701
23190,16.5529,17701
23252,16.5529,17701
23258,16.5529,17701
23280,16.5529,17701
23379,16.5529,17701
24269,16.5529,17701
24495,16.5529,17701
25009,16.5529,17701
25017,16.5529,17701
28939,16.5529,17701
28947,16.5529,17701
28955,16.5529,17701
28956,16.5529,17701
28958,16.5529,17701
28959,16.5529,17701
29305,16.5529,17701
29307,16.5529,17701
16453,16.0888,17834
16932,16.0888,17834
17652,15.7242,17836
20797,15.7242,17836
22830,15.7242,17836
26543,15.7242,17836
29125,15.7242,17836
12327,15.448,17841
12646,15.448,17841
11347,15.4479,17843
11352,15.4479,17843
11355,15.4479,17843
11375,15.4479,17843
11385,15.4479,17843
11393,15.4479,17843
11399,15.4479,17843
11415,15.4479,17843
11495,15.4479,17843
13566,15.4479,17843
15275,15.4479,17843
15869,15.4479,17843
16119,15.4479,17843
16134,15.4479,17843
16234,15.4479,17843
16249,15.4479,17843
16294,15.4479,17843
16377,15.4479,17843
16378,15.4479,17843
16651,15.4479,17843
16676,15.4479,17843
16677,15.4479,17843
16718,15.4479,17843
16725,15.4479,17843
16773,15.4479,17843
16802,15.4479,17843
16808,15.4479,17843
16809,15.4479,17843
16813,15.4479,17843
16838,15.4479,17843
16856,15.4479,17843
16861,15.4479,17843
16913,15.4479,17843
16953,15.4479,17843
16962,15.4479,17843
16985,15.4479,17843
17031,15.4479,17843
17145,15.4479,17843
17155,15.4479,17843
17170,15.4479,17843
17177,15.4479,17843
17178,15.4479,17843
17274,15.4479,17843
17356,15.4479,17843
17392,15.4479,17843
17447,15.4479,17843
17529,15.4479,17843
17531,15.4479,17843
17540,15.4479,17843
17562,15.4479,17843
17588,15.4479,17843
17599,15.4479,17843
17692,15.4479,17843
17693,15.4479,17843
18073,15.4479,17843
18087,15.4479,17843
18093,15.4479,17843
18104,15.4479,17843
18107,15.4479,17843
18115,15.4479,17843
18117,15.4479,17843
18119,15.4479,17843
18311,15.4479,17843
18327,15.4479,17843
18339,15.4479,17843
18346,15.4479,17843
18383,15.4479,17843
18477,15.4479,17843
18505,15.4479,17843
18572,15.4479,17843
18652,15.4479,17843
18663,15.4479,17843
18664,15.4479,17843
18761,15.4479,17843
19272,15.4479,17843
19275,15.4479,17843
19352,15.4479,17843
19358,15.4479,17843
19656,15.4479,17843
19906,15.4479,17843
20094,15.4479,17843
20153,15.4479,17843
20415,15.4479,17843
20939,15.4479,17843
21091,15.4479,17843
21096,15.4479,17843
21843,15.4479,17843
21862,15.4479,17843
21867,15.4479,17843
22317,15.4479,17843
22325,15.4479,17843
22474,15.4479,17843
22537,15.4479,17843
22832,15.4479,17843
22915,15.4479,17843
22955,15.4479,17843
23014,15.4479,17843
23122,15.4479,17843
23312,15.4479,17843
23642,15.4479,17843
23646,15.4479,17843
23681,15.4479,17843
23767,15.4479,17843
23827,15.4479,17843
24020,15.4479,17843
24035,15.4479,17843
24119,15.4479,17843
24125,15.4479,17843
24131,15.4479,17843
24145,15.4479,17843
24230,15.4479,17843
24255,15.4479,17843
24363,15.4479,17843
24379,15.4479,17843
24473,15.4479,17843
24488,15.4479,17843
24568,15.4479,17843
24588,15.4479,17843
24625,15.4479,17843
24637,15.4479,17843
24746,15.4479,17843
25062,15.4479,17843
25142,15.4479,17843
25188,15.4479,17843
25437,15.4479,17843
25496,15.4479,17843
25542,15.4479,17843
25799,15.4479,17843
25845,15.4479,17843
25925,15.4479,17843
26215,15.4479,17843
26269,15.4479,17843
26318,15.4479,17843
26474,15.4479,17843
27209,15.4479,17843
27230,15.4479,17843
27593,15.4479,17843
27834,15.4479,17843
28126,15.4479,17843
28143,15.4479,17843
28220,15.4479,17843
28253,15.4479,17843
28269,15.4479,17843
28350,15.4479,17843
28361,15.4479,17843
28536,15.4479,17843
28787,15.4479,17843
28895,15.4479,17843
28905,15.4479,17843
29020,15.4479,17843
29259,15.4479,17843
29286,15.4479,17843
29395,15.4479,17843
20041,14.3429,17996
22563,14.3429,17996
22677,14.3429,17996
22815,14.3429,17996
22834,14.3429,17996
23609,14.3429,17996
24042,14.3429,17996
24117,14.3429,17996
25687,14.3429,17996
26844,14.3429,17996
26896,14.3429,17996
27729,14.3429,17996
27945,14.3429,17996
28877,14.3429,17996
29251,14.3429,17996
14876,14.2987,18011
14918,14.2987,18011
15202,14.2987,18011
15744,14.2987,18011
16238,14.2987,18011
16246,14.2987,18011
16280,14.2987,18011
17032,14.2987,18011
17151,14.2987,18011
17152,14.2987,18011
17164,14.2987,18011
17396,14.2987,18011
17490,14.2987,18011
17506,14.2987,18011
17527,14.2987,18011
18110,14.2987,18011
18180,14.2987,18011
18321,14.2987,18011
18374,14.2987,18011
18380,14.2987,18011
18408,14.2987,18011
18456,14.2987,18011
18667,14.2987,18011
19179,14.2987,18011
19764,14.2987,18011
20498,14.2987,18011
21826,14.2987,18011
22219,14.2987,18011
22454,14.2987,18011
22945,14.2987,18011
23013,14.2987,18011
23086,14.2987,18011
23455,14.2987,18011
23543,14.2987,18011
23647,14.2987,18011
24071,14.2987,18011
24188,14.2987,18011
24472,14.2987,18011
24621,14.2987,18011
25232,14.2987,18011
27037,14.2987,18011
27717,14.2987,18011
27933,14.2987,18011
28074,14.2987,18011
28106,14.2987,18011
28128,14.2987,18011
28858,14.2987,18011
28889,14.2987,18011
16467,13.558399999999999,18059
20827,13.1937,18060
24148,13.1937,18060
27222,13.1937,18060
27337,13.1937,18060
27465,13.1937,18060
28884,13.1937,18060
29160,13.1937,18060
29270,13.1937,18060
28330,11.3152,18068
12553,11.039,18069
12605,11.039,18069
13596,11.039,18069
20388,11.039,18069
20440,11.039,18069
20449,11.039,18069
20487,11.039,18069
20509,11.039,18069
20512,11.039,18069
20540,11.039,18069
20634,11.039,18069
20637,11.039,18069
20681,11.039,18069
20687,11.039,18069
20732,11.039,18069
20775,11.039,18069
20777,11.039,18069
20780,11.039,18069
20784,11.039,18069
20788,11.039,18069
20791,11.039,18069
21294,11.039,18069
21314,11.039,18069
21358,11.039,18069
21399,11.039,18069
21425,11.039,18069
21454,11.039,18069
21481,11.039,18069
21623,11.039,18069
21639,11.039,18069
21686,11.039,18069
21934,11.039,18069
22009,11.039,18069
22053,11.039,18069
22352,11.039,18069
22355,11.039,18069
23254,11.039,18069
23278,11.039,18069
24246,11.039,18069
24253,11.039,18069
24277,11.039,18069
24494,11.039,18069
28938,11.039,18069
28942,11.039,18069
28951,11.039,18069
29117,11.039,18069
16402,11.028,18115
11584,9.934,18116
11586,9.934,18116
12478,9.934,18116
12481,9.934,18116
12488,9.934,18116
12507,9.934,18116
12511,9.934,18116
12512,9.934,18116
12514,9.934,18116
12515,9.934,18116
12516,9.934,18116
12517,9.934,18116
12518,9.934,18116
12524,9.934,18116
12534,9.934,18116
12535,9.934,18116
12536,9.934,18116
12537,9.934,18116
12538,9.934,18116
12539,9.934,18116
12541,9.934,18116
12542,9.934,18116
12543,9.934,18116
12544,9.934,18116
12552,9.934,18116
12556,9.934,18116
12641,9.934,18116
12642,9.934,18116
12649,9.934,18116
12651,9.934,18116
12656,9.934,18116
28610,9.934,18116
28611,9.934,18116
28612,9.934,18116
28613,9.934,18116
28614,9.934,18116
28615,9.934,18116
28788,9.934,18116
28967,9.934,18116
29057,9.934,18116
28596,8.7848,18156
28597,8.7848,18156
28599,8.7848,18156
28601,8.7848,18156
28603,8.7848,18156
28604,8.7848,18156
28605,8.7848,18156
28606,8.7848,18156
28607,8.7848,18156
28780,8.7848,18156
28789,8.7848,18156
12810,8.0444,18167
12815,8.0444,18167
13532,8.0444,18167
13797,8.0444,18167
14389,8.0444,18167
14403,8.0444,18167
14465,8.0444,18167
14468,8.0444,18167
14474,8.0444,18167
14475,8.0444,18167
14476,8.0444,18167
14492,8.0444,18167
14562,8.0444,18167
14569,8.0444,18167
14587,8.0444,18167
14593,8.0444,18167
14625,8.0444,18167
14627,8.0444,18167
14642,8.0444,18167
14644,8.0444,18167
14654,8.0444,18167
14742,8.0444,18167
14751,8.0444,18167
14759,8.0444,18167
14764,8.0444,18167
14780,8.0444,18167
14845,8.0444,18167
14901,8.0444,18167
14919,8.0444,18167
14921,8.0444,18167
15159,8.0444,18167
15161,8.0444,18167
15163,8.0444,18167
15177,8.0444,18167
15198,8.0444,18167
15247,8.0444,18167
15269,8.0444,18167
15282,8.0444,18167
15295,8.0444,18167
15296,8.0444,18167
15298,8.0444,18167
15299,8.0444,18167
15313,8.0444,18167
15316,8.0444,18167
15319,8.0444,18167
15331,8.0444,18167
15336,8.0444,18167
15368,8.0444,18167
15370,8.0444,18167
15384,8.0444,18167
15385,8.0444,18167
15393,8.0444,18167
15406,8.0444,18167
15431,8.0444,18167
15443,8.0444,18167
15476,8.0444,18167
15477,8.0444,18167
15505,8.0444,18167
15515,8.0444,18167
15516,8.0444,18167
15524,8.0444,18167
15749,8.0444,18167
15782,8.0444,18167
15836,8.0444,18167
15849,8.0444,18167
15858,8.0444,18167
15861,8.0444,18167
15867,8.0444,18167
15870,8.0444,18167
15896,8.0444,18167
15898,8.0444,18167
15935,8.0444,18167
15938,8.0444,18167
15940,8.0444,18167
15945,8.0444,18167
15947,8.0444,18167
15950,8.0444,18167
15978,8.0444,18167
16001,8.0444,18167
16010,8.0444,18167
16014,8.0444,18167
16034,8.0444,18167
16060,8.0444,18167
16062,8.0444,18167
16064,8.0444,18167
16075,8.0444,18167
16076,8.0444,18167
16088,8.0444,18167
16092,8.0444,18167
16115,8.0444,18167
16120,8.0444,18167
16242,8.0444,18167
16276,8.0444,18167
16284,8.0444,18167
16337,8.0444,18167
16356,8.0444,18167
16359,8.0444,18167
16376,8.0444,18167
16384,8.0444,18167
16648,8.0444,18167
16672,8.0444,18167
16715,8.0444,18167
16723,8.0444,18167
16726,8.0444,18167
16750,8.0444,18167
16759,8.0444,18167
16900,8.0444,18167
17369,8.0444,18167
17383,8.0444,18167
17406,8.0444,18167
17455,8.0444,18167
17469,8.0444,18167
17487,8.0444,18167
17505,8.0444,18167
17578,8.0444,18167
17658,8.0444,18167
17663,8.0444,18167
18053,8.0444,18167
18161,8.0444,18167
18162,8.0444,18167
18169,8.0444,18167
18174,8.0444,18167
18313,8.0444,18167
18315,8.0444,18167
18316,8.0444,18167
18328,8.0444,18167
19039,8.0444,18167
19872,8.0444,18167
19873,8.0444,18167
19905,8.0444,18167
20380,8.0444,18167
20403,8.0444,18167
20734,8.0444,18167
20760,8.0444,18167
20986,8.0444,18167
21239,8.0444,18167
21364,8.0444,18167
21365,8.0444,18167
21367,8.0444,18167
21371,8.0444,18167
21374,8.0444,18167
21441,8.0444,18167
21489,8.0444,18167
21490,8.0444,18167
21494,8.0444,18167
21631,8.0444,18167
21682,8.0444,18167
21752,8.0444,18167
21764,8.0444,18167
21925,8.0444,18167
22019,8.0444,18167
22059,8.0444,18167
22278,8.0444,18167
22359,8.0444,18167
22739,8.0444,18167
22965,8.0444,18167
22973,8.0444,18167
22974,8.0444,18167
22983,8.0444,18167
23009,8.0444,18167
23022,8.0444,18167
23077,8.0444,18167
23079,8.0444,18167
23085,8.0444,18167
23096,8.0444,18167
23236,8.0444,18167
23290,8.0444,18167
23305,8.0444,18167
23362,8.0444,18167
23449,8.0444,18167
23503,8.0444,18167
23557,8.0444,18167
23591,8.0444,18167
24096,8.0444,18167
24118,8.0444,18167
24123,8.0444,18167
24142,8.0444,18167
24149,8.0444,18167
24185,8.0444,18167
24229,8.0444,18167
24306,8.0444,18167
24479,8.0444,18167
24525,8.0444,18167
24693,8.0444,18167
24713,8.0444,18167
24733,8.0444,18167
24773,8.0444,18167
24892,8.0444,18167
24898,8.0444,18167
24939,8.0444,18167
25055,8.0444,18167
25056,8.0444,18167
25058,8.0444,18167
25117,8.0444,18167
25118,8.0444,18167
25130,8.0444,18167
25135,8.0444,18167
25137,8.0444,18167
25157,8.0444,18167
25224,8.0444,18167
25233,8.0444,18167
25238,8.0444,18167
25239,8.0444,18167
25314,8.0444,18167
25322,8.0444,18167
25331,8.0444,18167
25483,8.0444,18167
25490,8.0444,18167
25491,8.0444,18167
25513,8.0444,18167
25514,8.0444,18167
25527,8.0444,18167
25549,8.0444,18167
25554,8.0444,18167
25672,8.0444,18167
25673,8.0444,18167
25816,8.0444,18167
25817,8.0444,18167
26032,8.0444,18167
26074,8.0444,18167
26077,8.0444,18167
26100,8.0444,18167
26693,8.0444,18167
26700,8.0444,18167
26706,8.0444,18167
27024,8.0444,18167
27032,8.0444,18167
27035,8.0444,18167
27036,8.0444,18167
27038,8.0444,18167
27040,8.0444,18167
27041,8.0444,18167
27100,8.0444,18167
27111,8.0444,18167
27163,8.0444,18167
27174,8.0444,18167
27187,8.0444,18167
27210,8.0444,18167
27213,8.0444,18167
27300,8.0444,18167
27332,8.0444,18167
27454,8.0444,18167
27607,8.0444,18167
27716,8.0444,18167
27921,8.0444,18167
27931,8.0444,18167
27960,8.0444,18167
27962,8.0444,18167
27963,8.0444,18167
27988,8.0444,18167
27994,8.0444,18167
28004,8.0444,18167
28005,8.0444,18167
28006,8.0444,18167
28008,8.0444,18167
28009,8.0444,18167
28011,8.0444,18167
28012,8.0444,18167
28019,8.0444,18167
28026,8.0444,18167
28073,8.0444,18167
28087,8.0444,18167
28104,8.0444,18167
28105,8.0444,18167
28137,8.0444,18167
28138,8.0444,18167
28157,8.0444,18167
28175,8.0444,18167
28216,8.0444,18167
28239,8.0444,18167
28242,8.0444,18167
28245,8.0444,18167
28258,8.0444,18167
28260,8.0444,18167
28262,8.0444,18167
28279,8.0444,18167
28281,8.0444,18167
28360,8.0444,18167
28577,8.0444,18167
28579,8.0444,18167
28882,8.0444,18167
28909,8.0444,18167
28920,8.0444,18167
28925,8.0444,18167
28926,8.0444,18167
28929,8.0444,18167
28936,8.0444,18167
28937,8.0444,18167
29000,8.0444,18167
29028,8.0444,18167
29101,8.0444,18167
29130,8.0444,18167
16435,6.9394,18459
17112,6.9394,18459
17821,6.9394,18459
19468,6.9394,18459
19485,6.9394,18459
19487,6.9394,18459
19491,6.9394,18459
19492,6.9394,18459
19494,6.9394,18459
19507,6.9394,18459
19508,6.9394,18459
19515,6.9394,18459
20148,6.9394,18459
20177,6.9394,18459
20802,6.9394,18459
20810,6.9394,18459
20899,6.9394,18459
20919,6.9394,18459
20920,6.9394,18459
20960,6.9394,18459
20962,6.9394,18459
22565,6.9394,18459
22700,6.9394,18459
22866,6.9394,18459
23446,6.9394,18459
23447,6.9394,18459
23600,6.9394,18459
23601,6.9394,18459
23755,6.9394,18459
23910,6.9394,18459
23914,6.9394,18459
23942,6.9394,18459
23979,6.9394,18459
24072,6.9394,18459
24088,6.9394,18459
24097,6.9394,18459
24137,6.9394,18459
24143,6.9394,18459
24156,6.9394,18459
24181,6.9394,18459
24544,6.9394,18459
24556,6.9394,18459
24559,6.9394,18459
24563,6.9394,18459
24567,6.9394,18459
25026,6.9394,18459
25315,6.9394,18459
25325,6.9394,18459
25628,6.9394,18459
25686,6.9394,18459
25689,6.9394,18459
25755,6.9394,18459
25906,6.9394,18459
25907,6.9394,18459
25913,6.9394,18459
25923,6.9394,18459
26182,6.9394,18459
26218,6.9394,18459
26417,6.9394,18459
26558,6.9394,18459
26833,6.9394,18459
26834,6.9394,18459
26887,6.9394,18459
26905,6.9394,18459
26971,6.9394,18459
27151,6.9394,18459
27156,6.9394,18459
27158,6.9394,18459
27218,6.9394,18459
27223,6.9394,18459
27224,6.9394,18459
27308,6.9394,18459
27317,6.9394,18459
27374,6.9394,18459
27375,6.9394,18459
27376,6.9394,18459
27464,6.9394,18459
27727,6.9394,18459
27788,6.9394,18459
27957,6.9394,18459
27964,6.9394,18459
28329,6.9394,18459
28878,6.9394,18459
29038,6.9394,18459
29089,6.9394,18459
29092,6.9394,18459
29105,6.9394,18459
29109,6.9394,18459
29112,6.9394,18459
29134,6.9394,18459
29200,6.9394,18459
12811,5.514,18550
12837,5.514,18550
13786,5.514,18550
13824,5.514,18550
14399,5.514,18550
14404,5.514,18550
14513,5.514,18550
14527,5.514,18550
14528,5.514,18550
14583,5.514,18550
14592,5.514,18550
14607,5.514,18550
14609,5.514,18550
14620,5.514,18550
14628,5.514,18550
14629,5.514,18550
14630,5.514,18550
14689,5.514,18550
14721,5.514,18550
14729,5.514,18550
14762,5.514,18550
14763,5.514,18550
14766,5.514,18550
14788,5.514,18550
14899,5.514,18550
14909,5.514,18550
14920,5.514,18550
14922,5.514,18550
14942,5.514,18550
15164,5.514,18550
15258,5.514,18550
15300,5.514,18550
15315,5.514,18550
15344,5.514,18550
15360,5.514,18550
15381,5.514,18550
15386,5.514,18550
15387,5.514,18550
15400,5.514,18550
15412,5.514,18550
15414,5.514,18550
15416,5.514,18550
15420,5.514,18550
15421,5.514,18550
15423,5.514,18550
15458,5.514,18550
15533,5.514,18550
15550,5.514,18550
15560,5.514,18550
15573,5.514,18550
15680,5.514,18550
15746,5.514,18550
15776,5.514,18550
15818,5.514,18550
15857,5.514,18550
15907,5.514,18550
15956,5.514,18550
15960,5.514,18550
15966,5.514,18550
15967,5.514,18550
15979,5.514,18550
15982,5.514,18550
16003,5.514,18550
16008,5.514,18550
16024,5.514,18550
16039,5.514,18550
16047,5.514,18550
16063,5.514,18550
16084,5.514,18550
16154,5.514,18550
16240,5.514,18550
16245,5.514,18550
16274,5.514,18550
16293,5.514,18550
16299,5.514,18550
16357,5.514,18550
16381,5.514,18550
16499,5.514,18550
16501,5.514,18550
16503,5.514,18550
16644,5.514,18550
16650,5.514,18550
16669,5.514,18550
16671,5.514,18550
16722,5.514,18550
16737,5.514,18550
16757,5.514,18550
16765,5.514,18550
16766,5.514,18550
16768,5.514,18550
16769,5.514,18550
16775,5.514,18550
16815,5.514,18550
16816,5.514,18550
16817,5.514,18550
16842,5.514,18550
16853,5.514,18550
16858,5.514,18550
16860,5.514,18550
16874,5.514,18550
16899,5.514,18550
16903,5.514,18550
16904,5.514,18550
16905,5.514,18550
16917,5.514,18550
16960,5.514,18550
16966,5.514,18550
16978,5.514,18550
16988,5.514,18550
16992,5.514,18550
17014,5.514,18550
17015,5.514,18550
17104,5.514,18550
17111,5.514,18550
17113,5.514,18550
17131,5.514,18550
17132,5.514,18550
17137,5.514,18550
17160,5.514,18550
17165,5.514,18550
17166,5.514,18550
17168,5.514,18550
17169,5.514,18550
17173,5.514,18550
17174,5.514,18550
17265,5.514,18550
17275,5.514,18550
17335,5.514,18550
17339,5.514,18550
17344,5.514,18550
17357,5.514,18550
17368,5.514,18550
17376,5.514,18550
17377,5.514,18550
17391,5.514,18550
17395,5.514,18550
17408,5.514,18550
17426,5.514,18550
17429,5.514,18550
17430,5.514,18550
17431,5.514,18550
17432,5.514,18550
17434,5.514,18550
17436,5.514,18550
17440,5.514,18550
17449,5.514,18550
17452,5.514,18550
17454,5.514,18550
17456,5.514,18550
17467,5.514,18550
17472,5.514,18550
17473,5.514,18550
17488,5.514,18550
17520,5.514,18550
17523,5.514,18550
17525,5.514,18550
17526,5.514,18550
17532,5.514,18550
17534,5.514,18550
17538,5.514,18550
17541,5.514,18550
17547,5.514,18550
17550,5.514,18550
17556,5.514,18550
17587,5.514,18550
17590,5.514,18550
17602,5.514,18550
17603,5.514,18550
17606,5.514,18550
17616,5.514,18550
17630,5.514,18550
17673,5.514,18550
17683,5.514,18550
17684,5.514,18550
17685,5.514,18550
17688,5.514,18550
17689,5.514,18550
17694,5.514,18550
17697,5.514,18550
18061,5.514,18550
18069,5.514,18550
18070,5.514,18550
18072,5.514,18550
18099,5.514,18550
18102,5.514,18550
18106,5.514,18550
18111,5.514,18550
18123,5.514,18550
18153,5.514,18550
18179,5.514,18550
18182,5.514,18550
18230,5.514,18550
18385,5.514,18550
18387,5.514,18550
18397,5.514,18550
18402,5.514,18550
18404,5.514,18550
18405,5.514,18550
18421,5.514,18550
18423,5.514,18550
18424,5.514,18550
18425,5.514,18550
18434,5.514,18550
18453,5.514,18550
18499,5.514,18550
18510,5.514,18550
18531,5.514,18550
18552,5.514,18550
18555,5.514,18550
18569,5.514,18550
18657,5.514,18550
18661,5.514,18550
18668,5.514,18550
18750,5.514,18550
18779,5.514,18550
19210,5.514,18550
19214,5.514,18550
19317,5.514,18550
19327,5.514,18550
19351,5.514,18550
19363,5.514,18550
19370,5.514,18550
19390,5.514,18550
19404,5.514,18550
19431,5.514,18550
19463,5.514,18550
19465,5.514,18550
19638,5.514,18550
19644,5.514,18550
19748,5.514,18550
19753,5.514,18550
19919,5.514,18550
19927,5.514,18550
19928,5.514,18550
19933,5.514,18550
19938,5.514,18550
20079,5.514,18550
20088,5.514,18550
20089,5.514,18550
20099,5.514,18550
20130,5.514,18550
20189,5.514,18550
20269,5.514,18550
20277,5.514,18550
20312,5.514,18550
20402,5.514,18550
20407,5.514,18550
20419,5.514,18550
20967,5.514,18550
20978,5.514,18550
21010,5.514,18550
21032,5.514,18550
21076,5.514,18550
21114,5.514,18550
21115,5.514,18550
21128,5.514,18550
21263,5.514,18550
21277,5.514,18550
21279,5.514,18550
21306,5.514,18550
21347,5.514,18550
21363,5.514,18550
21376,5.514,18550
21546,5.514,18550
21674,5.514,18550
21725,5.514,18550
21823,5.514,18550
21825,5.514,18550
21836,5.514,18550
21838,5.514,18550
21845,5.514,18550
21850,5.514,18550
21851,5.514,18550
21852,5.514,18550
21859,5.514,18550
21860,5.514,18550
21866,5.514,18550
21868,5.514,18550
21869,5.514,18550
22015,5.514,18550
22380,5.514,18550
22382,5.514,18550
22386,5.514,18550
22387,5.514,18550
22457,5.514,18550
22488,5.514,18550
22491,5.514,18550
22493,5.514,18550
22494,5.514,18550
22516,5.514,18550
22521,5.514,18550
22530,5.514,18550
22532,5.514,18550
22554,5.514,18550
22557,5.514,18550
22558,5.514,18550
22559,5.514,18550
22589,5.514,18550
22662,5.514,18550
22730,5.514,18550
22755,5.514,18550
22772,5.514,18550
22801,5.514,18550
22802,5.514,18550
22814,5.514,18550
22829,5.514,18550
22856,5.514,18550
22858,5.514,18550
22859,5.514,18550
22917,5.514,18550
22918,5.514,18550
22960,5.514,18550
23012,5.514,18550
23070,5.514,18550
23095,5.514,18550
23129,5.514,18550
23308,5.514,18550
23345,5.514,18550
23346,5.514,18550
23347,5.514,18550
23363,5.514,18550
23368,5.514,18550
23427,5.514,18550
23430,5.514,18550
23437,5.514,18550
23442,5.514,18550
23476,5.514,18550
23488,5.514,18550
23498,5.514,18550
23518,5.514,18550
23535,5.514,18550
23553,5.514,18550
23554,5.514,18550
23562,5.514,18550
23643,5.514,18550
23657,5.514,18550
23673,5.514,18550
23676,5.514,18550
23770,5.514,18550
23892,5.514,18550
23935,5.514,18550
23945,5.514,18550
23967,5.514,18550
23976,5.514,18550
24045,5.514,18550
24064,5.514,18550
24109,5.514,18550
24111,5.514,18550
24122,5.514,18550
24132,5.514,18550
24134,5.514,18550
24152,5.514,18550
24207,5.514,18550
24218,5.514,18550
24240,5.514,18550
24258,5.514,18550
24369,5.514,18550
24376,5.514,18550
24380,5.514,18550
24415,5.514,18550
24464,5.514,18550
24471,5.514,18550
24487,5.514,18550
24489,5.514,18550
24566,5.514,18550
24575,5.514,18550
24593,5.514,18550
24600,5.514,18550
24607,5.514,18550
24630,5.514,18550
24649,5.514,18550
24703,5.514,18550
24731,5.514,18550
24744,5.514,18550
24763,5.514,18550
24805,5.514,18550
24816,5.514,18550
24825,5.514,18550
24857,5.514,18550
24881,5.514,18550
24891,5.514,18550
24894,5.514,18550
24895,5.514,18550
24897,5.514,18550
24967,5.514,18550
24986,5.514,18550
24995,5.514,18550
25002,5.514,18550
25016,5.514,18550
25109,5.514,18550
25131,5.514,18550
25132,5.514,18550
25141,5.514,18550
25241,5.514,18550
25247,5.514,18550
25298,5.514,18550
25299,5.514,18550
25316,5.514,18550
25327,5.514,18550
25340,5.514,18550
25349,5.514,18550
25367,5.514,18550
25433,5.514,18550
25456,5.514,18550
25466,5.514,18550
25473,5.514,18550
25476,5.514,18550
25507,5.514,18550
25534,5.514,18550
25648,5.514,18550
25665,5.514,18550
25783,5.514,18550
25784,5.514,18550
25785,5.514,18550
25801,5.514,18550
25804,5.514,18550
25825,5.514,18550
26026,5.514,18550
26051,5.514,18550
26173,5.514,18550
26176,5.514,18550
26180,5.514,18550
26226,5.514,18550
26232,5.514,18550
26270,5.514,18550
26350,5.514,18550
26387,5.514,18550
26449,5.514,18550
26488,5.514,18550
26678,5.514,18550
26730,5.514,18550
26802,5.514,18550
26806,5.514,18550
27019,5.514,18550
27022,5.514,18550
27031,5.514,18550
27034,5.514,18550
27039,5.514,18550
27049,5.514,18550
27061,5.514,18550
27110,5.514,18550
27188,5.514,18550
27204,5.514,18550
27207,5.514,18550
27334,5.514,18550
27414,5.514,18550
27591,5.514,18550
27592,5.514,18550
27628,5.514,18550
27703,5.514,18550
27807,5.514,18550
27836,5.514,18550
27913,5.514,18550
27926,5.514,18550
27934,5.514,18550
27947,5.514,18550
27950,5.514,18550
27979,5.514,18550
27995,5.514,18550
27997,5.514,18550
28003,5.514,18550
28085,5.514,18550
28123,5.514,18550
28125,5.514,18550
28127,5.514,18550
28151,5.514,18550
28248,5.514,18550
28251,5.514,18550
28252,5.514,18550
28266,5.514,18550
28274,5.514,18550
28277,5.514,18550
28280,5.514,18550
28282,5.514,18550
28286,5.514,18550
28306,5.514,18550
28310,5.514,18550
28328,5.514,18550
28345,5.514,18550
28358,5.514,18550
28533,5.514,18550
28768,5.514,18550
28874,5.514,18550
28906,5.514,18550
28911,5.514,18550
28919,5.514,18550
28924,5.514,18550
28999,5.514,18550
29003,5.514,18550
29039,5.514,18550
29230,5.514,18550
29267,5.514,18550
29287,5.514,18550
29290,5.514,18550
17649,4.409,19044
17818,4.409,19044
17819,4.409,19044
17820,4.409,19044
19481,4.409,19044
19516,4.409,19044
20141,4.409,19044
20142,4.409,19044
20146,4.409,19044
20178,4.409,19044
20795,4.409,19044
20840,4.409,19044
20942,4.409,19044
20948,4.409,19044
20956,4.409,19044
20961,4.409,19044
22568,4.409,19044
22660,4.409,19044
22710,4.409,19044
22805,4.409,19044
23604,4.409,19044
23611,4.409,19044
23623,4.409,19044
23634,4.409,19044
23912,4.409,19044
23916,4.409,19044
23953,4.409,19044
24078,4.409,19044
24108,4.409,19044
24120,4.409,19044
24129,4.409,19044
24150,4.409,19044
24535,4.409,19044
24538,4.409,19044
24553,4.409,19044
24561,4.409,19044
24562,4.409,19044
24572,4.409,19044
24691,4.409,19044
25313,4.409,19044
25477,4.409,19044
25544,4.409,19044
25547,4.409,19044
25753,4.409,19044
26820,4.409,19044
26863,4.409,19044
26901,4.409,19044
26911,4.409,19044
27164,4.409,19044
27165,4.409,19044
27221,4.409,19044
27331,4.409,19044
27730,4.409,19044
27806,4.409,19044
27927,4.409,19044
27929,4.409,19044
27989,4.409,19044
29051,4.409,19044
29061,4.409,19044
29076,4.409,19044
29083,4.409,19044
29131,4.409,19044
29153,4.409,19044
29269,4.409,19044
27991,2.5305,19108
27992,2.5305,19108
27993,2.5305,19108
28016,2.5305,19108
28093,2.5305,19108
28094,2.5305,19108
28095,2.5305,19108
28300,2.5305,19108
28776,2.5305,19108
28781,2.5305,19108
28968,2.5305,19108
30078,1.5183,19119
